video_path,category,actual_label,predicted_label,prediction_probability,evidence_type,feature,feature_family,feature_value,shap_value,direction
Dataset\Video\original\044.mp4,original,REAL,FAKE,0.9977,Top FAKE Evidence,v_hist_6_std,Color (HSV),0.05437,2.370379,Pushes FAKE
Dataset\Video\original\044.mp4,original,REAL,FAKE,0.9977,Top FAKE Evidence,h_hist_1_min,Color (HSV),0.437241,0.993434,Pushes FAKE
Dataset\Video\original\044.mp4,original,REAL,FAKE,0.9977,Top FAKE Evidence,v_hist_5_mean,Color (HSV),0.441307,0.771673,Pushes FAKE
Dataset\Video\original\044.mp4,original,REAL,FAKE,0.9977,Top FAKE Evidence,v_hist_5_std,Color (HSV),0.040309,0.760774,Pushes FAKE
Dataset\Video\original\044.mp4,original,REAL,FAKE,0.9977,Top FAKE Evidence,v_hist_5_max,Color (HSV),0.513123,0.747947,Pushes FAKE
Dataset\Video\original\044.mp4,original,REAL,FAKE,0.9977,Top FAKE Evidence,lbp_hist_0_std,Texture (LBP & Gray),0.000485,0.481186,Pushes FAKE
Dataset\Video\original\044.mp4,original,REAL,FAKE,0.9977,Top FAKE Evidence,edge_std_mean,Edge (Canny),60.367091,0.471475,Pushes FAKE
Dataset\Video\original\044.mp4,original,REAL,FAKE,0.9977,Top FAKE Evidence,s_hist_5_std,Color (HSV),0.019851,0.464071,Pushes FAKE
Dataset\Video\original\044.mp4,original,REAL,FAKE,0.9977,Top FAKE Evidence,h_hist_1_mean,Color (HSV),0.506712,0.435237,Pushes FAKE
Dataset\Video\original\044.mp4,original,REAL,FAKE,0.9977,Top FAKE Evidence,v_hist_5_min,Color (HSV),0.37999,0.431468,Pushes FAKE
Dataset\Video\original\044.mp4,original,REAL,FAKE,0.9977,Top REAL Evidence,s_hist_5_mean,Color (HSV),0.280212,-0.893679,Pushes REAL
Dataset\Video\original\044.mp4,original,REAL,FAKE,0.9977,Top REAL Evidence,s_hist_5_min,Color (HSV),0.228027,-0.792701,Pushes REAL
Dataset\Video\original\044.mp4,original,REAL,FAKE,0.9977,Top REAL Evidence,glcm_correlation_max,Texture (GLCM),0.980651,-0.488398,Pushes REAL
Dataset\Video\original\044.mp4,original,REAL,FAKE,0.9977,Top REAL Evidence,s_hist_5_max,Color (HSV),0.2957,-0.462692,Pushes REAL
Dataset\Video\original\044.mp4,original,REAL,FAKE,0.9977,Top REAL Evidence,h_mean_min,Color (HSV),45.829147,-0.460279,Pushes REAL
Dataset\Video\original\044.mp4,original,REAL,FAKE,0.9977,Top REAL Evidence,glcm_energy_max,Texture (GLCM),0.225526,-0.4532,Pushes REAL
Dataset\Video\original\044.mp4,original,REAL,FAKE,0.9977,Top REAL Evidence,lbp_hist_9_min,Texture (LBP & Gray),0.044739,-0.451845,Pushes REAL
Dataset\Video\original\044.mp4,original,REAL,FAKE,0.9977,Top REAL Evidence,glcm_dissimilarity_std,Texture (GLCM),0.045412,-0.428648,Pushes REAL
Dataset\Video\original\044.mp4,original,REAL,FAKE,0.9977,Top REAL Evidence,lbp_hist_9_mean,Texture (LBP & Gray),0.048161,-0.42828,Pushes REAL
Dataset\Video\original\044.mp4,original,REAL,FAKE,0.9977,Top REAL Evidence,s_hist_4_std,Color (HSV),0.013591,-0.418282,Pushes REAL
Dataset\Video\original\046.mp4,original,REAL,FAKE,0.6483,Top FAKE Evidence,lbp_hist_5_min,Texture (LBP & Gray),0.250137,0.855992,Pushes FAKE
Dataset\Video\original\046.mp4,original,REAL,FAKE,0.6483,Top FAKE Evidence,v_hist_5_mean,Color (HSV),0.38835,0.639383,Pushes FAKE
Dataset\Video\original\046.mp4,original,REAL,FAKE,0.6483,Top FAKE Evidence,h_hist_7_std,Color (HSV),0.024002,0.625785,Pushes FAKE
Dataset\Video\original\046.mp4,original,REAL,FAKE,0.6483,Top FAKE Evidence,edge_std_mean,Edge (Canny),56.851679,0.605218,Pushes FAKE
Dataset\Video\original\046.mp4,original,REAL,FAKE,0.6483,Top FAKE Evidence,v_hist_5_max,Color (HSV),0.396286,0.509747,Pushes FAKE
Dataset\Video\original\046.mp4,original,REAL,FAKE,0.6483,Top FAKE Evidence,gray_mean_min,Texture (LBP & Gray),145.379944,0.494223,Pushes FAKE
Dataset\Video\original\046.mp4,original,REAL,FAKE,0.6483,Top FAKE Evidence,s_hist_3_mean,Color (HSV),0.022131,0.483463,Pushes FAKE
Dataset\Video\original\046.mp4,original,REAL,FAKE,0.6483,Top FAKE Evidence,h_std_max,Color (HSV),73.22404,0.464809,Pushes FAKE
Dataset\Video\original\046.mp4,original,REAL,FAKE,0.6483,Top FAKE Evidence,v_mean_min,Color (HSV),157.387207,0.421281,Pushes FAKE
Dataset\Video\original\046.mp4,original,REAL,FAKE,0.6483,Top FAKE Evidence,s_hist_6_min,Color (HSV),0.0,0.420662,Pushes FAKE
Dataset\Video\original\046.mp4,original,REAL,FAKE,0.6483,Top REAL Evidence,h_std_mean,Color (HSV),72.389003,-1.049047,Pushes REAL
Dataset\Video\original\046.mp4,original,REAL,FAKE,0.6483,Top REAL Evidence,h_hist_7_min,Color (HSV),0.288788,-0.825576,Pushes REAL
Dataset\Video\original\046.mp4,original,REAL,FAKE,0.6483,Top REAL Evidence,s_std_mean,Color (HSV),23.869918,-0.812751,Pushes REAL
Dataset\Video\original\046.mp4,original,REAL,FAKE,0.6483,Top REAL Evidence,lbp_hist_9_min,Texture (LBP & Gray),0.035965,-0.709565,Pushes REAL
Dataset\Video\original\046.mp4,original,REAL,FAKE,0.6483,Top REAL Evidence,s_std_max,Color (HSV),26.069559,-0.694338,Pushes REAL
Dataset\Video\original\046.mp4,original,REAL,FAKE,0.6483,Top REAL Evidence,lbp_hist_5_mean,Texture (LBP & Gray),0.25995,-0.681869,Pushes REAL
Dataset\Video\original\046.mp4,original,REAL,FAKE,0.6483,Top REAL Evidence,lbp_hist_7_std,Texture (LBP & Gray),0.003795,-0.649174,Pushes REAL
Dataset\Video\original\046.mp4,original,REAL,FAKE,0.6483,Top REAL Evidence,v_hist_6_min,Color (HSV),0.235703,-0.62673,Pushes REAL
Dataset\Video\original\046.mp4,original,REAL,FAKE,0.6483,Top REAL Evidence,lbp_hist_2_max,Texture (LBP & Gray),0.014053,-0.621193,Pushes REAL
Dataset\Video\original\046.mp4,original,REAL,FAKE,0.6483,Top REAL Evidence,glcm_dissimilarity_std,Texture (GLCM),0.026321,-0.575104,Pushes REAL
Dataset\Video\original\163.mp4,original,REAL,REAL,0.8194,Top FAKE Evidence,lbp_hist_5_min,Texture (LBP & Gray),0.25914,1.031922,Pushes FAKE
Dataset\Video\original\163.mp4,original,REAL,REAL,0.8194,Top FAKE Evidence,v_hist_2_min,Color (HSV),0.208832,0.625806,Pushes FAKE
Dataset\Video\original\163.mp4,original,REAL,REAL,0.8194,Top FAKE Evidence,h_mean_min,Color (HSV),100.649841,0.511105,Pushes FAKE
Dataset\Video\original\163.mp4,original,REAL,REAL,0.8194,Top FAKE Evidence,v_hist_1_min,Color (HSV),0.243774,0.488976,Pushes FAKE
Dataset\Video\original\163.mp4,original,REAL,REAL,0.8194,Top FAKE Evidence,lbp_hist_1_max,Texture (LBP & Gray),0.036514,0.461823,Pushes FAKE
Dataset\Video\original\163.mp4,original,REAL,REAL,0.8194,Top FAKE Evidence,lbp_hist_0_std,Texture (LBP & Gray),0.00061,0.391462,Pushes FAKE
Dataset\Video\original\163.mp4,original,REAL,REAL,0.8194,Top FAKE Evidence,glcm_energy_max,Texture (GLCM),0.113854,0.353129,Pushes FAKE
Dataset\Video\original\163.mp4,original,REAL,REAL,0.8194,Top FAKE Evidence,s_hist_3_min,Color (HSV),0.202225,0.352599,Pushes FAKE
Dataset\Video\original\163.mp4,original,REAL,REAL,0.8194,Top FAKE Evidence,v_hist_4_mean,Color (HSV),0.050862,0.335803,Pushes FAKE
Dataset\Video\original\163.mp4,original,REAL,REAL,0.8194,Top FAKE Evidence,v_hist_2_max,Color (HSV),0.217941,0.308966,Pushes FAKE
Dataset\Video\original\163.mp4,original,REAL,REAL,0.8194,Top REAL Evidence,lbp_hist_5_mean,Texture (LBP & Gray),0.26572,-0.774768,Pushes REAL
Dataset\Video\original\163.mp4,original,REAL,REAL,0.8194,Top REAL Evidence,dct_high_energy_std,Frequency (DCT),40.482345,-0.676396,Pushes REAL
Dataset\Video\original\163.mp4,original,REAL,REAL,0.8194,Top REAL Evidence,lbp_hist_9_min,Texture (LBP & Gray),0.042511,-0.517283,Pushes REAL
Dataset\Video\original\163.mp4,original,REAL,REAL,0.8194,Top REAL Evidence,lbp_hist_7_mean,Texture (LBP & Gray),0.049803,-0.481635,Pushes REAL
Dataset\Video\original\163.mp4,original,REAL,REAL,0.8194,Top REAL Evidence,glcm_correlation_std,Texture (GLCM),0.0094,-0.476335,Pushes REAL
Dataset\Video\original\163.mp4,original,REAL,REAL,0.8194,Top REAL Evidence,lbp_hist_9_mean,Texture (LBP & Gray),0.04729,-0.4486,Pushes REAL
Dataset\Video\original\163.mp4,original,REAL,REAL,0.8194,Top REAL Evidence,v_hist_2_mean,Color (HSV),0.212898,-0.439635,Pushes REAL
Dataset\Video\original\163.mp4,original,REAL,REAL,0.8194,Top REAL Evidence,lbp_hist_2_max,Texture (LBP & Gray),0.0168,-0.438671,Pushes REAL
Dataset\Video\original\163.mp4,original,REAL,REAL,0.8194,Top REAL Evidence,s_hist_3_mean,Color (HSV),0.207799,-0.426866,Pushes REAL
Dataset\Video\original\163.mp4,original,REAL,REAL,0.8194,Top REAL Evidence,dct_high_low_ratio_std,Frequency (DCT),4.2e-05,-0.415026,Pushes REAL
Dataset\Video\original\284.mp4,original,REAL,FAKE,0.7954,Top FAKE Evidence,lbp_hist_5_min,Texture (LBP & Gray),0.287857,1.593109,Pushes FAKE
Dataset\Video\original\284.mp4,original,REAL,FAKE,0.7954,Top FAKE Evidence,h_std_mean,Color (HSV),21.338698,1.146517,Pushes FAKE
Dataset\Video\original\284.mp4,original,REAL,FAKE,0.7954,Top FAKE Evidence,v_hist_2_min,Color (HSV),0.259232,0.925748,Pushes FAKE
Dataset\Video\original\284.mp4,original,REAL,FAKE,0.7954,Top FAKE Evidence,s_hist_3_min,Color (HSV),0.287857,0.678173,Pushes FAKE
Dataset\Video\original\284.mp4,original,REAL,FAKE,0.7954,Top FAKE Evidence,h_hist_0_min,Color (HSV),0.900238,0.648095,Pushes FAKE
Dataset\Video\original\284.mp4,original,REAL,FAKE,0.7954,Top FAKE Evidence,edge_std_mean,Edge (Canny),56.973029,0.600601,Pushes FAKE
Dataset\Video\original\284.mp4,original,REAL,FAKE,0.7954,Top FAKE Evidence,v_hist_2_max,Color (HSV),0.293884,0.591934,Pushes FAKE
Dataset\Video\original\284.mp4,original,REAL,FAKE,0.7954,Top FAKE Evidence,lbp_hist_1_max,Texture (LBP & Gray),0.033859,0.548448,Pushes FAKE
Dataset\Video\original\284.mp4,original,REAL,FAKE,0.7954,Top FAKE Evidence,lbp_hist_4_max,Texture (LBP & Gray),0.328384,0.518806,Pushes FAKE
Dataset\Video\original\284.mp4,original,REAL,FAKE,0.7954,Top FAKE Evidence,s_hist_3_max,Color (HSV),0.334839,0.493948,Pushes FAKE
Dataset\Video\original\284.mp4,original,REAL,FAKE,0.7954,Top REAL Evidence,lbp_hist_5_mean,Texture (LBP & Gray),0.29565,-1.256706,Pushes REAL
Dataset\Video\original\284.mp4,original,REAL,FAKE,0.7954,Top REAL Evidence,h_mean_min,Color (HSV),16.639999,-0.97749,Pushes REAL
Dataset\Video\original\284.mp4,original,REAL,FAKE,0.7954,Top REAL Evidence,s_hist_3_mean,Color (HSV),0.308873,-0.922434,Pushes REAL
Dataset\Video\original\284.mp4,original,REAL,FAKE,0.7954,Top REAL Evidence,s_hist_2_mean,Color (HSV),0.285701,-0.862785,Pushes REAL
Dataset\Video\original\284.mp4,original,REAL,FAKE,0.7954,Top REAL Evidence,lbp_hist_9_min,Texture (LBP & Gray),0.033798,-0.773211,Pushes REAL
Dataset\Video\original\284.mp4,original,REAL,FAKE,0.7954,Top REAL Evidence,v_hist_2_mean,Color (HSV),0.276367,-0.735535,Pushes REAL
Dataset\Video\original\284.mp4,original,REAL,FAKE,0.7954,Top REAL Evidence,lbp_hist_9_mean,Texture (LBP & Gray),0.035985,-0.712272,Pushes REAL
Dataset\Video\original\284.mp4,original,REAL,FAKE,0.7954,Top REAL Evidence,lbp_hist_5_max,Texture (LBP & Gray),0.30275,-0.496855,Pushes REAL
Dataset\Video\original\284.mp4,original,REAL,FAKE,0.7954,Top REAL Evidence,h_mean_max,Color (HSV),19.87915,-0.475735,Pushes REAL
Dataset\Video\original\284.mp4,original,REAL,FAKE,0.7954,Top REAL Evidence,lbp_hist_9_max,Texture (LBP & Gray),0.03833,-0.471824,Pushes REAL
Dataset\Video\original\352.mp4,original,REAL,FAKE,0.8499,Top FAKE Evidence,lbp_hist_3_max,Texture (LBP & Gray),0.127472,0.834871,Pushes FAKE
Dataset\Video\original\352.mp4,original,REAL,FAKE,0.8499,Top FAKE Evidence,lbp_hist_3_mean,Texture (LBP & Gray),0.124304,0.758199,Pushes FAKE
Dataset\Video\original\352.mp4,original,REAL,FAKE,0.8499,Top FAKE Evidence,h_hist_7_std,Color (HSV),0.02456,0.649268,Pushes FAKE
Dataset\Video\original\352.mp4,original,REAL,FAKE,0.8499,Top FAKE Evidence,glcm_energy_max,Texture (GLCM),0.080039,0.597291,Pushes FAKE
Dataset\Video\original\352.mp4,original,REAL,FAKE,0.8499,Top FAKE Evidence,v_hist_6_std,Color (HSV),0.017775,0.550587,Pushes FAKE
Dataset\Video\original\352.mp4,original,REAL,FAKE,0.8499,Top FAKE Evidence,lbp_hist_8_min,Texture (LBP & Gray),0.080734,0.520968,Pushes FAKE
Dataset\Video\original\352.mp4,original,REAL,FAKE,0.8499,Top FAKE Evidence,s_std_std,Color (HSV),4.140807,0.422314,Pushes FAKE
Dataset\Video\original\352.mp4,original,REAL,FAKE,0.8499,Top FAKE Evidence,v_hist_1_std,Color (HSV),0.039761,0.419254,Pushes FAKE
Dataset\Video\original\352.mp4,original,REAL,FAKE,0.8499,Top FAKE Evidence,lbp_hist_2_max,Texture (LBP & Gray),0.029373,0.396874,Pushes FAKE
Dataset\Video\original\352.mp4,original,REAL,FAKE,0.8499,Top FAKE Evidence,lbp_hist_4_max,Texture (LBP & Gray),0.299072,0.386504,Pushes FAKE
Dataset\Video\original\352.mp4,original,REAL,FAKE,0.8499,Top REAL Evidence,lbp_hist_6_min,Texture (LBP & Gray),0.063934,-0.94603,Pushes REAL
Dataset\Video\original\352.mp4,original,REAL,FAKE,0.8499,Top REAL Evidence,h_mean_std,Color (HSV),6.837938,-0.858245,Pushes REAL
Dataset\Video\original\352.mp4,original,REAL,FAKE,0.8499,Top REAL Evidence,lbp_hist_6_max,Texture (LBP & Gray),0.068268,-0.641523,Pushes REAL
Dataset\Video\original\352.mp4,original,REAL,FAKE,0.8499,Top REAL Evidence,h_hist_2_std,Color (HSV),0.018794,-0.498577,Pushes REAL
Dataset\Video\original\352.mp4,original,REAL,FAKE,0.8499,Top REAL Evidence,glcm_energy_mean,Texture (GLCM),0.076256,-0.412364,Pushes REAL
Dataset\Video\original\352.mp4,original,REAL,FAKE,0.8499,Top REAL Evidence,v_hist_0_min,Color (HSV),0.03952,-0.403129,Pushes REAL
Dataset\Video\original\352.mp4,original,REAL,FAKE,0.8499,Top REAL Evidence,v_hist_2_mean,Color (HSV),0.181903,-0.295132,Pushes REAL
Dataset\Video\original\352.mp4,original,REAL,FAKE,0.8499,Top REAL Evidence,h_std_mean,Color (HSV),54.220092,-0.267641,Pushes REAL
Dataset\Video\original\352.mp4,original,REAL,FAKE,0.8499,Top REAL Evidence,s_hist_2_mean,Color (HSV),0.178444,-0.255662,Pushes REAL
Dataset\Video\original\352.mp4,original,REAL,FAKE,0.8499,Top REAL Evidence,h_mean_min,Color (HSV),57.727753,-0.249444,Pushes REAL
Dataset\Video\original\367.mp4,original,REAL,REAL,0.7801,Top FAKE Evidence,lbp_hist_5_min,Texture (LBP & Gray),0.253326,0.918313,Pushes FAKE
Dataset\Video\original\367.mp4,original,REAL,REAL,0.7801,Top FAKE Evidence,lbp_hist_7_std,Texture (LBP & Gray),0.000925,0.509476,Pushes FAKE
Dataset\Video\original\367.mp4,original,REAL,REAL,0.7801,Top FAKE Evidence,h_hist_4_max,Color (HSV),0.023529,0.464176,Pushes FAKE
Dataset\Video\original\367.mp4,original,REAL,REAL,0.7801,Top FAKE Evidence,glcm_energy_max,Texture (GLCM),0.10156,0.441902,Pushes FAKE
Dataset\Video\original\367.mp4,original,REAL,REAL,0.7801,Top FAKE Evidence,h_hist_0_min,Color (HSV),0.663177,0.397538,Pushes FAKE
Dataset\Video\original\367.mp4,original,REAL,REAL,0.7801,Top FAKE Evidence,v_mean_min,Color (HSV),152.558182,0.372853,Pushes FAKE
Dataset\Video\original\367.mp4,original,REAL,REAL,0.7801,Top FAKE Evidence,s_mean_mean,Color (HSV),149.73755,0.352804,Pushes FAKE
Dataset\Video\original\367.mp4,original,REAL,REAL,0.7801,Top FAKE Evidence,v_hist_5_mean,Color (HSV),0.266347,0.334612,Pushes FAKE
Dataset\Video\original\367.mp4,original,REAL,REAL,0.7801,Top FAKE Evidence,lbp_hist_8_min,Texture (LBP & Gray),0.126663,0.321352,Pushes FAKE
Dataset\Video\original\367.mp4,original,REAL,REAL,0.7801,Top FAKE Evidence,s_hist_7_mean,Color (HSV),0.231883,0.286734,Pushes FAKE
Dataset\Video\original\367.mp4,original,REAL,REAL,0.7801,Top REAL Evidence,lbp_hist_5_mean,Texture (LBP & Gray),0.266232,-0.783024,Pushes REAL
Dataset\Video\original\367.mp4,original,REAL,REAL,0.7801,Top REAL Evidence,glcm_dissimilarity_std,Texture (GLCM),0.016744,-0.648574,Pushes REAL
Dataset\Video\original\367.mp4,original,REAL,REAL,0.7801,Top REAL Evidence,s_hist_5_min,Color (HSV),0.182175,-0.588446,Pushes REAL
Dataset\Video\original\367.mp4,original,REAL,REAL,0.7801,Top REAL Evidence,s_hist_5_mean,Color (HSV),0.189584,-0.530355,Pushes REAL
Dataset\Video\original\367.mp4,original,REAL,REAL,0.7801,Top REAL Evidence,v_hist_0_min,Color (HSV),0.02182,-0.478089,Pushes REAL
Dataset\Video\original\367.mp4,original,REAL,REAL,0.7801,Top REAL Evidence,h_mean_min,Color (HSV),45.849899,-0.459911,Pushes REAL
Dataset\Video\original\367.mp4,original,REAL,REAL,0.7801,Top REAL Evidence,lbp_hist_6_min,Texture (LBP & Gray),0.055038,-0.395485,Pushes REAL
Dataset\Video\original\367.mp4,original,REAL,REAL,0.7801,Top REAL Evidence,h_std_mean,Color (HSV),56.721813,-0.375235,Pushes REAL
Dataset\Video\original\367.mp4,original,REAL,REAL,0.7801,Top REAL Evidence,s_hist_0_std,Color (HSV),0.001413,-0.364022,Pushes REAL
Dataset\Video\original\367.mp4,original,REAL,REAL,0.7801,Top REAL Evidence,v_hist_1_min,Color (HSV),0.026276,-0.342141,Pushes REAL
Dataset\Video\original\618.mp4,original,REAL,REAL,0.9928,Top FAKE Evidence,lbp_hist_5_min,Texture (LBP & Gray),0.28952,1.625612,Pushes FAKE
Dataset\Video\original\618.mp4,original,REAL,REAL,0.9928,Top FAKE Evidence,lbp_hist_5_std,Texture (LBP & Gray),0.014897,0.714791,Pushes FAKE
Dataset\Video\original\618.mp4,original,REAL,REAL,0.9928,Top FAKE Evidence,edge_std_mean,Edge (Canny),54.439643,0.696983,Pushes FAKE
Dataset\Video\original\618.mp4,original,REAL,REAL,0.9928,Top FAKE Evidence,lbp_hist_3_std,Texture (LBP & Gray),0.005208,0.641728,Pushes FAKE
Dataset\Video\original\618.mp4,original,REAL,REAL,0.9928,Top FAKE Evidence,lbp_hist_4_std,Texture (LBP & Gray),0.015949,0.590269,Pushes FAKE
Dataset\Video\original\618.mp4,original,REAL,REAL,0.9928,Top FAKE Evidence,lbp_hist_6_std,Texture (LBP & Gray),0.002967,0.525585,Pushes FAKE
Dataset\Video\original\618.mp4,original,REAL,REAL,0.9928,Top FAKE Evidence,s_hist_5_std,Color (HSV),0.021815,0.52423,Pushes FAKE
Dataset\Video\original\618.mp4,original,REAL,REAL,0.9928,Top FAKE Evidence,lbp_hist_1_max,Texture (LBP & Gray),0.035614,0.491196,Pushes FAKE
Dataset\Video\original\618.mp4,original,REAL,REAL,0.9928,Top FAKE Evidence,v_hist_3_min,Color (HSV),0.456039,0.480383,Pushes FAKE
Dataset\Video\original\618.mp4,original,REAL,REAL,0.9928,Top FAKE Evidence,s_hist_2_mean,Color (HSV),0.062947,0.398101,Pushes FAKE
Dataset\Video\original\618.mp4,original,REAL,REAL,0.9928,Top REAL Evidence,lbp_hist_5_mean,Texture (LBP & Gray),0.31024,-1.491643,Pushes REAL
Dataset\Video\original\618.mp4,original,REAL,REAL,0.9928,Top REAL Evidence,s_hist_5_min,Color (HSV),0.38237,-1.480235,Pushes REAL
Dataset\Video\original\618.mp4,original,REAL,REAL,0.9928,Top REAL Evidence,s_hist_5_mean,Color (HSV),0.423154,-1.466724,Pushes REAL
Dataset\Video\original\618.mp4,original,REAL,REAL,0.9928,Top REAL Evidence,lbp_hist_5_max,Texture (LBP & Gray),0.344849,-0.796489,Pushes REAL
Dataset\Video\original\618.mp4,original,REAL,REAL,0.9928,Top REAL Evidence,s_hist_5_max,Color (HSV),0.447952,-0.768326,Pushes REAL
Dataset\Video\original\618.mp4,original,REAL,REAL,0.9928,Top REAL Evidence,s_hist_6_min,Color (HSV),0.107864,-0.760149,Pushes REAL
Dataset\Video\original\618.mp4,original,REAL,REAL,0.9928,Top REAL Evidence,h_hist_4_max,Color (HSV),0.611938,-0.593004,Pushes REAL
Dataset\Video\original\618.mp4,original,REAL,REAL,0.9928,Top REAL Evidence,glcm_dissimilarity_std,Texture (GLCM),0.025856,-0.578672,Pushes REAL
Dataset\Video\original\618.mp4,original,REAL,REAL,0.9928,Top REAL Evidence,v_hist_0_min,Color (HSV),0.014206,-0.510334,Pushes REAL
Dataset\Video\original\618.mp4,original,REAL,REAL,0.9928,Top REAL Evidence,lbp_hist_2_max,Texture (LBP & Gray),0.016068,-0.487344,Pushes REAL
Dataset\Video\original\643.mp4,original,REAL,FAKE,0.7654,Top FAKE Evidence,s_std_std,Color (HSV),7.158481,0.999355,Pushes FAKE
Dataset\Video\original\643.mp4,original,REAL,FAKE,0.7654,Top FAKE Evidence,v_hist_1_min,Color (HSV),0.371933,0.978701,Pushes FAKE
Dataset\Video\original\643.mp4,original,REAL,FAKE,0.7654,Top FAKE Evidence,glcm_dissimilarity_std,Texture (GLCM),0.220339,0.913286,Pushes FAKE
Dataset\Video\original\643.mp4,original,REAL,FAKE,0.7654,Top FAKE Evidence,h_hist_7_std,Color (HSV),0.027534,0.774436,Pushes FAKE
Dataset\Video\original\643.mp4,original,REAL,FAKE,0.7654,Top FAKE Evidence,lbp_hist_6_std,Texture (LBP & Gray),0.003387,0.707653,Pushes FAKE
Dataset\Video\original\643.mp4,original,REAL,FAKE,0.7654,Top FAKE Evidence,h_mean_min,Color (HSV),108.488647,0.650003,Pushes FAKE
Dataset\Video\original\643.mp4,original,REAL,FAKE,0.7654,Top FAKE Evidence,edge_std_mean,Edge (Canny),55.676833,0.649914,Pushes FAKE
Dataset\Video\original\643.mp4,original,REAL,FAKE,0.7654,Top FAKE Evidence,lbp_hist_5_min,Texture (LBP & Gray),0.233429,0.529478,Pushes FAKE
Dataset\Video\original\643.mp4,original,REAL,FAKE,0.7654,Top FAKE Evidence,s_hist_3_min,Color (HSV),0.244583,0.513646,Pushes FAKE
Dataset\Video\original\643.mp4,original,REAL,FAKE,0.7654,Top FAKE Evidence,v_hist_5_std,Color (HSV),0.026546,0.428904,Pushes FAKE
Dataset\Video\original\643.mp4,original,REAL,FAKE,0.7654,Top REAL Evidence,s_hist_2_mean,Color (HSV),0.334892,-1.14123,Pushes REAL
Dataset\Video\original\643.mp4,original,REAL,FAKE,0.7654,Top REAL Evidence,glcm_correlation_std,Texture (GLCM),0.016051,-1.058597,Pushes REAL
Dataset\Video\original\643.mp4,original,REAL,FAKE,0.7654,Top REAL Evidence,dct_mid_energy_std,Frequency (DCT),829.003151,-0.763488,Pushes REAL
Dataset\Video\original\643.mp4,original,REAL,FAKE,0.7654,Top REAL Evidence,s_hist_3_mean,Color (HSV),0.269496,-0.729369,Pushes REAL
Dataset\Video\original\643.mp4,original,REAL,FAKE,0.7654,Top REAL Evidence,s_hist_7_std,Color (HSV),0.031538,-0.719113,Pushes REAL
Dataset\Video\original\643.mp4,original,REAL,FAKE,0.7654,Top REAL Evidence,dct_high_low_ratio_std,Frequency (DCT),6.3e-05,-0.701297,Pushes REAL
Dataset\Video\original\643.mp4,original,REAL,FAKE,0.7654,Top REAL Evidence,dct_high_energy_std,Frequency (DCT),40.648663,-0.680356,Pushes REAL
Dataset\Video\original\643.mp4,original,REAL,FAKE,0.7654,Top REAL Evidence,lbp_hist_6_max,Texture (LBP & Gray),0.066849,-0.574836,Pushes REAL
Dataset\Video\original\643.mp4,original,REAL,FAKE,0.7654,Top REAL Evidence,h_std_mean,Color (HSV),61.361871,-0.574793,Pushes REAL
Dataset\Video\original\643.mp4,original,REAL,FAKE,0.7654,Top REAL Evidence,h_hist_7_min,Color (HSV),0.215225,-0.554925,Pushes REAL
Dataset\Video\original\718.mp4,original,REAL,FAKE,0.9395,Top FAKE Evidence,h_hist_7_std,Color (HSV),0.034625,1.072877,Pushes FAKE
Dataset\Video\original\718.mp4,original,REAL,FAKE,0.9395,Top FAKE Evidence,v_hist_6_std,Color (HSV),0.021135,0.717699,Pushes FAKE
Dataset\Video\original\718.mp4,original,REAL,FAKE,0.9395,Top FAKE Evidence,v_hist_5_mean,Color (HSV),0.392444,0.64961,Pushes FAKE
Dataset\Video\original\718.mp4,original,REAL,FAKE,0.9395,Top FAKE Evidence,v_hist_5_max,Color (HSV),0.419098,0.556255,Pushes FAKE
Dataset\Video\original\718.mp4,original,REAL,FAKE,0.9395,Top FAKE Evidence,h_hist_0_min,Color (HSV),0.813095,0.55599,Pushes FAKE
Dataset\Video\original\718.mp4,original,REAL,FAKE,0.9395,Top FAKE Evidence,edge_std_mean,Edge (Canny),58.638435,0.537241,Pushes FAKE
Dataset\Video\original\718.mp4,original,REAL,FAKE,0.9395,Top FAKE Evidence,lbp_hist_4_max,Texture (LBP & Gray),0.327881,0.516533,Pushes FAKE
Dataset\Video\original\718.mp4,original,REAL,FAKE,0.9395,Top FAKE Evidence,h_hist_4_max,Color (HSV),0.002975,0.501105,Pushes FAKE
Dataset\Video\original\718.mp4,original,REAL,FAKE,0.9395,Top FAKE Evidence,lbp_hist_3_max,Texture (LBP & Gray),0.115433,0.497007,Pushes FAKE
Dataset\Video\original\718.mp4,original,REAL,FAKE,0.9395,Top FAKE Evidence,lbp_hist_8_min,Texture (LBP & Gray),0.086578,0.495568,Pushes FAKE
Dataset\Video\original\718.mp4,original,REAL,FAKE,0.9395,Top REAL Evidence,h_mean_min,Color (HSV),20.679962,-0.905905,Pushes REAL
Dataset\Video\original\718.mp4,original,REAL,FAKE,0.9395,Top REAL Evidence,v_hist_4_mean,Color (HSV),0.310251,-0.681902,Pushes REAL
Dataset\Video\original\718.mp4,original,REAL,FAKE,0.9395,Top REAL Evidence,s_std_mean,Color (HSV),31.908638,-0.647407,Pushes REAL
Dataset\Video\original\718.mp4,original,REAL,FAKE,0.9395,Top REAL Evidence,h_mean_std,Color (HSV),5.237557,-0.571695,Pushes REAL
Dataset\Video\original\718.mp4,original,REAL,FAKE,0.9395,Top REAL Evidence,s_std_max,Color (HSV),33.146642,-0.57063,Pushes REAL
Dataset\Video\original\718.mp4,original,REAL,FAKE,0.9395,Top REAL Evidence,v_hist_0_min,Color (HSV),0.0,-0.570495,Pushes REAL
Dataset\Video\original\718.mp4,original,REAL,FAKE,0.9395,Top REAL Evidence,lbp_hist_6_min,Texture (LBP & Gray),0.056091,-0.460644,Pushes REAL
Dataset\Video\original\718.mp4,original,REAL,FAKE,0.9395,Top REAL Evidence,lbp_hist_6_max,Texture (LBP & Gray),0.064163,-0.448634,Pushes REAL
Dataset\Video\original\718.mp4,original,REAL,FAKE,0.9395,Top REAL Evidence,glcm_dissimilarity_std,Texture (GLCM),0.045661,-0.42674,Pushes REAL
Dataset\Video\original\718.mp4,original,REAL,FAKE,0.9395,Top REAL Evidence,s_hist_2_mean,Color (HSV),0.208354,-0.424968,Pushes REAL
Dataset\Video\original\777.mp4,original,REAL,REAL,0.8924,Top FAKE Evidence,s_hist_6_mean,Color (HSV),0.295732,1.030665,Pushes FAKE
Dataset\Video\original\777.mp4,original,REAL,REAL,0.8924,Top FAKE Evidence,lbp_hist_5_min,Texture (LBP & Gray),0.25119,0.876567,Pushes FAKE
Dataset\Video\original\777.mp4,original,REAL,REAL,0.8924,Top FAKE Evidence,edge_std_mean,Edge (Canny),55.222898,0.667184,Pushes FAKE
Dataset\Video\original\777.mp4,original,REAL,REAL,0.8924,Top FAKE Evidence,glcm_dissimilarity_std,Texture (GLCM),0.165228,0.490507,Pushes FAKE
Dataset\Video\original\777.mp4,original,REAL,REAL,0.8924,Top FAKE Evidence,v_hist_4_std,Color (HSV),0.034228,0.433729,Pushes FAKE
Dataset\Video\original\777.mp4,original,REAL,REAL,0.8924,Top FAKE Evidence,h_std_mean,Color (HSV),37.925956,0.433135,Pushes FAKE
Dataset\Video\original\777.mp4,original,REAL,REAL,0.8924,Top FAKE Evidence,h_mean_min,Color (HSV),95.879944,0.426586,Pushes FAKE
Dataset\Video\original\777.mp4,original,REAL,REAL,0.8924,Top FAKE Evidence,lbp_hist_1_max,Texture (LBP & Gray),0.037903,0.41652,Pushes FAKE
Dataset\Video\original\777.mp4,original,REAL,REAL,0.8924,Top FAKE Evidence,s_mean_mean,Color (HSV),151.857959,0.365921,Pushes FAKE
Dataset\Video\original\777.mp4,original,REAL,REAL,0.8924,Top FAKE Evidence,dct_mid_energy_max,Frequency (DCT),1445.092651,0.348497,Pushes FAKE
Dataset\Video\original\777.mp4,original,REAL,REAL,0.8924,Top REAL Evidence,s_hist_6_min,Color (HSV),0.200943,-1.779098,Pushes REAL
Dataset\Video\original\777.mp4,original,REAL,REAL,0.8924,Top REAL Evidence,glcm_correlation_std,Texture (GLCM),0.022263,-1.6025,Pushes REAL
Dataset\Video\original\777.mp4,original,REAL,REAL,0.8924,Top REAL Evidence,s_hist_4_std,Color (HSV),0.020204,-0.785557,Pushes REAL
Dataset\Video\original\777.mp4,original,REAL,REAL,0.8924,Top REAL Evidence,lbp_hist_5_mean,Texture (LBP & Gray),0.260278,-0.687152,Pushes REAL
Dataset\Video\original\777.mp4,original,REAL,REAL,0.8924,Top REAL Evidence,s_hist_6_max,Color (HSV),0.333679,-0.486833,Pushes REAL
Dataset\Video\original\777.mp4,original,REAL,REAL,0.8924,Top REAL Evidence,lbp_hist_2_max,Texture (LBP & Gray),0.016678,-0.446783,Pushes REAL
Dataset\Video\original\777.mp4,original,REAL,REAL,0.8924,Top REAL Evidence,v_hist_0_min,Color (HSV),0.044998,-0.379931,Pushes REAL
Dataset\Video\original\777.mp4,original,REAL,REAL,0.8924,Top REAL Evidence,lbp_hist_6_min,Texture (LBP & Gray),0.054352,-0.352991,Pushes REAL
Dataset\Video\original\777.mp4,original,REAL,REAL,0.8924,Top REAL Evidence,lbp_hist_6_max,Texture (LBP & Gray),0.061935,-0.343944,Pushes REAL
Dataset\Video\original\777.mp4,original,REAL,REAL,0.8924,Top REAL Evidence,lbp_hist_7_mean,Texture (LBP & Gray),0.05441,-0.341223,Pushes REAL
Dataset\Video\original\791.mp4,original,REAL,REAL,0.5141,Top FAKE Evidence,lbp_hist_5_min,Texture (LBP & Gray),0.258591,1.021187,Pushes FAKE
Dataset\Video\original\791.mp4,original,REAL,REAL,0.5141,Top FAKE Evidence,glcm_dissimilarity_std,Texture (GLCM),0.211123,0.842587,Pushes FAKE
Dataset\Video\original\791.mp4,original,REAL,REAL,0.5141,Top FAKE Evidence,glcm_correlation_max,Texture (GLCM),0.884659,0.642973,Pushes FAKE
Dataset\Video\original\791.mp4,original,REAL,REAL,0.5141,Top FAKE Evidence,glcm_energy_max,Texture (GLCM),0.091312,0.515894,Pushes FAKE
Dataset\Video\original\791.mp4,original,REAL,REAL,0.5141,Top FAKE Evidence,glcm_correlation_mean,Texture (GLCM),0.863276,0.414774,Pushes FAKE
Dataset\Video\original\791.mp4,original,REAL,REAL,0.5141,Top FAKE Evidence,lbp_hist_5_std,Texture (LBP & Gray),0.011654,0.395465,Pushes FAKE
Dataset\Video\original\791.mp4,original,REAL,REAL,0.5141,Top FAKE Evidence,h_hist_4_max,Color (HSV),0.073669,0.37409,Pushes FAKE
Dataset\Video\original\791.mp4,original,REAL,REAL,0.5141,Top FAKE Evidence,lbp_hist_3_max,Texture (LBP & Gray),0.109375,0.327005,Pushes FAKE
Dataset\Video\original\791.mp4,original,REAL,REAL,0.5141,Top FAKE Evidence,s_hist_6_min,Color (HSV),0.010056,0.310582,Pushes FAKE
Dataset\Video\original\791.mp4,original,REAL,REAL,0.5141,Top FAKE Evidence,gray_mean_min,Texture (LBP & Gray),125.593201,0.307379,Pushes FAKE
Dataset\Video\original\791.mp4,original,REAL,REAL,0.5141,Top REAL Evidence,lbp_hist_5_mean,Texture (LBP & Gray),0.274197,-0.911278,Pushes REAL
Dataset\Video\original\791.mp4,original,REAL,REAL,0.5141,Top REAL Evidence,glcm_correlation_std,Texture (GLCM),0.010886,-0.606403,Pushes REAL
Dataset\Video\original\791.mp4,original,REAL,REAL,0.5141,Top REAL Evidence,dct_mid_energy_max,Frequency (DCT),8557.083984,-0.493073,Pushes REAL
Dataset\Video\original\791.mp4,original,REAL,REAL,0.5141,Top REAL Evidence,v_hist_0_min,Color (HSV),0.024506,-0.466715,Pushes REAL
Dataset\Video\original\791.mp4,original,REAL,REAL,0.5141,Top REAL Evidence,h_hist_2_min,Color (HSV),0.19342,-0.463111,Pushes REAL
Dataset\Video\original\791.mp4,original,REAL,REAL,0.5141,Top REAL Evidence,lbp_hist_5_max,Texture (LBP & Gray),0.296097,-0.449505,Pushes REAL
Dataset\Video\original\791.mp4,original,REAL,REAL,0.5141,Top REAL Evidence,edge_std_mean,Edge (Canny),84.270502,-0.437922,Pushes REAL
Dataset\Video\original\791.mp4,original,REAL,REAL,0.5141,Top REAL Evidence,dct_high_energy_std,Frequency (DCT),30.060351,-0.428235,Pushes REAL
Dataset\Video\original\791.mp4,original,REAL,REAL,0.5141,Top REAL Evidence,dct_mid_energy_min,Frequency (DCT),7617.892578,-0.396247,Pushes REAL
Dataset\Video\original\791.mp4,original,REAL,REAL,0.5141,Top REAL Evidence,s_hist_2_mean,Color (HSV),0.197011,-0.360759,Pushes REAL
Dataset\Video\original\890.mp4,original,REAL,REAL,0.9341,Top FAKE Evidence,lbp_hist_1_std,Texture (LBP & Gray),0.004686,0.917297,Pushes FAKE
Dataset\Video\original\890.mp4,original,REAL,REAL,0.9341,Top FAKE Evidence,h_mean_min,Color (HSV),109.407166,0.666279,Pushes FAKE
Dataset\Video\original\890.mp4,original,REAL,REAL,0.9341,Top FAKE Evidence,h_hist_7_std,Color (HSV),0.023028,0.584804,Pushes FAKE
Dataset\Video\original\890.mp4,original,REAL,REAL,0.9341,Top FAKE Evidence,lbp_hist_5_min,Texture (LBP & Gray),0.232742,0.516059,Pushes FAKE
Dataset\Video\original\890.mp4,original,REAL,REAL,0.9341,Top FAKE Evidence,s_hist_3_mean,Color (HSV),0.018082,0.503319,Pushes FAKE
Dataset\Video\original\890.mp4,original,REAL,REAL,0.9341,Top FAKE Evidence,lbp_hist_5_std,Texture (LBP & Gray),0.012051,0.434547,Pushes FAKE
Dataset\Video\original\890.mp4,original,REAL,REAL,0.9341,Top FAKE Evidence,s_hist_6_min,Color (HSV),4.6e-05,0.420161,Pushes FAKE
Dataset\Video\original\890.mp4,original,REAL,REAL,0.9341,Top FAKE Evidence,edge_std_mean,Edge (Canny),62.002394,0.40926,Pushes FAKE
Dataset\Video\original\890.mp4,original,REAL,REAL,0.9341,Top FAKE Evidence,h_std_mean,Color (HSV),38.540794,0.406692,Pushes FAKE
Dataset\Video\original\890.mp4,original,REAL,REAL,0.9341,Top FAKE Evidence,v_hist_6_std,Color (HSV),0.01457,0.391228,Pushes FAKE
Dataset\Video\original\890.mp4,original,REAL,REAL,0.9341,Top REAL Evidence,v_hist_4_mean,Color (HSV),0.558145,-1.654509,Pushes REAL
Dataset\Video\original\890.mp4,original,REAL,REAL,0.9341,Top REAL Evidence,lbp_hist_6_min,Texture (LBP & Gray),0.065262,-1.028186,Pushes REAL
Dataset\Video\original\890.mp4,original,REAL,REAL,0.9341,Top REAL Evidence,s_std_mean,Color (HSV),24.833167,-0.792939,Pushes REAL
Dataset\Video\original\890.mp4,original,REAL,REAL,0.9341,Top REAL Evidence,lbp_hist_6_max,Texture (LBP & Gray),0.070374,-0.740477,Pushes REAL
Dataset\Video\original\890.mp4,original,REAL,REAL,0.9341,Top REAL Evidence,s_std_max,Color (HSV),25.481135,-0.704623,Pushes REAL
Dataset\Video\original\890.mp4,original,REAL,REAL,0.9341,Top REAL Evidence,v_hist_0_min,Color (HSV),0.000107,-0.570043,Pushes REAL
Dataset\Video\original\890.mp4,original,REAL,REAL,0.9341,Top REAL Evidence,h_hist_3_max,Color (HSV),0.256271,-0.542251,Pushes REAL
Dataset\Video\original\890.mp4,original,REAL,REAL,0.9341,Top REAL Evidence,h_hist_7_min,Color (HSV),0.20372,-0.512596,Pushes REAL
Dataset\Video\original\890.mp4,original,REAL,REAL,0.9341,Top REAL Evidence,glcm_dissimilarity_std,Texture (GLCM),0.036015,-0.500738,Pushes REAL
Dataset\Video\original\890.mp4,original,REAL,REAL,0.9341,Top REAL Evidence,s_hist_2_mean,Color (HSV),0.221535,-0.499575,Pushes REAL
Dataset\Video\Deepfakes\044_945.mp4,Deepfakes,FAKE,FAKE,0.9974,Top FAKE Evidence,v_hist_6_std,Color (HSV),0.052693,2.287,Pushes FAKE
Dataset\Video\Deepfakes\044_945.mp4,Deepfakes,FAKE,FAKE,0.9974,Top FAKE Evidence,h_hist_1_min,Color (HSV),0.438004,0.995421,Pushes FAKE
Dataset\Video\Deepfakes\044_945.mp4,Deepfakes,FAKE,FAKE,0.9974,Top FAKE Evidence,v_hist_5_mean,Color (HSV),0.426994,0.735919,Pushes FAKE
Dataset\Video\Deepfakes\044_945.mp4,Deepfakes,FAKE,FAKE,0.9974,Top FAKE Evidence,v_hist_5_std,Color (HSV),0.03867,0.721247,Pushes FAKE
Dataset\Video\Deepfakes\044_945.mp4,Deepfakes,FAKE,FAKE,0.9974,Top FAKE Evidence,v_hist_5_max,Color (HSV),0.492889,0.706697,Pushes FAKE
Dataset\Video\Deepfakes\044_945.mp4,Deepfakes,FAKE,FAKE,0.9974,Top FAKE Evidence,edge_std_mean,Edge (Canny),60.460438,0.467924,Pushes FAKE
Dataset\Video\Deepfakes\044_945.mp4,Deepfakes,FAKE,FAKE,0.9974,Top FAKE Evidence,lbp_hist_0_std,Texture (LBP & Gray),0.000525,0.452425,Pushes FAKE
Dataset\Video\Deepfakes\044_945.mp4,Deepfakes,FAKE,FAKE,0.9974,Top FAKE Evidence,lbp_hist_7_std,Texture (LBP & Gray),0.001099,0.439539,Pushes FAKE
Dataset\Video\Deepfakes\044_945.mp4,Deepfakes,FAKE,FAKE,0.9974,Top FAKE Evidence,h_hist_1_mean,Color (HSV),0.506845,0.435369,Pushes FAKE
Dataset\Video\Deepfakes\044_945.mp4,Deepfakes,FAKE,FAKE,0.9974,Top FAKE Evidence,s_hist_5_std,Color (HSV),0.018691,0.428553,Pushes FAKE
Dataset\Video\Deepfakes\044_945.mp4,Deepfakes,FAKE,FAKE,0.9974,Top REAL Evidence,s_hist_5_mean,Color (HSV),0.280064,-0.893086,Pushes REAL
Dataset\Video\Deepfakes\044_945.mp4,Deepfakes,FAKE,FAKE,0.9974,Top REAL Evidence,s_hist_5_min,Color (HSV),0.231216,-0.806907,Pushes REAL
Dataset\Video\Deepfakes\044_945.mp4,Deepfakes,FAKE,FAKE,0.9974,Top REAL Evidence,lbp_hist_1_std,Texture (LBP & Gray),0.000846,-0.572185,Pushes REAL
Dataset\Video\Deepfakes\044_945.mp4,Deepfakes,FAKE,FAKE,0.9974,Top REAL Evidence,glcm_correlation_max,Texture (GLCM),0.980825,-0.49045,Pushes REAL
Dataset\Video\Deepfakes\044_945.mp4,Deepfakes,FAKE,FAKE,0.9974,Top REAL Evidence,h_mean_min,Color (HSV),45.046051,-0.474155,Pushes REAL
Dataset\Video\Deepfakes\044_945.mp4,Deepfakes,FAKE,FAKE,0.9974,Top REAL Evidence,s_hist_5_max,Color (HSV),0.296967,-0.465234,Pushes REAL
Dataset\Video\Deepfakes\044_945.mp4,Deepfakes,FAKE,FAKE,0.9974,Top REAL Evidence,lbp_hist_9_min,Texture (LBP & Gray),0.044708,-0.452741,Pushes REAL
Dataset\Video\Deepfakes\044_945.mp4,Deepfakes,FAKE,FAKE,0.9974,Top REAL Evidence,glcm_energy_max,Texture (GLCM),0.225356,-0.451972,Pushes REAL
Dataset\Video\Deepfakes\044_945.mp4,Deepfakes,FAKE,FAKE,0.9974,Top REAL Evidence,lbp_hist_9_mean,Texture (LBP & Gray),0.04724,-0.449775,Pushes REAL
Dataset\Video\Deepfakes\044_945.mp4,Deepfakes,FAKE,FAKE,0.9974,Top REAL Evidence,s_hist_4_std,Color (HSV),0.013649,-0.421471,Pushes REAL
Dataset\Video\Deepfakes\046_904.mp4,Deepfakes,FAKE,FAKE,0.5765,Top FAKE Evidence,lbp_hist_5_min,Texture (LBP & Gray),0.251053,0.873883,Pushes FAKE
Dataset\Video\Deepfakes\046_904.mp4,Deepfakes,FAKE,FAKE,0.5765,Top FAKE Evidence,h_hist_7_std,Color (HSV),0.024473,0.645615,Pushes FAKE
Dataset\Video\Deepfakes\046_904.mp4,Deepfakes,FAKE,FAKE,0.5765,Top FAKE Evidence,v_hist_5_mean,Color (HSV),0.390643,0.645112,Pushes FAKE
Dataset\Video\Deepfakes\046_904.mp4,Deepfakes,FAKE,FAKE,0.5765,Top FAKE Evidence,edge_std_mean,Edge (Canny),56.485947,0.619132,Pushes FAKE
Dataset\Video\Deepfakes\046_904.mp4,Deepfakes,FAKE,FAKE,0.5765,Top FAKE Evidence,v_hist_5_max,Color (HSV),0.399002,0.515284,Pushes FAKE
Dataset\Video\Deepfakes\046_904.mp4,Deepfakes,FAKE,FAKE,0.5765,Top FAKE Evidence,gray_mean_min,Texture (LBP & Gray),144.629211,0.487134,Pushes FAKE
Dataset\Video\Deepfakes\046_904.mp4,Deepfakes,FAKE,FAKE,0.5765,Top FAKE Evidence,s_hist_3_mean,Color (HSV),0.02323,0.478077,Pushes FAKE
Dataset\Video\Deepfakes\046_904.mp4,Deepfakes,FAKE,FAKE,0.5765,Top FAKE Evidence,h_std_max,Color (HSV),73.578213,0.471873,Pushes FAKE
Dataset\Video\Deepfakes\046_904.mp4,Deepfakes,FAKE,FAKE,0.5765,Top FAKE Evidence,lbp_hist_1_max,Texture (LBP & Gray),0.037277,0.436931,Pushes FAKE
Dataset\Video\Deepfakes\046_904.mp4,Deepfakes,FAKE,FAKE,0.5765,Top FAKE Evidence,s_hist_6_min,Color (HSV),0.00029,0.417488,Pushes FAKE
Dataset\Video\Deepfakes\046_904.mp4,Deepfakes,FAKE,FAKE,0.5765,Top REAL Evidence,h_std_mean,Color (HSV),72.590314,-1.057705,Pushes REAL
Dataset\Video\Deepfakes\046_904.mp4,Deepfakes,FAKE,FAKE,0.5765,Top REAL Evidence,h_hist_7_min,Color (HSV),0.292526,-0.83933,Pushes REAL
Dataset\Video\Deepfakes\046_904.mp4,Deepfakes,FAKE,FAKE,0.5765,Top REAL Evidence,lbp_hist_7_std,Texture (LBP & Gray),0.004259,-0.836547,Pushes REAL
Dataset\Video\Deepfakes\046_904.mp4,Deepfakes,FAKE,FAKE,0.5765,Top REAL Evidence,s_std_mean,Color (HSV),25.111802,-0.787207,Pushes REAL
Dataset\Video\Deepfakes\046_904.mp4,Deepfakes,FAKE,FAKE,0.5765,Top REAL Evidence,lbp_hist_9_min,Texture (LBP & Gray),0.035385,-0.726597,Pushes REAL
Dataset\Video\Deepfakes\046_904.mp4,Deepfakes,FAKE,FAKE,0.5765,Top REAL Evidence,lbp_hist_5_mean,Texture (LBP & Gray),0.261319,-0.703909,Pushes REAL
Dataset\Video\Deepfakes\046_904.mp4,Deepfakes,FAKE,FAKE,0.5765,Top REAL Evidence,s_std_max,Color (HSV),27.212334,-0.674362,Pushes REAL
Dataset\Video\Deepfakes\046_904.mp4,Deepfakes,FAKE,FAKE,0.5765,Top REAL Evidence,lbp_hist_2_max,Texture (LBP & Gray),0.013718,-0.643501,Pushes REAL
Dataset\Video\Deepfakes\046_904.mp4,Deepfakes,FAKE,FAKE,0.5765,Top REAL Evidence,glcm_dissimilarity_std,Texture (GLCM),0.02422,-0.591223,Pushes REAL
Dataset\Video\Deepfakes\046_904.mp4,Deepfakes,FAKE,FAKE,0.5765,Top REAL Evidence,v_hist_6_min,Color (HSV),0.225067,-0.581683,Pushes REAL
Dataset\Video\Deepfakes\163_031.mp4,Deepfakes,FAKE,REAL,0.8163,Top FAKE Evidence,lbp_hist_5_min,Texture (LBP & Gray),0.259964,1.048024,Pushes FAKE
Dataset\Video\Deepfakes\163_031.mp4,Deepfakes,FAKE,REAL,0.8163,Top FAKE Evidence,v_hist_2_min,Color (HSV),0.20903,0.626987,Pushes FAKE
Dataset\Video\Deepfakes\163_031.mp4,Deepfakes,FAKE,REAL,0.8163,Top FAKE Evidence,h_mean_min,Color (HSV),100.566559,0.509629,Pushes FAKE
Dataset\Video\Deepfakes\163_031.mp4,Deepfakes,FAKE,REAL,0.8163,Top FAKE Evidence,v_hist_1_min,Color (HSV),0.243591,0.488276,Pushes FAKE
Dataset\Video\Deepfakes\163_031.mp4,Deepfakes,FAKE,REAL,0.8163,Top FAKE Evidence,lbp_hist_1_max,Texture (LBP & Gray),0.03653,0.461325,Pushes FAKE
Dataset\Video\Deepfakes\163_031.mp4,Deepfakes,FAKE,REAL,0.8163,Top FAKE Evidence,lbp_hist_0_std,Texture (LBP & Gray),0.000549,0.434986,Pushes FAKE
Dataset\Video\Deepfakes\163_031.mp4,Deepfakes,FAKE,REAL,0.8163,Top FAKE Evidence,glcm_energy_max,Texture (GLCM),0.113782,0.353654,Pushes FAKE
Dataset\Video\Deepfakes\163_031.mp4,Deepfakes,FAKE,REAL,0.8163,Top FAKE Evidence,s_hist_3_min,Color (HSV),0.199921,0.343839,Pushes FAKE
Dataset\Video\Deepfakes\163_031.mp4,Deepfakes,FAKE,REAL,0.8163,Top FAKE Evidence,v_hist_4_mean,Color (HSV),0.052074,0.331049,Pushes FAKE
Dataset\Video\Deepfakes\163_031.mp4,Deepfakes,FAKE,REAL,0.8163,Top FAKE Evidence,lbp_hist_7_min,Texture (LBP & Gray),0.045761,0.313367,Pushes FAKE
Dataset\Video\Deepfakes\163_031.mp4,Deepfakes,FAKE,REAL,0.8163,Top REAL Evidence,lbp_hist_5_mean,Texture (LBP & Gray),0.265942,-0.778355,Pushes REAL
Dataset\Video\Deepfakes\163_031.mp4,Deepfakes,FAKE,REAL,0.8163,Top REAL Evidence,dct_high_energy_std,Frequency (DCT),40.38467,-0.67407,Pushes REAL
Dataset\Video\Deepfakes\163_031.mp4,Deepfakes,FAKE,REAL,0.8163,Top REAL Evidence,lbp_hist_9_min,Texture (LBP & Gray),0.041153,-0.557174,Pushes REAL
Dataset\Video\Deepfakes\163_031.mp4,Deepfakes,FAKE,REAL,0.8163,Top REAL Evidence,lbp_hist_7_mean,Texture (LBP & Gray),0.04958,-0.488426,Pushes REAL
Dataset\Video\Deepfakes\163_031.mp4,Deepfakes,FAKE,REAL,0.8163,Top REAL Evidence,glcm_correlation_std,Texture (GLCM),0.009309,-0.468375,Pushes REAL
Dataset\Video\Deepfakes\163_031.mp4,Deepfakes,FAKE,REAL,0.8163,Top REAL Evidence,lbp_hist_9_mean,Texture (LBP & Gray),0.046983,-0.455754,Pushes REAL
Dataset\Video\Deepfakes\163_031.mp4,Deepfakes,FAKE,REAL,0.8163,Top REAL Evidence,v_hist_2_mean,Color (HSV),0.212405,-0.437337,Pushes REAL
Dataset\Video\Deepfakes\163_031.mp4,Deepfakes,FAKE,REAL,0.8163,Top REAL Evidence,s_hist_3_mean,Color (HSV),0.205934,-0.417724,Pushes REAL
Dataset\Video\Deepfakes\163_031.mp4,Deepfakes,FAKE,REAL,0.8163,Top REAL Evidence,dct_high_low_ratio_std,Frequency (DCT),4.1e-05,-0.411322,Pushes REAL
Dataset\Video\Deepfakes\163_031.mp4,Deepfakes,FAKE,REAL,0.8163,Top REAL Evidence,lbp_hist_2_max,Texture (LBP & Gray),0.017532,-0.389999,Pushes REAL
Dataset\Video\Deepfakes\284_263.mp4,Deepfakes,FAKE,FAKE,0.8173,Top FAKE Evidence,lbp_hist_5_min,Texture (LBP & Gray),0.291092,1.656325,Pushes FAKE
Dataset\Video\Deepfakes\284_263.mp4,Deepfakes,FAKE,FAKE,0.8173,Top FAKE Evidence,h_std_mean,Color (HSV),20.933067,1.163962,Pushes FAKE
Dataset\Video\Deepfakes\284_263.mp4,Deepfakes,FAKE,FAKE,0.8173,Top FAKE Evidence,v_hist_2_min,Color (HSV),0.259384,0.926657,Pushes FAKE
Dataset\Video\Deepfakes\284_263.mp4,Deepfakes,FAKE,FAKE,0.8173,Top FAKE Evidence,s_hist_3_min,Color (HSV),0.28241,0.657462,Pushes FAKE
Dataset\Video\Deepfakes\284_263.mp4,Deepfakes,FAKE,FAKE,0.8173,Top FAKE Evidence,h_hist_0_min,Color (HSV),0.900864,0.648756,Pushes FAKE
Dataset\Video\Deepfakes\284_263.mp4,Deepfakes,FAKE,FAKE,0.8173,Top FAKE Evidence,edge_std_mean,Edge (Canny),56.56285,0.616206,Pushes FAKE
Dataset\Video\Deepfakes\284_263.mp4,Deepfakes,FAKE,FAKE,0.8173,Top FAKE Evidence,v_hist_2_max,Color (HSV),0.294678,0.59489,Pushes FAKE
Dataset\Video\Deepfakes\284_263.mp4,Deepfakes,FAKE,FAKE,0.8173,Top FAKE Evidence,lbp_hist_1_max,Texture (LBP & Gray),0.033234,0.568859,Pushes FAKE
Dataset\Video\Deepfakes\284_263.mp4,Deepfakes,FAKE,FAKE,0.8173,Top FAKE Evidence,lbp_hist_4_max,Texture (LBP & Gray),0.329651,0.524522,Pushes FAKE
Dataset\Video\Deepfakes\284_263.mp4,Deepfakes,FAKE,FAKE,0.8173,Top FAKE Evidence,s_hist_3_max,Color (HSV),0.336884,0.498956,Pushes FAKE
Dataset\Video\Deepfakes\284_263.mp4,Deepfakes,FAKE,FAKE,0.8173,Top REAL Evidence,lbp_hist_5_mean,Texture (LBP & Gray),0.298636,-1.304789,Pushes REAL
Dataset\Video\Deepfakes\284_263.mp4,Deepfakes,FAKE,FAKE,0.8173,Top REAL Evidence,h_mean_min,Color (HSV),16.43631,-0.9811,Pushes REAL
Dataset\Video\Deepfakes\284_263.mp4,Deepfakes,FAKE,FAKE,0.8173,Top REAL Evidence,s_hist_3_mean,Color (HSV),0.309946,-0.927693,Pushes REAL
Dataset\Video\Deepfakes\284_263.mp4,Deepfakes,FAKE,FAKE,0.8173,Top REAL Evidence,s_hist_2_mean,Color (HSV),0.283664,-0.851254,Pushes REAL
Dataset\Video\Deepfakes\284_263.mp4,Deepfakes,FAKE,FAKE,0.8173,Top REAL Evidence,lbp_hist_9_min,Texture (LBP & Gray),0.032288,-0.817584,Pushes REAL
Dataset\Video\Deepfakes\284_263.mp4,Deepfakes,FAKE,FAKE,0.8173,Top REAL Evidence,v_hist_2_mean,Color (HSV),0.277191,-0.739377,Pushes REAL
Dataset\Video\Deepfakes\284_263.mp4,Deepfakes,FAKE,FAKE,0.8173,Top REAL Evidence,lbp_hist_9_mean,Texture (LBP & Gray),0.035033,-0.734479,Pushes REAL
Dataset\Video\Deepfakes\284_263.mp4,Deepfakes,FAKE,FAKE,0.8173,Top REAL Evidence,lbp_hist_5_max,Texture (LBP & Gray),0.306046,-0.520313,Pushes REAL
Dataset\Video\Deepfakes\284_263.mp4,Deepfakes,FAKE,FAKE,0.8173,Top REAL Evidence,lbp_hist_9_max,Texture (LBP & Gray),0.037735,-0.480399,Pushes REAL
Dataset\Video\Deepfakes\284_263.mp4,Deepfakes,FAKE,FAKE,0.8173,Top REAL Evidence,lbp_hist_7_mean,Texture (LBP & Gray),0.049922,-0.478008,Pushes REAL
Dataset\Video\Deepfakes\352_319.mp4,Deepfakes,FAKE,FAKE,0.8474,Top FAKE Evidence,lbp_hist_3_max,Texture (LBP & Gray),0.127396,0.83273,Pushes FAKE
Dataset\Video\Deepfakes\352_319.mp4,Deepfakes,FAKE,FAKE,0.8474,Top FAKE Evidence,lbp_hist_3_mean,Texture (LBP & Gray),0.124667,0.767285,Pushes FAKE
Dataset\Video\Deepfakes\352_319.mp4,Deepfakes,FAKE,FAKE,0.8474,Top FAKE Evidence,h_hist_7_std,Color (HSV),0.02403,0.626952,Pushes FAKE
Dataset\Video\Deepfakes\352_319.mp4,Deepfakes,FAKE,FAKE,0.8474,Top FAKE Evidence,glcm_energy_max,Texture (GLCM),0.079581,0.6006,Pushes FAKE
Dataset\Video\Deepfakes\352_319.mp4,Deepfakes,FAKE,FAKE,0.8474,Top FAKE Evidence,lbp_hist_8_min,Texture (LBP & Gray),0.081482,0.517718,Pushes FAKE
Dataset\Video\Deepfakes\352_319.mp4,Deepfakes,FAKE,FAKE,0.8474,Top FAKE Evidence,v_hist_6_std,Color (HSV),0.016911,0.507625,Pushes FAKE
Dataset\Video\Deepfakes\352_319.mp4,Deepfakes,FAKE,FAKE,0.8474,Top FAKE Evidence,s_std_std,Color (HSV),4.290798,0.450996,Pushes FAKE
Dataset\Video\Deepfakes\352_319.mp4,Deepfakes,FAKE,FAKE,0.8474,Top FAKE Evidence,v_hist_1_std,Color (HSV),0.039217,0.412116,Pushes FAKE
Dataset\Video\Deepfakes\352_319.mp4,Deepfakes,FAKE,FAKE,0.8474,Top FAKE Evidence,lbp_hist_2_max,Texture (LBP & Gray),0.029526,0.407014,Pushes FAKE
Dataset\Video\Deepfakes\352_319.mp4,Deepfakes,FAKE,FAKE,0.8474,Top FAKE Evidence,lbp_hist_4_max,Texture (LBP & Gray),0.30188,0.399177,Pushes FAKE
Dataset\Video\Deepfakes\352_319.mp4,Deepfakes,FAKE,FAKE,0.8474,Top REAL Evidence,lbp_hist_6_min,Texture (LBP & Gray),0.063568,-0.923366,Pushes REAL
Dataset\Video\Deepfakes\352_319.mp4,Deepfakes,FAKE,FAKE,0.8474,Top REAL Evidence,h_mean_std,Color (HSV),6.735612,-0.839923,Pushes REAL
Dataset\Video\Deepfakes\352_319.mp4,Deepfakes,FAKE,FAKE,0.8474,Top REAL Evidence,lbp_hist_6_max,Texture (LBP & Gray),0.067154,-0.589178,Pushes REAL
Dataset\Video\Deepfakes\352_319.mp4,Deepfakes,FAKE,FAKE,0.8474,Top REAL Evidence,h_hist_2_std,Color (HSV),0.017147,-0.439356,Pushes REAL
Dataset\Video\Deepfakes\352_319.mp4,Deepfakes,FAKE,FAKE,0.8474,Top REAL Evidence,glcm_energy_mean,Texture (GLCM),0.076127,-0.413143,Pushes REAL
Dataset\Video\Deepfakes\352_319.mp4,Deepfakes,FAKE,FAKE,0.8474,Top REAL Evidence,v_hist_0_min,Color (HSV),0.039551,-0.403,Pushes REAL
Dataset\Video\Deepfakes\352_319.mp4,Deepfakes,FAKE,FAKE,0.8474,Top REAL Evidence,lbp_hist_6_std,Texture (LBP & Gray),0.00098,-0.334007,Pushes REAL
Dataset\Video\Deepfakes\352_319.mp4,Deepfakes,FAKE,FAKE,0.8474,Top REAL Evidence,v_hist_2_mean,Color (HSV),0.182358,-0.297251,Pushes REAL
Dataset\Video\Deepfakes\352_319.mp4,Deepfakes,FAKE,FAKE,0.8474,Top REAL Evidence,h_std_mean,Color (HSV),54.269171,-0.269752,Pushes REAL
Dataset\Video\Deepfakes\352_319.mp4,Deepfakes,FAKE,FAKE,0.8474,Top REAL Evidence,s_hist_2_mean,Color (HSV),0.178694,-0.257079,Pushes REAL
Dataset\Video\Deepfakes\367_371.mp4,Deepfakes,FAKE,REAL,0.7465,Top FAKE Evidence,lbp_hist_5_min,Texture (LBP & Gray),0.254562,0.942466,Pushes FAKE
Dataset\Video\Deepfakes\367_371.mp4,Deepfakes,FAKE,REAL,0.7465,Top FAKE Evidence,h_hist_4_max,Color (HSV),0.023163,0.464834,Pushes FAKE
Dataset\Video\Deepfakes\367_371.mp4,Deepfakes,FAKE,REAL,0.7465,Top FAKE Evidence,glcm_energy_max,Texture (GLCM),0.101035,0.445689,Pushes FAKE
Dataset\Video\Deepfakes\367_371.mp4,Deepfakes,FAKE,REAL,0.7465,Top FAKE Evidence,lbp_hist_7_std,Texture (LBP & Gray),0.001119,0.431436,Pushes FAKE
Dataset\Video\Deepfakes\367_371.mp4,Deepfakes,FAKE,REAL,0.7465,Top FAKE Evidence,h_hist_0_min,Color (HSV),0.665329,0.399812,Pushes FAKE
Dataset\Video\Deepfakes\367_371.mp4,Deepfakes,FAKE,REAL,0.7465,Top FAKE Evidence,v_mean_min,Color (HSV),152.962173,0.376904,Pushes FAKE
Dataset\Video\Deepfakes\367_371.mp4,Deepfakes,FAKE,REAL,0.7465,Top FAKE Evidence,s_mean_mean,Color (HSV),149.781717,0.353078,Pushes FAKE
Dataset\Video\Deepfakes\367_371.mp4,Deepfakes,FAKE,REAL,0.7465,Top FAKE Evidence,v_hist_5_mean,Color (HSV),0.264583,0.330206,Pushes FAKE
Dataset\Video\Deepfakes\367_371.mp4,Deepfakes,FAKE,REAL,0.7465,Top FAKE Evidence,lbp_hist_8_min,Texture (LBP & Gray),0.126678,0.321286,Pushes FAKE
Dataset\Video\Deepfakes\367_371.mp4,Deepfakes,FAKE,REAL,0.7465,Top FAKE Evidence,lbp_hist_1_max,Texture (LBP & Gray),0.041626,0.295046,Pushes FAKE
Dataset\Video\Deepfakes\367_371.mp4,Deepfakes,FAKE,REAL,0.7465,Top REAL Evidence,lbp_hist_5_mean,Texture (LBP & Gray),0.266228,-0.78295,Pushes REAL
Dataset\Video\Deepfakes\367_371.mp4,Deepfakes,FAKE,REAL,0.7465,Top REAL Evidence,glcm_dissimilarity_std,Texture (GLCM),0.015457,-0.658446,Pushes REAL
Dataset\Video\Deepfakes\367_371.mp4,Deepfakes,FAKE,REAL,0.7465,Top REAL Evidence,s_hist_5_min,Color (HSV),0.18187,-0.587087,Pushes REAL
Dataset\Video\Deepfakes\367_371.mp4,Deepfakes,FAKE,REAL,0.7465,Top REAL Evidence,s_hist_5_mean,Color (HSV),0.18958,-0.530337,Pushes REAL
Dataset\Video\Deepfakes\367_371.mp4,Deepfakes,FAKE,REAL,0.7465,Top REAL Evidence,v_hist_0_min,Color (HSV),0.021866,-0.477895,Pushes REAL
Dataset\Video\Deepfakes\367_371.mp4,Deepfakes,FAKE,REAL,0.7465,Top REAL Evidence,h_mean_min,Color (HSV),45.732895,-0.461985,Pushes REAL
Dataset\Video\Deepfakes\367_371.mp4,Deepfakes,FAKE,REAL,0.7465,Top REAL Evidence,lbp_hist_6_min,Texture (LBP & Gray),0.05513,-0.401151,Pushes REAL
Dataset\Video\Deepfakes\367_371.mp4,Deepfakes,FAKE,REAL,0.7465,Top REAL Evidence,h_std_mean,Color (HSV),56.627964,-0.371198,Pushes REAL
Dataset\Video\Deepfakes\367_371.mp4,Deepfakes,FAKE,REAL,0.7465,Top REAL Evidence,s_hist_0_std,Color (HSV),0.001622,-0.359821,Pushes REAL
Dataset\Video\Deepfakes\367_371.mp4,Deepfakes,FAKE,REAL,0.7465,Top REAL Evidence,lbp_hist_5_max,Texture (LBP & Gray),0.281296,-0.34416,Pushes REAL
Dataset\Video\Deepfakes\618_629.mp4,Deepfakes,FAKE,REAL,0.9905,Top FAKE Evidence,lbp_hist_5_min,Texture (LBP & Gray),0.292053,1.675111,Pushes FAKE
Dataset\Video\Deepfakes\618_629.mp4,Deepfakes,FAKE,REAL,0.9905,Top FAKE Evidence,edge_std_mean,Edge (Canny),53.414232,0.735994,Pushes FAKE
Dataset\Video\Deepfakes\618_629.mp4,Deepfakes,FAKE,REAL,0.9905,Top FAKE Evidence,lbp_hist_3_std,Texture (LBP & Gray),0.005524,0.722463,Pushes FAKE
Dataset\Video\Deepfakes\618_629.mp4,Deepfakes,FAKE,REAL,0.9905,Top FAKE Evidence,lbp_hist_6_std,Texture (LBP & Gray),0.003332,0.683793,Pushes FAKE
Dataset\Video\Deepfakes\618_629.mp4,Deepfakes,FAKE,REAL,0.9905,Top FAKE Evidence,lbp_hist_5_std,Texture (LBP & Gray),0.014346,0.660568,Pushes FAKE
Dataset\Video\Deepfakes\618_629.mp4,Deepfakes,FAKE,REAL,0.9905,Top FAKE Evidence,lbp_hist_4_std,Texture (LBP & Gray),0.016074,0.598659,Pushes FAKE
Dataset\Video\Deepfakes\618_629.mp4,Deepfakes,FAKE,REAL,0.9905,Top FAKE Evidence,lbp_hist_1_max,Texture (LBP & Gray),0.034958,0.512603,Pushes FAKE
Dataset\Video\Deepfakes\618_629.mp4,Deepfakes,FAKE,REAL,0.9905,Top FAKE Evidence,s_hist_5_std,Color (HSV),0.021365,0.510456,Pushes FAKE
Dataset\Video\Deepfakes\618_629.mp4,Deepfakes,FAKE,REAL,0.9905,Top FAKE Evidence,v_hist_3_min,Color (HSV),0.457031,0.481758,Pushes FAKE
Dataset\Video\Deepfakes\618_629.mp4,Deepfakes,FAKE,REAL,0.9905,Top FAKE Evidence,s_hist_2_mean,Color (HSV),0.052911,0.454908,Pushes FAKE
Dataset\Video\Deepfakes\618_629.mp4,Deepfakes,FAKE,REAL,0.9905,Top REAL Evidence,lbp_hist_5_mean,Texture (LBP & Gray),0.309924,-1.486557,Pushes REAL
Dataset\Video\Deepfakes\618_629.mp4,Deepfakes,FAKE,REAL,0.9905,Top REAL Evidence,s_hist_5_min,Color (HSV),0.383545,-1.485469,Pushes REAL
Dataset\Video\Deepfakes\618_629.mp4,Deepfakes,FAKE,REAL,0.9905,Top REAL Evidence,s_hist_5_mean,Color (HSV),0.42312,-1.46659,Pushes REAL
Dataset\Video\Deepfakes\618_629.mp4,Deepfakes,FAKE,REAL,0.9905,Top REAL Evidence,lbp_hist_5_max,Texture (LBP & Gray),0.344193,-0.791819,Pushes REAL
Dataset\Video\Deepfakes\618_629.mp4,Deepfakes,FAKE,REAL,0.9905,Top REAL Evidence,s_hist_5_max,Color (HSV),0.446411,-0.765232,Pushes REAL
Dataset\Video\Deepfakes\618_629.mp4,Deepfakes,FAKE,REAL,0.9905,Top REAL Evidence,s_hist_6_min,Color (HSV),0.108093,-0.762655,Pushes REAL
Dataset\Video\Deepfakes\618_629.mp4,Deepfakes,FAKE,REAL,0.9905,Top REAL Evidence,h_hist_4_max,Color (HSV),0.611771,-0.592703,Pushes REAL
Dataset\Video\Deepfakes\618_629.mp4,Deepfakes,FAKE,REAL,0.9905,Top REAL Evidence,glcm_dissimilarity_std,Texture (GLCM),0.026162,-0.576326,Pushes REAL
Dataset\Video\Deepfakes\618_629.mp4,Deepfakes,FAKE,REAL,0.9905,Top REAL Evidence,v_hist_0_min,Color (HSV),0.014297,-0.509946,Pushes REAL
Dataset\Video\Deepfakes\618_629.mp4,Deepfakes,FAKE,REAL,0.9905,Top REAL Evidence,lbp_hist_2_max,Texture (LBP & Gray),0.01593,-0.49647,Pushes REAL
Dataset\Video\Deepfakes\643_646.mp4,Deepfakes,FAKE,FAKE,0.7259,Top FAKE Evidence,s_std_std,Color (HSV),7.169251,1.001415,Pushes FAKE
Dataset\Video\Deepfakes\643_646.mp4,Deepfakes,FAKE,FAKE,0.7259,Top FAKE Evidence,v_hist_1_min,Color (HSV),0.372345,0.980275,Pushes FAKE
Dataset\Video\Deepfakes\643_646.mp4,Deepfakes,FAKE,FAKE,0.7259,Top FAKE Evidence,glcm_dissimilarity_std,Texture (GLCM),0.220502,0.914534,Pushes FAKE
Dataset\Video\Deepfakes\643_646.mp4,Deepfakes,FAKE,FAKE,0.7259,Top FAKE Evidence,h_hist_7_std,Color (HSV),0.028375,0.80984,Pushes FAKE
Dataset\Video\Deepfakes\643_646.mp4,Deepfakes,FAKE,FAKE,0.7259,Top FAKE Evidence,edge_std_mean,Edge (Canny),55.342613,0.662629,Pushes FAKE
Dataset\Video\Deepfakes\643_646.mp4,Deepfakes,FAKE,FAKE,0.7259,Top FAKE Evidence,lbp_hist_6_std,Texture (LBP & Gray),0.003279,0.660928,Pushes FAKE
Dataset\Video\Deepfakes\643_646.mp4,Deepfakes,FAKE,FAKE,0.7259,Top FAKE Evidence,h_mean_min,Color (HSV),108.212204,0.645105,Pushes FAKE
Dataset\Video\Deepfakes\643_646.mp4,Deepfakes,FAKE,FAKE,0.7259,Top FAKE Evidence,s_hist_3_min,Color (HSV),0.244415,0.513008,Pushes FAKE
Dataset\Video\Deepfakes\643_646.mp4,Deepfakes,FAKE,FAKE,0.7259,Top FAKE Evidence,lbp_hist_5_min,Texture (LBP & Gray),0.232086,0.503237,Pushes FAKE
Dataset\Video\Deepfakes\643_646.mp4,Deepfakes,FAKE,FAKE,0.7259,Top FAKE Evidence,v_hist_5_std,Color (HSV),0.026702,0.432668,Pushes FAKE
Dataset\Video\Deepfakes\643_646.mp4,Deepfakes,FAKE,FAKE,0.7259,Top REAL Evidence,s_hist_2_mean,Color (HSV),0.335144,-1.142655,Pushes REAL
Dataset\Video\Deepfakes\643_646.mp4,Deepfakes,FAKE,FAKE,0.7259,Top REAL Evidence,glcm_correlation_std,Texture (GLCM),0.016306,-1.080993,Pushes REAL
Dataset\Video\Deepfakes\643_646.mp4,Deepfakes,FAKE,FAKE,0.7259,Top REAL Evidence,dct_mid_energy_std,Frequency (DCT),825.531832,-0.758759,Pushes REAL
Dataset\Video\Deepfakes\643_646.mp4,Deepfakes,FAKE,FAKE,0.7259,Top REAL Evidence,s_hist_3_mean,Color (HSV),0.269325,-0.728531,Pushes REAL
Dataset\Video\Deepfakes\643_646.mp4,Deepfakes,FAKE,FAKE,0.7259,Top REAL Evidence,s_hist_7_std,Color (HSV),0.031605,-0.721393,Pushes REAL
Dataset\Video\Deepfakes\643_646.mp4,Deepfakes,FAKE,FAKE,0.7259,Top REAL Evidence,dct_high_low_ratio_std,Frequency (DCT),6.4e-05,-0.709032,Pushes REAL
Dataset\Video\Deepfakes\643_646.mp4,Deepfakes,FAKE,FAKE,0.7259,Top REAL Evidence,dct_high_energy_std,Frequency (DCT),40.564272,-0.678347,Pushes REAL
Dataset\Video\Deepfakes\643_646.mp4,Deepfakes,FAKE,FAKE,0.7259,Top REAL Evidence,h_std_mean,Color (HSV),61.428873,-0.577675,Pushes REAL
Dataset\Video\Deepfakes\643_646.mp4,Deepfakes,FAKE,FAKE,0.7259,Top REAL Evidence,h_hist_7_min,Color (HSV),0.214249,-0.551332,Pushes REAL
Dataset\Video\Deepfakes\643_646.mp4,Deepfakes,FAKE,FAKE,0.7259,Top REAL Evidence,lbp_hist_6_max,Texture (LBP & Gray),0.065765,-0.523925,Pushes REAL
Dataset\Video\Deepfakes\718_972.mp4,Deepfakes,FAKE,FAKE,0.9324,Top FAKE Evidence,h_hist_7_std,Color (HSV),0.03464,1.07353,Pushes FAKE
Dataset\Video\Deepfakes\718_972.mp4,Deepfakes,FAKE,FAKE,0.9324,Top FAKE Evidence,v_hist_6_std,Color (HSV),0.021253,0.723533,Pushes FAKE
Dataset\Video\Deepfakes\718_972.mp4,Deepfakes,FAKE,FAKE,0.9324,Top FAKE Evidence,v_hist_5_mean,Color (HSV),0.391812,0.648032,Pushes FAKE
Dataset\Video\Deepfakes\718_972.mp4,Deepfakes,FAKE,FAKE,0.9324,Top FAKE Evidence,h_hist_0_min,Color (HSV),0.815277,0.558297,Pushes FAKE
Dataset\Video\Deepfakes\718_972.mp4,Deepfakes,FAKE,FAKE,0.9324,Top FAKE Evidence,v_hist_5_max,Color (HSV),0.418427,0.554886,Pushes FAKE
Dataset\Video\Deepfakes\718_972.mp4,Deepfakes,FAKE,FAKE,0.9324,Top FAKE Evidence,lbp_hist_3_max,Texture (LBP & Gray),0.116028,0.513708,Pushes FAKE
Dataset\Video\Deepfakes\718_972.mp4,Deepfakes,FAKE,FAKE,0.9324,Top FAKE Evidence,edge_std_mean,Edge (Canny),59.579381,0.501443,Pushes FAKE
Dataset\Video\Deepfakes\718_972.mp4,Deepfakes,FAKE,FAKE,0.9324,Top FAKE Evidence,lbp_hist_3_mean,Texture (LBP & Gray),0.11403,0.501171,Pushes FAKE
Dataset\Video\Deepfakes\718_972.mp4,Deepfakes,FAKE,FAKE,0.9324,Top FAKE Evidence,h_hist_4_max,Color (HSV),0.003265,0.500584,Pushes FAKE
Dataset\Video\Deepfakes\718_972.mp4,Deepfakes,FAKE,FAKE,0.9324,Top FAKE Evidence,lbp_hist_8_min,Texture (LBP & Gray),0.086105,0.497624,Pushes FAKE
Dataset\Video\Deepfakes\718_972.mp4,Deepfakes,FAKE,FAKE,0.9324,Top REAL Evidence,h_mean_min,Color (HSV),20.577698,-0.907717,Pushes REAL
Dataset\Video\Deepfakes\718_972.mp4,Deepfakes,FAKE,FAKE,0.9324,Top REAL Evidence,v_hist_4_mean,Color (HSV),0.312584,-0.691056,Pushes REAL
Dataset\Video\Deepfakes\718_972.mp4,Deepfakes,FAKE,FAKE,0.9324,Top REAL Evidence,s_std_mean,Color (HSV),32.517794,-0.634877,Pushes REAL
Dataset\Video\Deepfakes\718_972.mp4,Deepfakes,FAKE,FAKE,0.9324,Top REAL Evidence,h_mean_std,Color (HSV),5.228434,-0.570062,Pushes REAL
Dataset\Video\Deepfakes\718_972.mp4,Deepfakes,FAKE,FAKE,0.9324,Top REAL Evidence,v_hist_0_min,Color (HSV),0.000153,-0.569849,Pushes REAL
Dataset\Video\Deepfakes\718_972.mp4,Deepfakes,FAKE,FAKE,0.9324,Top REAL Evidence,s_std_max,Color (HSV),33.938169,-0.556795,Pushes REAL
Dataset\Video\Deepfakes\718_972.mp4,Deepfakes,FAKE,FAKE,0.9324,Top REAL Evidence,lbp_hist_6_max,Texture (LBP & Gray),0.065033,-0.489507,Pushes REAL
Dataset\Video\Deepfakes\718_972.mp4,Deepfakes,FAKE,FAKE,0.9324,Top REAL Evidence,lbp_hist_6_min,Texture (LBP & Gray),0.056107,-0.461588,Pushes REAL
Dataset\Video\Deepfakes\718_972.mp4,Deepfakes,FAKE,FAKE,0.9324,Top REAL Evidence,glcm_dissimilarity_std,Texture (GLCM),0.046282,-0.421974,Pushes REAL
Dataset\Video\Deepfakes\718_972.mp4,Deepfakes,FAKE,FAKE,0.9324,Top REAL Evidence,s_hist_2_mean,Color (HSV),0.205309,-0.407728,Pushes REAL
Dataset\Video\Deepfakes\777_745.mp4,Deepfakes,FAKE,REAL,0.8823,Top FAKE Evidence,s_hist_6_mean,Color (HSV),0.296422,1.033504,Pushes FAKE
Dataset\Video\Deepfakes\777_745.mp4,Deepfakes,FAKE,REAL,0.8823,Top FAKE Evidence,lbp_hist_5_min,Texture (LBP & Gray),0.245544,0.766238,Pushes FAKE
Dataset\Video\Deepfakes\777_745.mp4,Deepfakes,FAKE,REAL,0.8823,Top FAKE Evidence,edge_std_mean,Edge (Canny),57.316283,0.587542,Pushes FAKE
Dataset\Video\Deepfakes\777_745.mp4,Deepfakes,FAKE,REAL,0.8823,Top FAKE Evidence,glcm_dissimilarity_std,Texture (GLCM),0.164565,0.485421,Pushes FAKE
Dataset\Video\Deepfakes\777_745.mp4,Deepfakes,FAKE,REAL,0.8823,Top FAKE Evidence,h_mean_min,Color (HSV),96.151932,0.431405,Pushes FAKE
Dataset\Video\Deepfakes\777_745.mp4,Deepfakes,FAKE,REAL,0.8823,Top FAKE Evidence,v_hist_4_std,Color (HSV),0.033679,0.423299,Pushes FAKE
Dataset\Video\Deepfakes\777_745.mp4,Deepfakes,FAKE,REAL,0.8823,Top FAKE Evidence,h_std_mean,Color (HSV),38.628946,0.402901,Pushes FAKE
Dataset\Video\Deepfakes\777_745.mp4,Deepfakes,FAKE,REAL,0.8823,Top FAKE Evidence,s_mean_mean,Color (HSV),151.494038,0.36367,Pushes FAKE
Dataset\Video\Deepfakes\777_745.mp4,Deepfakes,FAKE,REAL,0.8823,Top FAKE Evidence,lbp_hist_1_max,Texture (LBP & Gray),0.040009,0.347817,Pushes FAKE
Dataset\Video\Deepfakes\777_745.mp4,Deepfakes,FAKE,REAL,0.8823,Top FAKE Evidence,dct_mid_energy_max,Frequency (DCT),1566.385864,0.334144,Pushes FAKE
Dataset\Video\Deepfakes\777_745.mp4,Deepfakes,FAKE,REAL,0.8823,Top REAL Evidence,s_hist_6_min,Color (HSV),0.203522,-1.807328,Pushes REAL
Dataset\Video\Deepfakes\777_745.mp4,Deepfakes,FAKE,REAL,0.8823,Top REAL Evidence,glcm_correlation_std,Texture (GLCM),0.019118,-1.327189,Pushes REAL
Dataset\Video\Deepfakes\777_745.mp4,Deepfakes,FAKE,REAL,0.8823,Top REAL Evidence,s_hist_4_std,Color (HSV),0.020502,-0.802097,Pushes REAL
Dataset\Video\Deepfakes\777_745.mp4,Deepfakes,FAKE,REAL,0.8823,Top REAL Evidence,lbp_hist_5_mean,Texture (LBP & Gray),0.25441,-0.592656,Pushes REAL
Dataset\Video\Deepfakes\777_745.mp4,Deepfakes,FAKE,REAL,0.8823,Top REAL Evidence,s_hist_6_max,Color (HSV),0.334122,-0.487599,Pushes REAL
Dataset\Video\Deepfakes\777_745.mp4,Deepfakes,FAKE,REAL,0.8823,Top REAL Evidence,v_hist_0_min,Color (HSV),0.045654,-0.377152,Pushes REAL
Dataset\Video\Deepfakes\777_745.mp4,Deepfakes,FAKE,REAL,0.8823,Top REAL Evidence,lbp_hist_2_max,Texture (LBP & Gray),0.017822,-0.370733,Pushes REAL
Dataset\Video\Deepfakes\777_745.mp4,Deepfakes,FAKE,REAL,0.8823,Top REAL Evidence,v_hist_4_mean,Color (HSV),0.226086,-0.351685,Pushes REAL
Dataset\Video\Deepfakes\777_745.mp4,Deepfakes,FAKE,REAL,0.8823,Top REAL Evidence,h_hist_4_max,Color (HSV),0.472473,-0.34243,Pushes REAL
Dataset\Video\Deepfakes\777_745.mp4,Deepfakes,FAKE,REAL,0.8823,Top REAL Evidence,lbp_hist_7_mean,Texture (LBP & Gray),0.054704,-0.332247,Pushes REAL
Dataset\Video\Deepfakes\791_770.mp4,Deepfakes,FAKE,FAKE,0.6428,Top FAKE Evidence,lbp_hist_5_min,Texture (LBP & Gray),0.254074,0.932924,Pushes FAKE
Dataset\Video\Deepfakes\791_770.mp4,Deepfakes,FAKE,FAKE,0.6428,Top FAKE Evidence,glcm_dissimilarity_std,Texture (GLCM),0.210687,0.839241,Pushes FAKE
Dataset\Video\Deepfakes\791_770.mp4,Deepfakes,FAKE,FAKE,0.6428,Top FAKE Evidence,glcm_correlation_max,Texture (GLCM),0.883131,0.660987,Pushes FAKE
Dataset\Video\Deepfakes\791_770.mp4,Deepfakes,FAKE,FAKE,0.6428,Top FAKE Evidence,lbp_hist_5_std,Texture (LBP & Gray),0.012959,0.523958,Pushes FAKE
Dataset\Video\Deepfakes\791_770.mp4,Deepfakes,FAKE,FAKE,0.6428,Top FAKE Evidence,glcm_energy_max,Texture (GLCM),0.091608,0.513759,Pushes FAKE
Dataset\Video\Deepfakes\791_770.mp4,Deepfakes,FAKE,FAKE,0.6428,Top FAKE Evidence,glcm_correlation_mean,Texture (GLCM),0.861991,0.422384,Pushes FAKE
Dataset\Video\Deepfakes\791_770.mp4,Deepfakes,FAKE,FAKE,0.6428,Top FAKE Evidence,h_hist_4_max,Color (HSV),0.081985,0.359149,Pushes FAKE
Dataset\Video\Deepfakes\791_770.mp4,Deepfakes,FAKE,FAKE,0.6428,Top FAKE Evidence,lbp_hist_3_max,Texture (LBP & Gray),0.109909,0.341992,Pushes FAKE
Dataset\Video\Deepfakes\791_770.mp4,Deepfakes,FAKE,FAKE,0.6428,Top FAKE Evidence,s_hist_7_std,Color (HSV),0.001051,0.32246,Pushes FAKE
Dataset\Video\Deepfakes\791_770.mp4,Deepfakes,FAKE,FAKE,0.6428,Top FAKE Evidence,s_hist_6_min,Color (HSV),0.00946,0.317097,Pushes FAKE
Dataset\Video\Deepfakes\791_770.mp4,Deepfakes,FAKE,FAKE,0.6428,Top REAL Evidence,lbp_hist_5_mean,Texture (LBP & Gray),0.270854,-0.857446,Pushes REAL
Dataset\Video\Deepfakes\791_770.mp4,Deepfakes,FAKE,FAKE,0.6428,Top REAL Evidence,glcm_correlation_std,Texture (GLCM),0.010863,-0.604366,Pushes REAL
Dataset\Video\Deepfakes\791_770.mp4,Deepfakes,FAKE,FAKE,0.6428,Top REAL Evidence,dct_mid_energy_max,Frequency (DCT),8486.988281,-0.484778,Pushes REAL
Dataset\Video\Deepfakes\791_770.mp4,Deepfakes,FAKE,FAKE,0.6428,Top REAL Evidence,h_hist_2_min,Color (HSV),0.196991,-0.473749,Pushes REAL
Dataset\Video\Deepfakes\791_770.mp4,Deepfakes,FAKE,FAKE,0.6428,Top REAL Evidence,v_hist_0_min,Color (HSV),0.02449,-0.46678,Pushes REAL
Dataset\Video\Deepfakes\791_770.mp4,Deepfakes,FAKE,FAKE,0.6428,Top REAL Evidence,lbp_hist_5_max,Texture (LBP & Gray),0.296936,-0.455478,Pushes REAL
Dataset\Video\Deepfakes\791_770.mp4,Deepfakes,FAKE,FAKE,0.6428,Top REAL Evidence,edge_std_mean,Edge (Canny),84.277282,-0.43818,Pushes REAL
Dataset\Video\Deepfakes\791_770.mp4,Deepfakes,FAKE,FAKE,0.6428,Top REAL Evidence,dct_high_energy_std,Frequency (DCT),29.860119,-0.423467,Pushes REAL
Dataset\Video\Deepfakes\791_770.mp4,Deepfakes,FAKE,FAKE,0.6428,Top REAL Evidence,dct_mid_energy_min,Frequency (DCT),7575.902832,-0.392151,Pushes REAL
Dataset\Video\Deepfakes\791_770.mp4,Deepfakes,FAKE,FAKE,0.6428,Top REAL Evidence,s_hist_2_mean,Color (HSV),0.196965,-0.3605,Pushes REAL
Dataset\Video\Deepfakes\890_837.mp4,Deepfakes,FAKE,REAL,0.8629,Top FAKE Evidence,lbp_hist_1_std,Texture (LBP & Gray),0.004647,0.902188,Pushes FAKE
Dataset\Video\Deepfakes\890_837.mp4,Deepfakes,FAKE,REAL,0.8629,Top FAKE Evidence,h_mean_min,Color (HSV),109.297516,0.664336,Pushes FAKE
Dataset\Video\Deepfakes\890_837.mp4,Deepfakes,FAKE,REAL,0.8629,Top FAKE Evidence,lbp_hist_6_std,Texture (LBP & Gray),0.003177,0.61651,Pushes FAKE
Dataset\Video\Deepfakes\890_837.mp4,Deepfakes,FAKE,REAL,0.8629,Top FAKE Evidence,h_hist_7_std,Color (HSV),0.022072,0.544546,Pushes FAKE
Dataset\Video\Deepfakes\890_837.mp4,Deepfakes,FAKE,REAL,0.8629,Top FAKE Evidence,s_hist_3_mean,Color (HSV),0.017842,0.504493,Pushes FAKE
Dataset\Video\Deepfakes\890_837.mp4,Deepfakes,FAKE,REAL,0.8629,Top FAKE Evidence,s_hist_6_min,Color (HSV),0.0,0.420662,Pushes FAKE
Dataset\Video\Deepfakes\890_837.mp4,Deepfakes,FAKE,REAL,0.8629,Top FAKE Evidence,lbp_hist_5_min,Texture (LBP & Gray),0.227448,0.412589,Pushes FAKE
Dataset\Video\Deepfakes\890_837.mp4,Deepfakes,FAKE,REAL,0.8629,Top FAKE Evidence,h_std_mean,Color (HSV),38.456106,0.410334,Pushes FAKE
Dataset\Video\Deepfakes\890_837.mp4,Deepfakes,FAKE,REAL,0.8629,Top FAKE Evidence,lbp_hist_5_std,Texture (LBP & Gray),0.011766,0.406555,Pushes FAKE
Dataset\Video\Deepfakes\890_837.mp4,Deepfakes,FAKE,REAL,0.8629,Top FAKE Evidence,edge_std_mean,Edge (Canny),62.671438,0.383807,Pushes FAKE
Dataset\Video\Deepfakes\890_837.mp4,Deepfakes,FAKE,REAL,0.8629,Top REAL Evidence,v_hist_4_mean,Color (HSV),0.557932,-1.653671,Pushes REAL
Dataset\Video\Deepfakes\890_837.mp4,Deepfakes,FAKE,REAL,0.8629,Top REAL Evidence,s_std_mean,Color (HSV),23.659129,-0.817087,Pushes REAL
Dataset\Video\Deepfakes\890_837.mp4,Deepfakes,FAKE,REAL,0.8629,Top REAL Evidence,lbp_hist_6_max,Texture (LBP & Gray),0.071854,-0.810031,Pushes REAL
Dataset\Video\Deepfakes\890_837.mp4,Deepfakes,FAKE,REAL,0.8629,Top REAL Evidence,s_std_max,Color (HSV),24.056522,-0.729526,Pushes REAL
Dataset\Video\Deepfakes\890_837.mp4,Deepfakes,FAKE,REAL,0.8629,Top REAL Evidence,lbp_hist_6_min,Texture (LBP & Gray),0.060364,-0.725057,Pushes REAL
Dataset\Video\Deepfakes\890_837.mp4,Deepfakes,FAKE,REAL,0.8629,Top REAL Evidence,v_hist_0_min,Color (HSV),0.000183,-0.56972,Pushes REAL
Dataset\Video\Deepfakes\890_837.mp4,Deepfakes,FAKE,REAL,0.8629,Top REAL Evidence,h_hist_3_max,Color (HSV),0.258713,-0.548955,Pushes REAL
Dataset\Video\Deepfakes\890_837.mp4,Deepfakes,FAKE,REAL,0.8629,Top REAL Evidence,glcm_dissimilarity_std,Texture (GLCM),0.032555,-0.527285,Pushes REAL
Dataset\Video\Deepfakes\890_837.mp4,Deepfakes,FAKE,REAL,0.8629,Top REAL Evidence,h_hist_7_min,Color (HSV),0.202713,-0.50889,Pushes REAL
Dataset\Video\Deepfakes\890_837.mp4,Deepfakes,FAKE,REAL,0.8629,Top REAL Evidence,s_hist_2_mean,Color (HSV),0.215538,-0.465631,Pushes REAL
Dataset\Video\Face2Face\044_945.mp4,Face2Face,FAKE,FAKE,0.9995,Top FAKE Evidence,v_hist_6_std,Color (HSV),0.058654,2.583451,Pushes FAKE
Dataset\Video\Face2Face\044_945.mp4,Face2Face,FAKE,FAKE,0.9995,Top FAKE Evidence,h_hist_1_min,Color (HSV),0.441254,1.003885,Pushes FAKE
Dataset\Video\Face2Face\044_945.mp4,Face2Face,FAKE,FAKE,0.9995,Top FAKE Evidence,v_hist_5_std,Color (HSV),0.043194,0.830336,Pushes FAKE
Dataset\Video\Face2Face\044_945.mp4,Face2Face,FAKE,FAKE,0.9995,Top FAKE Evidence,v_hist_5_mean,Color (HSV),0.447433,0.786978,Pushes FAKE
Dataset\Video\Face2Face\044_945.mp4,Face2Face,FAKE,FAKE,0.9995,Top FAKE Evidence,v_hist_5_max,Color (HSV),0.511658,0.744961,Pushes FAKE
Dataset\Video\Face2Face\044_945.mp4,Face2Face,FAKE,FAKE,0.9995,Top FAKE Evidence,lbp_hist_4_std,Texture (LBP & Gray),0.015783,0.579154,Pushes FAKE
Dataset\Video\Face2Face\044_945.mp4,Face2Face,FAKE,FAKE,0.9995,Top FAKE Evidence,s_hist_5_std,Color (HSV),0.022925,0.558232,Pushes FAKE
Dataset\Video\Face2Face\044_945.mp4,Face2Face,FAKE,FAKE,0.9995,Top FAKE Evidence,lbp_hist_0_std,Texture (LBP & Gray),0.00048,0.484856,Pushes FAKE
Dataset\Video\Face2Face\044_945.mp4,Face2Face,FAKE,FAKE,0.9995,Top FAKE Evidence,edge_std_mean,Edge (Canny),60.041909,0.483846,Pushes FAKE
Dataset\Video\Face2Face\044_945.mp4,Face2Face,FAKE,FAKE,0.9995,Top FAKE Evidence,v_hist_5_min,Color (HSV),0.383209,0.436759,Pushes FAKE
Dataset\Video\Face2Face\044_945.mp4,Face2Face,FAKE,FAKE,0.9995,Top REAL Evidence,s_hist_5_mean,Color (HSV),0.265076,-0.832997,Pushes REAL
Dataset\Video\Face2Face\044_945.mp4,Face2Face,FAKE,FAKE,0.9995,Top REAL Evidence,s_hist_5_min,Color (HSV),0.228867,-0.796439,Pushes REAL
Dataset\Video\Face2Face\044_945.mp4,Face2Face,FAKE,FAKE,0.9995,Top REAL Evidence,lbp_hist_1_std,Texture (LBP & Gray),0.000838,-0.575365,Pushes REAL
Dataset\Video\Face2Face\044_945.mp4,Face2Face,FAKE,FAKE,0.9995,Top REAL Evidence,glcm_correlation_max,Texture (GLCM),0.980505,-0.486668,Pushes REAL
Dataset\Video\Face2Face\044_945.mp4,Face2Face,FAKE,FAKE,0.9995,Top REAL Evidence,h_mean_min,Color (HSV),46.016479,-0.45696,Pushes REAL
Dataset\Video\Face2Face\044_945.mp4,Face2Face,FAKE,FAKE,0.9995,Top REAL Evidence,s_hist_5_max,Color (HSV),0.292145,-0.455555,Pushes REAL
Dataset\Video\Face2Face\044_945.mp4,Face2Face,FAKE,FAKE,0.9995,Top REAL Evidence,h_hist_0_std,Color (HSV),0.049625,-0.449002,Pushes REAL
Dataset\Video\Face2Face\044_945.mp4,Face2Face,FAKE,FAKE,0.9995,Top REAL Evidence,glcm_energy_max,Texture (GLCM),0.222514,-0.431452,Pushes REAL
Dataset\Video\Face2Face\044_945.mp4,Face2Face,FAKE,FAKE,0.9995,Top REAL Evidence,lbp_hist_9_mean,Texture (LBP & Gray),0.048029,-0.431376,Pushes REAL
Dataset\Video\Face2Face\044_945.mp4,Face2Face,FAKE,FAKE,0.9995,Top REAL Evidence,lbp_hist_5_min,Texture (LBP & Gray),0.184921,-0.418457,Pushes REAL
Dataset\Video\Face2Face\046_904.mp4,Face2Face,FAKE,FAKE,0.5851,Top FAKE Evidence,lbp_hist_5_min,Texture (LBP & Gray),0.253204,0.915928,Pushes FAKE
Dataset\Video\Face2Face\046_904.mp4,Face2Face,FAKE,FAKE,0.5851,Top FAKE Evidence,v_hist_5_mean,Color (HSV),0.390727,0.645322,Pushes FAKE
Dataset\Video\Face2Face\046_904.mp4,Face2Face,FAKE,FAKE,0.5851,Top FAKE Evidence,edge_std_mean,Edge (Canny),57.323489,0.587268,Pushes FAKE
Dataset\Video\Face2Face\046_904.mp4,Face2Face,FAKE,FAKE,0.5851,Top FAKE Evidence,v_hist_5_max,Color (HSV),0.39595,0.509063,Pushes FAKE
Dataset\Video\Face2Face\046_904.mp4,Face2Face,FAKE,FAKE,0.5851,Top FAKE Evidence,gray_mean_min,Texture (LBP & Gray),145.371002,0.494139,Pushes FAKE
Dataset\Video\Face2Face\046_904.mp4,Face2Face,FAKE,FAKE,0.5851,Top FAKE Evidence,s_hist_3_mean,Color (HSV),0.022234,0.482962,Pushes FAKE
Dataset\Video\Face2Face\046_904.mp4,Face2Face,FAKE,FAKE,0.5851,Top FAKE Evidence,lbp_hist_0_std,Texture (LBP & Gray),0.0005,0.47047,Pushes FAKE
Dataset\Video\Face2Face\046_904.mp4,Face2Face,FAKE,FAKE,0.5851,Top FAKE Evidence,h_std_max,Color (HSV),73.273157,0.465788,Pushes FAKE
Dataset\Video\Face2Face\046_904.mp4,Face2Face,FAKE,FAKE,0.5851,Top FAKE Evidence,h_hist_4_max,Color (HSV),0.022781,0.46552,Pushes FAKE
Dataset\Video\Face2Face\046_904.mp4,Face2Face,FAKE,FAKE,0.5851,Top FAKE Evidence,v_hist_5_min,Color (HSV),0.383575,0.43736,Pushes FAKE
Dataset\Video\Face2Face\046_904.mp4,Face2Face,FAKE,FAKE,0.5851,Top REAL Evidence,h_hist_7_min,Color (HSV),0.36113,-1.091735,Pushes REAL
Dataset\Video\Face2Face\046_904.mp4,Face2Face,FAKE,FAKE,0.5851,Top REAL Evidence,h_std_mean,Color (HSV),72.912638,-1.071567,Pushes REAL
Dataset\Video\Face2Face\046_904.mp4,Face2Face,FAKE,FAKE,0.5851,Top REAL Evidence,s_std_mean,Color (HSV),23.836412,-0.81344,Pushes REAL
Dataset\Video\Face2Face\046_904.mp4,Face2Face,FAKE,FAKE,0.5851,Top REAL Evidence,s_std_max,Color (HSV),24.512005,-0.721564,Pushes REAL
Dataset\Video\Face2Face\046_904.mp4,Face2Face,FAKE,FAKE,0.5851,Top REAL Evidence,glcm_dissimilarity_std,Texture (GLCM),0.015741,-0.656271,Pushes REAL
Dataset\Video\Face2Face\046_904.mp4,Face2Face,FAKE,FAKE,0.5851,Top REAL Evidence,lbp_hist_2_max,Texture (LBP & Gray),0.013611,-0.6506,Pushes REAL
Dataset\Video\Face2Face\046_904.mp4,Face2Face,FAKE,FAKE,0.5851,Top REAL Evidence,lbp_hist_5_mean,Texture (LBP & Gray),0.257652,-0.644867,Pushes REAL
Dataset\Video\Face2Face\046_904.mp4,Face2Face,FAKE,FAKE,0.5851,Top REAL Evidence,v_hist_6_min,Color (HSV),0.232025,-0.611154,Pushes REAL
Dataset\Video\Face2Face\046_904.mp4,Face2Face,FAKE,FAKE,0.5851,Top REAL Evidence,h_hist_7_max,Color (HSV),0.393982,-0.530415,Pushes REAL
Dataset\Video\Face2Face\046_904.mp4,Face2Face,FAKE,FAKE,0.5851,Top REAL Evidence,v_hist_0_min,Color (HSV),0.010757,-0.524938,Pushes REAL
Dataset\Video\Face2Face\163_031.mp4,Face2Face,FAKE,REAL,0.8717,Top FAKE Evidence,lbp_hist_5_min,Texture (LBP & Gray),0.260818,1.064723,Pushes FAKE
Dataset\Video\Face2Face\163_031.mp4,Face2Face,FAKE,REAL,0.8717,Top FAKE Evidence,glcm_dissimilarity_std,Texture (GLCM),0.18507,0.642718,Pushes FAKE
Dataset\Video\Face2Face\163_031.mp4,Face2Face,FAKE,REAL,0.8717,Top FAKE Evidence,v_hist_2_min,Color (HSV),0.20578,0.607645,Pushes FAKE
Dataset\Video\Face2Face\163_031.mp4,Face2Face,FAKE,REAL,0.8717,Top FAKE Evidence,h_mean_min,Color (HSV),100.357254,0.505921,Pushes FAKE
Dataset\Video\Face2Face\163_031.mp4,Face2Face,FAKE,REAL,0.8717,Top FAKE Evidence,v_hist_1_min,Color (HSV),0.243576,0.488218,Pushes FAKE
Dataset\Video\Face2Face\163_031.mp4,Face2Face,FAKE,REAL,0.8717,Top FAKE Evidence,lbp_hist_1_max,Texture (LBP & Gray),0.03685,0.450871,Pushes FAKE
Dataset\Video\Face2Face\163_031.mp4,Face2Face,FAKE,REAL,0.8717,Top FAKE Evidence,lbp_hist_0_std,Texture (LBP & Gray),0.000642,0.367861,Pushes FAKE
Dataset\Video\Face2Face\163_031.mp4,Face2Face,FAKE,REAL,0.8717,Top FAKE Evidence,glcm_energy_max,Texture (GLCM),0.113912,0.352712,Pushes FAKE
Dataset\Video\Face2Face\163_031.mp4,Face2Face,FAKE,REAL,0.8717,Top FAKE Evidence,s_hist_3_min,Color (HSV),0.201187,0.348655,Pushes FAKE
Dataset\Video\Face2Face\163_031.mp4,Face2Face,FAKE,REAL,0.8717,Top FAKE Evidence,v_hist_4_mean,Color (HSV),0.051334,0.333953,Pushes FAKE
Dataset\Video\Face2Face\163_031.mp4,Face2Face,FAKE,REAL,0.8717,Top REAL Evidence,dct_high_energy_std,Frequency (DCT),50.23667,-0.908659,Pushes REAL
Dataset\Video\Face2Face\163_031.mp4,Face2Face,FAKE,REAL,0.8717,Top REAL Evidence,lbp_hist_5_mean,Texture (LBP & Gray),0.265637,-0.773441,Pushes REAL
Dataset\Video\Face2Face\163_031.mp4,Face2Face,FAKE,REAL,0.8717,Top REAL Evidence,glcm_correlation_std,Texture (GLCM),0.011906,-0.695689,Pushes REAL
Dataset\Video\Face2Face\163_031.mp4,Face2Face,FAKE,REAL,0.8717,Top REAL Evidence,dct_high_low_ratio_std,Frequency (DCT),5.2e-05,-0.54841,Pushes REAL
Dataset\Video\Face2Face\163_031.mp4,Face2Face,FAKE,REAL,0.8717,Top REAL Evidence,lbp_hist_9_min,Texture (LBP & Gray),0.041595,-0.544176,Pushes REAL
Dataset\Video\Face2Face\163_031.mp4,Face2Face,FAKE,REAL,0.8717,Top REAL Evidence,lbp_hist_7_mean,Texture (LBP & Gray),0.049818,-0.48117,Pushes REAL
Dataset\Video\Face2Face\163_031.mp4,Face2Face,FAKE,REAL,0.8717,Top REAL Evidence,lbp_hist_9_mean,Texture (LBP & Gray),0.046793,-0.460202,Pushes REAL
Dataset\Video\Face2Face\163_031.mp4,Face2Face,FAKE,REAL,0.8717,Top REAL Evidence,v_hist_2_mean,Color (HSV),0.212378,-0.437209,Pushes REAL
Dataset\Video\Face2Face\163_031.mp4,Face2Face,FAKE,REAL,0.8717,Top REAL Evidence,s_hist_3_mean,Color (HSV),0.207567,-0.425729,Pushes REAL
Dataset\Video\Face2Face\163_031.mp4,Face2Face,FAKE,REAL,0.8717,Top REAL Evidence,lbp_hist_2_max,Texture (LBP & Gray),0.017227,-0.410279,Pushes REAL
Dataset\Video\Face2Face\284_263.mp4,Face2Face,FAKE,FAKE,0.7931,Top FAKE Evidence,lbp_hist_5_min,Texture (LBP & Gray),0.285889,1.554643,Pushes FAKE
Dataset\Video\Face2Face\284_263.mp4,Face2Face,FAKE,FAKE,0.7931,Top FAKE Evidence,h_std_mean,Color (HSV),21.637695,1.133658,Pushes FAKE
Dataset\Video\Face2Face\284_263.mp4,Face2Face,FAKE,FAKE,0.7931,Top FAKE Evidence,v_hist_2_min,Color (HSV),0.25853,0.921571,Pushes FAKE
Dataset\Video\Face2Face\284_263.mp4,Face2Face,FAKE,FAKE,0.7931,Top FAKE Evidence,s_hist_3_min,Color (HSV),0.293427,0.699348,Pushes FAKE
Dataset\Video\Face2Face\284_263.mp4,Face2Face,FAKE,FAKE,0.7931,Top FAKE Evidence,h_hist_0_min,Color (HSV),0.899139,0.646934,Pushes FAKE
Dataset\Video\Face2Face\284_263.mp4,Face2Face,FAKE,FAKE,0.7931,Top FAKE Evidence,edge_std_mean,Edge (Canny),56.48822,0.619045,Pushes FAKE
Dataset\Video\Face2Face\284_263.mp4,Face2Face,FAKE,FAKE,0.7931,Top FAKE Evidence,v_hist_2_max,Color (HSV),0.294388,0.59381,Pushes FAKE
Dataset\Video\Face2Face\284_263.mp4,Face2Face,FAKE,FAKE,0.7931,Top FAKE Evidence,lbp_hist_4_max,Texture (LBP & Gray),0.333359,0.541258,Pushes FAKE
Dataset\Video\Face2Face\284_263.mp4,Face2Face,FAKE,FAKE,0.7931,Top FAKE Evidence,lbp_hist_1_max,Texture (LBP & Gray),0.034195,0.537495,Pushes FAKE
Dataset\Video\Face2Face\284_263.mp4,Face2Face,FAKE,FAKE,0.7931,Top FAKE Evidence,glcm_energy_max,Texture (GLCM),0.095242,0.487523,Pushes FAKE
Dataset\Video\Face2Face\284_263.mp4,Face2Face,FAKE,FAKE,0.7931,Top REAL Evidence,lbp_hist_5_mean,Texture (LBP & Gray),0.294583,-1.239532,Pushes REAL
Dataset\Video\Face2Face\284_263.mp4,Face2Face,FAKE,FAKE,0.7931,Top REAL Evidence,h_mean_min,Color (HSV),16.544617,-0.979181,Pushes REAL
Dataset\Video\Face2Face\284_263.mp4,Face2Face,FAKE,FAKE,0.7931,Top REAL Evidence,s_hist_3_mean,Color (HSV),0.308261,-0.919434,Pushes REAL
Dataset\Video\Face2Face\284_263.mp4,Face2Face,FAKE,FAKE,0.7931,Top REAL Evidence,s_hist_2_mean,Color (HSV),0.287759,-0.874437,Pushes REAL
Dataset\Video\Face2Face\284_263.mp4,Face2Face,FAKE,FAKE,0.7931,Top REAL Evidence,lbp_hist_9_min,Texture (LBP & Gray),0.033478,-0.782624,Pushes REAL
Dataset\Video\Face2Face\284_263.mp4,Face2Face,FAKE,FAKE,0.7931,Top REAL Evidence,v_hist_2_mean,Color (HSV),0.274535,-0.726992,Pushes REAL
Dataset\Video\Face2Face\284_263.mp4,Face2Face,FAKE,FAKE,0.7931,Top REAL Evidence,lbp_hist_9_mean,Texture (LBP & Gray),0.036174,-0.707859,Pushes REAL
Dataset\Video\Face2Face\284_263.mp4,Face2Face,FAKE,FAKE,0.7931,Top REAL Evidence,lbp_hist_9_max,Texture (LBP & Gray),0.037842,-0.47886,Pushes REAL
Dataset\Video\Face2Face\284_263.mp4,Face2Face,FAKE,FAKE,0.7931,Top REAL Evidence,lbp_hist_5_max,Texture (LBP & Gray),0.299622,-0.474592,Pushes REAL
Dataset\Video\Face2Face\284_263.mp4,Face2Face,FAKE,FAKE,0.7931,Top REAL Evidence,h_mean_max,Color (HSV),20.030045,-0.47451,Pushes REAL
Dataset\Video\Face2Face\352_319.mp4,Face2Face,FAKE,FAKE,0.8966,Top FAKE Evidence,lbp_hist_3_max,Texture (LBP & Gray),0.129135,0.881547,Pushes FAKE
Dataset\Video\Face2Face\352_319.mp4,Face2Face,FAKE,FAKE,0.8966,Top FAKE Evidence,lbp_hist_3_mean,Texture (LBP & Gray),0.125462,0.787174,Pushes FAKE
Dataset\Video\Face2Face\352_319.mp4,Face2Face,FAKE,FAKE,0.8966,Top FAKE Evidence,h_hist_7_std,Color (HSV),0.026401,0.726744,Pushes FAKE
Dataset\Video\Face2Face\352_319.mp4,Face2Face,FAKE,FAKE,0.8966,Top FAKE Evidence,glcm_energy_max,Texture (GLCM),0.079042,0.604494,Pushes FAKE
Dataset\Video\Face2Face\352_319.mp4,Face2Face,FAKE,FAKE,0.8966,Top FAKE Evidence,lbp_hist_8_min,Texture (LBP & Gray),0.085403,0.500675,Pushes FAKE
Dataset\Video\Face2Face\352_319.mp4,Face2Face,FAKE,FAKE,0.8966,Top FAKE Evidence,lbp_hist_2_max,Texture (LBP & Gray),0.030182,0.450616,Pushes FAKE
Dataset\Video\Face2Face\352_319.mp4,Face2Face,FAKE,FAKE,0.8966,Top FAKE Evidence,lbp_hist_0_std,Texture (LBP & Gray),0.000592,0.40414,Pushes FAKE
Dataset\Video\Face2Face\352_319.mp4,Face2Face,FAKE,FAKE,0.8966,Top FAKE Evidence,lbp_hist_4_max,Texture (LBP & Gray),0.295654,0.371077,Pushes FAKE
Dataset\Video\Face2Face\352_319.mp4,Face2Face,FAKE,FAKE,0.8966,Top FAKE Evidence,v_hist_2_min,Color (HSV),0.162735,0.351473,Pushes FAKE
Dataset\Video\Face2Face\352_319.mp4,Face2Face,FAKE,FAKE,0.8966,Top FAKE Evidence,v_hist_1_std,Color (HSV),0.03333,0.334864,Pushes FAKE
Dataset\Video\Face2Face\352_319.mp4,Face2Face,FAKE,FAKE,0.8966,Top REAL Evidence,lbp_hist_6_min,Texture (LBP & Gray),0.062927,-0.883704,Pushes REAL
Dataset\Video\Face2Face\352_319.mp4,Face2Face,FAKE,FAKE,0.8966,Top REAL Evidence,lbp_hist_6_max,Texture (LBP & Gray),0.066864,-0.575554,Pushes REAL
Dataset\Video\Face2Face\352_319.mp4,Face2Face,FAKE,FAKE,0.8966,Top REAL Evidence,h_mean_std,Color (HSV),4.807847,-0.494756,Pushes REAL
Dataset\Video\Face2Face\352_319.mp4,Face2Face,FAKE,FAKE,0.8966,Top REAL Evidence,glcm_dissimilarity_std,Texture (GLCM),0.045406,-0.428699,Pushes REAL
Dataset\Video\Face2Face\352_319.mp4,Face2Face,FAKE,FAKE,0.8966,Top REAL Evidence,glcm_energy_mean,Texture (GLCM),0.075892,-0.414559,Pushes REAL
Dataset\Video\Face2Face\352_319.mp4,Face2Face,FAKE,FAKE,0.8966,Top REAL Evidence,lbp_hist_1_std,Texture (LBP & Gray),0.001266,-0.409304,Pushes REAL
Dataset\Video\Face2Face\352_319.mp4,Face2Face,FAKE,FAKE,0.8966,Top REAL Evidence,lbp_hist_5_std,Texture (LBP & Gray),0.00402,-0.356172,Pushes REAL
Dataset\Video\Face2Face\352_319.mp4,Face2Face,FAKE,FAKE,0.8966,Top REAL Evidence,v_hist_0_min,Color (HSV),0.055069,-0.337282,Pushes REAL
Dataset\Video\Face2Face\352_319.mp4,Face2Face,FAKE,FAKE,0.8966,Top REAL Evidence,v_hist_2_mean,Color (HSV),0.184818,-0.308719,Pushes REAL
Dataset\Video\Face2Face\352_319.mp4,Face2Face,FAKE,FAKE,0.8966,Top REAL Evidence,h_hist_2_std,Color (HSV),0.013414,-0.305161,Pushes REAL
Dataset\Video\Face2Face\367_371.mp4,Face2Face,FAKE,REAL,0.8431,Top FAKE Evidence,lbp_hist_5_min,Texture (LBP & Gray),0.253418,0.920102,Pushes FAKE
Dataset\Video\Face2Face\367_371.mp4,Face2Face,FAKE,REAL,0.8431,Top FAKE Evidence,h_hist_4_max,Color (HSV),0.021423,0.46796,Pushes FAKE
Dataset\Video\Face2Face\367_371.mp4,Face2Face,FAKE,REAL,0.8431,Top FAKE Evidence,glcm_energy_max,Texture (GLCM),0.101521,0.442183,Pushes FAKE
Dataset\Video\Face2Face\367_371.mp4,Face2Face,FAKE,REAL,0.8431,Top FAKE Evidence,h_hist_0_min,Color (HSV),0.662857,0.397199,Pushes FAKE
Dataset\Video\Face2Face\367_371.mp4,Face2Face,FAKE,REAL,0.8431,Top FAKE Evidence,v_mean_min,Color (HSV),152.591797,0.37319,Pushes FAKE
Dataset\Video\Face2Face\367_371.mp4,Face2Face,FAKE,REAL,0.8431,Top FAKE Evidence,s_mean_mean,Color (HSV),149.711046,0.35264,Pushes FAKE
Dataset\Video\Face2Face\367_371.mp4,Face2Face,FAKE,REAL,0.8431,Top FAKE Evidence,v_hist_5_mean,Color (HSV),0.266881,0.335947,Pushes FAKE
Dataset\Video\Face2Face\367_371.mp4,Face2Face,FAKE,REAL,0.8431,Top FAKE Evidence,lbp_hist_8_min,Texture (LBP & Gray),0.125946,0.324469,Pushes FAKE
Dataset\Video\Face2Face\367_371.mp4,Face2Face,FAKE,REAL,0.8431,Top FAKE Evidence,dct_mid_energy_std,Frequency (DCT),52.129108,0.294768,Pushes FAKE
Dataset\Video\Face2Face\367_371.mp4,Face2Face,FAKE,REAL,0.8431,Top FAKE Evidence,glcm_correlation_std,Texture (GLCM),0.00065,0.289802,Pushes FAKE
Dataset\Video\Face2Face\367_371.mp4,Face2Face,FAKE,REAL,0.8431,Top REAL Evidence,lbp_hist_5_mean,Texture (LBP & Gray),0.265306,-0.76811,Pushes REAL
Dataset\Video\Face2Face\367_371.mp4,Face2Face,FAKE,REAL,0.8431,Top REAL Evidence,glcm_dissimilarity_std,Texture (GLCM),0.009879,-0.70124,Pushes REAL
Dataset\Video\Face2Face\367_371.mp4,Face2Face,FAKE,REAL,0.8431,Top REAL Evidence,s_hist_5_min,Color (HSV),0.183701,-0.595243,Pushes REAL
Dataset\Video\Face2Face\367_371.mp4,Face2Face,FAKE,REAL,0.8431,Top REAL Evidence,s_hist_5_mean,Color (HSV),0.189157,-0.528642,Pushes REAL
Dataset\Video\Face2Face\367_371.mp4,Face2Face,FAKE,REAL,0.8431,Top REAL Evidence,v_hist_0_min,Color (HSV),0.021805,-0.478153,Pushes REAL
Dataset\Video\Face2Face\367_371.mp4,Face2Face,FAKE,REAL,0.8431,Top REAL Evidence,h_mean_min,Color (HSV),45.754639,-0.461599,Pushes REAL
Dataset\Video\Face2Face\367_371.mp4,Face2Face,FAKE,REAL,0.8431,Top REAL Evidence,lbp_hist_6_min,Texture (LBP & Gray),0.056015,-0.455923,Pushes REAL
Dataset\Video\Face2Face\367_371.mp4,Face2Face,FAKE,REAL,0.8431,Top REAL Evidence,lbp_hist_3_std,Texture (LBP & Gray),0.001149,-0.39644,Pushes REAL
Dataset\Video\Face2Face\367_371.mp4,Face2Face,FAKE,REAL,0.8431,Top REAL Evidence,h_std_mean,Color (HSV),56.580542,-0.369159,Pushes REAL
Dataset\Video\Face2Face\367_371.mp4,Face2Face,FAKE,REAL,0.8431,Top REAL Evidence,lbp_hist_5_max,Texture (LBP & Gray),0.283127,-0.357193,Pushes REAL
Dataset\Video\Face2Face\618_629.mp4,Face2Face,FAKE,REAL,0.9959,Top FAKE Evidence,lbp_hist_5_min,Texture (LBP & Gray),0.288498,1.605633,Pushes FAKE
Dataset\Video\Face2Face\618_629.mp4,Face2Face,FAKE,REAL,0.9959,Top FAKE Evidence,edge_std_mean,Edge (Canny),55.068556,0.673056,Pushes FAKE
Dataset\Video\Face2Face\618_629.mp4,Face2Face,FAKE,REAL,0.9959,Top FAKE Evidence,lbp_hist_5_std,Texture (LBP & Gray),0.014302,0.656171,Pushes FAKE
Dataset\Video\Face2Face\618_629.mp4,Face2Face,FAKE,REAL,0.9959,Top FAKE Evidence,lbp_hist_3_std,Texture (LBP & Gray),0.004738,0.521505,Pushes FAKE
Dataset\Video\Face2Face\618_629.mp4,Face2Face,FAKE,REAL,0.9959,Top FAKE Evidence,s_hist_5_std,Color (HSV),0.020854,0.494797,Pushes FAKE
Dataset\Video\Face2Face\618_629.mp4,Face2Face,FAKE,REAL,0.9959,Top FAKE Evidence,v_hist_3_min,Color (HSV),0.464645,0.492317,Pushes FAKE
Dataset\Video\Face2Face\618_629.mp4,Face2Face,FAKE,REAL,0.9959,Top FAKE Evidence,lbp_hist_1_max,Texture (LBP & Gray),0.036209,0.47178,Pushes FAKE
Dataset\Video\Face2Face\618_629.mp4,Face2Face,FAKE,REAL,0.9959,Top FAKE Evidence,lbp_hist_4_std,Texture (LBP & Gray),0.013734,0.441838,Pushes FAKE
Dataset\Video\Face2Face\618_629.mp4,Face2Face,FAKE,REAL,0.9959,Top FAKE Evidence,s_hist_2_mean,Color (HSV),0.063824,0.393135,Pushes FAKE
Dataset\Video\Face2Face\618_629.mp4,Face2Face,FAKE,REAL,0.9959,Top FAKE Evidence,s_hist_6_mean,Color (HSV),0.127554,0.338463,Pushes FAKE
Dataset\Video\Face2Face\618_629.mp4,Face2Face,FAKE,REAL,0.9959,Top REAL Evidence,s_hist_5_min,Color (HSV),0.387604,-1.503549,Pushes REAL
Dataset\Video\Face2Face\618_629.mp4,Face2Face,FAKE,REAL,0.9959,Top REAL Evidence,s_hist_5_mean,Color (HSV),0.42587,-1.477613,Pushes REAL
Dataset\Video\Face2Face\618_629.mp4,Face2Face,FAKE,REAL,0.9959,Top REAL Evidence,lbp_hist_5_mean,Texture (LBP & Gray),0.308406,-1.46211,Pushes REAL
Dataset\Video\Face2Face\618_629.mp4,Face2Face,FAKE,REAL,0.9959,Top REAL Evidence,s_hist_6_min,Color (HSV),0.113373,-0.820451,Pushes REAL
Dataset\Video\Face2Face\618_629.mp4,Face2Face,FAKE,REAL,0.9959,Top REAL Evidence,lbp_hist_5_max,Texture (LBP & Gray),0.344574,-0.794534,Pushes REAL
Dataset\Video\Face2Face\618_629.mp4,Face2Face,FAKE,REAL,0.9959,Top REAL Evidence,s_hist_5_max,Color (HSV),0.451889,-0.776229,Pushes REAL
Dataset\Video\Face2Face\618_629.mp4,Face2Face,FAKE,REAL,0.9959,Top REAL Evidence,lbp_hist_2_max,Texture (LBP & Gray),0.014389,-0.598885,Pushes REAL
Dataset\Video\Face2Face\618_629.mp4,Face2Face,FAKE,REAL,0.9959,Top REAL Evidence,h_hist_4_max,Color (HSV),0.611542,-0.592292,Pushes REAL
Dataset\Video\Face2Face\618_629.mp4,Face2Face,FAKE,REAL,0.9959,Top REAL Evidence,glcm_dissimilarity_std,Texture (GLCM),0.02562,-0.580481,Pushes REAL
Dataset\Video\Face2Face\618_629.mp4,Face2Face,FAKE,REAL,0.9959,Top REAL Evidence,v_hist_0_min,Color (HSV),0.01416,-0.510528,Pushes REAL
Dataset\Video\Face2Face\643_646.mp4,Face2Face,FAKE,FAKE,0.7274,Top FAKE Evidence,s_std_std,Color (HSV),8.202902,1.19907,Pushes FAKE
Dataset\Video\Face2Face\643_646.mp4,Face2Face,FAKE,FAKE,0.7274,Top FAKE Evidence,v_hist_1_min,Color (HSV),0.374496,0.988497,Pushes FAKE
Dataset\Video\Face2Face\643_646.mp4,Face2Face,FAKE,FAKE,0.7274,Top FAKE Evidence,h_hist_7_std,Color (HSV),0.032355,0.977366,Pushes FAKE
Dataset\Video\Face2Face\643_646.mp4,Face2Face,FAKE,FAKE,0.7274,Top FAKE Evidence,glcm_dissimilarity_std,Texture (GLCM),0.220538,0.914807,Pushes FAKE
Dataset\Video\Face2Face\643_646.mp4,Face2Face,FAKE,FAKE,0.7274,Top FAKE Evidence,h_mean_min,Color (HSV),109.098633,0.660812,Pushes FAKE
Dataset\Video\Face2Face\643_646.mp4,Face2Face,FAKE,FAKE,0.7274,Top FAKE Evidence,edge_std_mean,Edge (Canny),56.368305,0.623607,Pushes FAKE
Dataset\Video\Face2Face\643_646.mp4,Face2Face,FAKE,FAKE,0.7274,Top FAKE Evidence,lbp_hist_6_std,Texture (LBP & Gray),0.00295,0.518251,Pushes FAKE
Dataset\Video\Face2Face\643_646.mp4,Face2Face,FAKE,FAKE,0.7274,Top FAKE Evidence,s_hist_3_min,Color (HSV),0.245224,0.516082,Pushes FAKE
Dataset\Video\Face2Face\643_646.mp4,Face2Face,FAKE,FAKE,0.7274,Top FAKE Evidence,v_hist_5_std,Color (HSV),0.028068,0.465612,Pushes FAKE
Dataset\Video\Face2Face\643_646.mp4,Face2Face,FAKE,FAKE,0.7274,Top FAKE Evidence,lbp_hist_5_min,Texture (LBP & Gray),0.229904,0.460597,Pushes FAKE
Dataset\Video\Face2Face\643_646.mp4,Face2Face,FAKE,FAKE,0.7274,Top REAL Evidence,s_hist_2_mean,Color (HSV),0.330623,-1.117063,Pushes REAL
Dataset\Video\Face2Face\643_646.mp4,Face2Face,FAKE,FAKE,0.7274,Top REAL Evidence,glcm_correlation_std,Texture (GLCM),0.016332,-1.083223,Pushes REAL
Dataset\Video\Face2Face\643_646.mp4,Face2Face,FAKE,FAKE,0.7274,Top REAL Evidence,s_hist_7_std,Color (HSV),0.036685,-0.894954,Pushes REAL
Dataset\Video\Face2Face\643_646.mp4,Face2Face,FAKE,FAKE,0.7274,Top REAL Evidence,dct_mid_energy_std,Frequency (DCT),842.166982,-0.781419,Pushes REAL
Dataset\Video\Face2Face\643_646.mp4,Face2Face,FAKE,FAKE,0.7274,Top REAL Evidence,s_hist_3_mean,Color (HSV),0.26557,-0.710119,Pushes REAL
Dataset\Video\Face2Face\643_646.mp4,Face2Face,FAKE,FAKE,0.7274,Top REAL Evidence,dct_high_low_ratio_std,Frequency (DCT),6.3e-05,-0.700141,Pushes REAL
Dataset\Video\Face2Face\643_646.mp4,Face2Face,FAKE,FAKE,0.7274,Top REAL Evidence,dct_high_energy_std,Frequency (DCT),40.37695,-0.673886,Pushes REAL
Dataset\Video\Face2Face\643_646.mp4,Face2Face,FAKE,FAKE,0.7274,Top REAL Evidence,h_std_mean,Color (HSV),61.321002,-0.573036,Pushes REAL
Dataset\Video\Face2Face\643_646.mp4,Face2Face,FAKE,FAKE,0.7274,Top REAL Evidence,h_hist_7_min,Color (HSV),0.214813,-0.553409,Pushes REAL
Dataset\Video\Face2Face\643_646.mp4,Face2Face,FAKE,FAKE,0.7274,Top REAL Evidence,lbp_hist_1_std,Texture (LBP & Gray),0.001002,-0.511588,Pushes REAL
Dataset\Video\Face2Face\718_972.mp4,Face2Face,FAKE,FAKE,0.9251,Top FAKE Evidence,h_hist_7_std,Color (HSV),0.034785,1.079621,Pushes FAKE
Dataset\Video\Face2Face\718_972.mp4,Face2Face,FAKE,FAKE,0.9251,Top FAKE Evidence,v_hist_5_mean,Color (HSV),0.395497,0.657238,Pushes FAKE
Dataset\Video\Face2Face\718_972.mp4,Face2Face,FAKE,FAKE,0.9251,Top FAKE Evidence,h_hist_0_min,Color (HSV),0.81102,0.553797,Pushes FAKE
Dataset\Video\Face2Face\718_972.mp4,Face2Face,FAKE,FAKE,0.9251,Top FAKE Evidence,lbp_hist_4_max,Texture (LBP & Gray),0.335526,0.551037,Pushes FAKE
Dataset\Video\Face2Face\718_972.mp4,Face2Face,FAKE,FAKE,0.9251,Top FAKE Evidence,v_hist_5_max,Color (HSV),0.410736,0.539207,Pushes FAKE
Dataset\Video\Face2Face\718_972.mp4,Face2Face,FAKE,FAKE,0.9251,Top FAKE Evidence,edge_std_mean,Edge (Canny),58.759476,0.532636,Pushes FAKE
Dataset\Video\Face2Face\718_972.mp4,Face2Face,FAKE,FAKE,0.9251,Top FAKE Evidence,lbp_hist_3_max,Texture (LBP & Gray),0.116165,0.517562,Pushes FAKE
Dataset\Video\Face2Face\718_972.mp4,Face2Face,FAKE,FAKE,0.9251,Top FAKE Evidence,h_hist_4_max,Color (HSV),0.003357,0.500419,Pushes FAKE
Dataset\Video\Face2Face\718_972.mp4,Face2Face,FAKE,FAKE,0.9251,Top FAKE Evidence,lbp_hist_3_mean,Texture (LBP & Gray),0.113805,0.495522,Pushes FAKE
Dataset\Video\Face2Face\718_972.mp4,Face2Face,FAKE,FAKE,0.9251,Top FAKE Evidence,lbp_hist_8_min,Texture (LBP & Gray),0.086838,0.494441,Pushes FAKE
Dataset\Video\Face2Face\718_972.mp4,Face2Face,FAKE,FAKE,0.9251,Top REAL Evidence,h_mean_min,Color (HSV),20.878433,-0.902388,Pushes REAL
Dataset\Video\Face2Face\718_972.mp4,Face2Face,FAKE,FAKE,0.9251,Top REAL Evidence,v_hist_4_mean,Color (HSV),0.310558,-0.683105,Pushes REAL
Dataset\Video\Face2Face\718_972.mp4,Face2Face,FAKE,FAKE,0.9251,Top REAL Evidence,s_std_mean,Color (HSV),32.018656,-0.645144,Pushes REAL
Dataset\Video\Face2Face\718_972.mp4,Face2Face,FAKE,FAKE,0.9251,Top REAL Evidence,h_mean_std,Color (HSV),5.473644,-0.613967,Pushes REAL
Dataset\Video\Face2Face\718_972.mp4,Face2Face,FAKE,FAKE,0.9251,Top REAL Evidence,s_std_max,Color (HSV),33.011656,-0.57299,Pushes REAL
Dataset\Video\Face2Face\718_972.mp4,Face2Face,FAKE,FAKE,0.9251,Top REAL Evidence,v_hist_0_min,Color (HSV),0.0,-0.570495,Pushes REAL
Dataset\Video\Face2Face\718_972.mp4,Face2Face,FAKE,FAKE,0.9251,Top REAL Evidence,lbp_hist_6_min,Texture (LBP & Gray),0.056335,-0.475753,Pushes REAL
Dataset\Video\Face2Face\718_972.mp4,Face2Face,FAKE,FAKE,0.9251,Top REAL Evidence,glcm_dissimilarity_std,Texture (GLCM),0.040806,-0.463988,Pushes REAL
Dataset\Video\Face2Face\718_972.mp4,Face2Face,FAKE,FAKE,0.9251,Top REAL Evidence,lbp_hist_6_max,Texture (LBP & Gray),0.063751,-0.429274,Pushes REAL
Dataset\Video\Face2Face\718_972.mp4,Face2Face,FAKE,FAKE,0.9251,Top REAL Evidence,s_hist_2_mean,Color (HSV),0.202184,-0.390039,Pushes REAL
Dataset\Video\Face2Face\777_745.mp4,Face2Face,FAKE,REAL,0.8715,Top FAKE Evidence,s_hist_6_mean,Color (HSV),0.301877,1.055956,Pushes FAKE
Dataset\Video\Face2Face\777_745.mp4,Face2Face,FAKE,REAL,0.8715,Top FAKE Evidence,lbp_hist_5_min,Texture (LBP & Gray),0.250427,0.861658,Pushes FAKE
Dataset\Video\Face2Face\777_745.mp4,Face2Face,FAKE,REAL,0.8715,Top FAKE Evidence,edge_std_mean,Edge (Canny),54.47905,0.695483,Pushes FAKE
Dataset\Video\Face2Face\777_745.mp4,Face2Face,FAKE,REAL,0.8715,Top FAKE Evidence,lbp_hist_6_std,Texture (LBP & Gray),0.003065,0.568349,Pushes FAKE
Dataset\Video\Face2Face\777_745.mp4,Face2Face,FAKE,REAL,0.8715,Top FAKE Evidence,glcm_dissimilarity_std,Texture (GLCM),0.168101,0.512542,Pushes FAKE
Dataset\Video\Face2Face\777_745.mp4,Face2Face,FAKE,REAL,0.8715,Top FAKE Evidence,h_mean_min,Color (HSV),96.694717,0.441023,Pushes FAKE
Dataset\Video\Face2Face\777_745.mp4,Face2Face,FAKE,REAL,0.8715,Top FAKE Evidence,h_std_mean,Color (HSV),37.866833,0.435678,Pushes FAKE
Dataset\Video\Face2Face\777_745.mp4,Face2Face,FAKE,REAL,0.8715,Top FAKE Evidence,v_hist_4_std,Color (HSV),0.033662,0.422966,Pushes FAKE
Dataset\Video\Face2Face\777_745.mp4,Face2Face,FAKE,REAL,0.8715,Top FAKE Evidence,lbp_hist_1_max,Texture (LBP & Gray),0.038177,0.407559,Pushes FAKE
Dataset\Video\Face2Face\777_745.mp4,Face2Face,FAKE,REAL,0.8715,Top FAKE Evidence,s_mean_mean,Color (HSV),152.469872,0.369707,Pushes FAKE
Dataset\Video\Face2Face\777_745.mp4,Face2Face,FAKE,REAL,0.8715,Top REAL Evidence,s_hist_6_min,Color (HSV),0.202316,-1.794132,Pushes REAL
Dataset\Video\Face2Face\777_745.mp4,Face2Face,FAKE,REAL,0.8715,Top REAL Evidence,glcm_correlation_std,Texture (GLCM),0.021535,-1.538755,Pushes REAL
Dataset\Video\Face2Face\777_745.mp4,Face2Face,FAKE,REAL,0.8715,Top REAL Evidence,s_hist_4_std,Color (HSV),0.02071,-0.813668,Pushes REAL
Dataset\Video\Face2Face\777_745.mp4,Face2Face,FAKE,REAL,0.8715,Top REAL Evidence,lbp_hist_5_mean,Texture (LBP & Gray),0.258234,-0.654228,Pushes REAL
Dataset\Video\Face2Face\777_745.mp4,Face2Face,FAKE,REAL,0.8715,Top REAL Evidence,s_hist_6_max,Color (HSV),0.33287,-0.485432,Pushes REAL
Dataset\Video\Face2Face\777_745.mp4,Face2Face,FAKE,REAL,0.8715,Top REAL Evidence,lbp_hist_2_max,Texture (LBP & Gray),0.017014,-0.424475,Pushes REAL
Dataset\Video\Face2Face\777_745.mp4,Face2Face,FAKE,REAL,0.8715,Top REAL Evidence,lbp_hist_6_max,Texture (LBP & Gray),0.063141,-0.400591,Pushes REAL
Dataset\Video\Face2Face\777_745.mp4,Face2Face,FAKE,REAL,0.8715,Top REAL Evidence,v_hist_0_min,Color (HSV),0.048904,-0.363388,Pushes REAL
Dataset\Video\Face2Face\777_745.mp4,Face2Face,FAKE,REAL,0.8715,Top REAL Evidence,h_hist_4_max,Color (HSV),0.48381,-0.3628,Pushes REAL
Dataset\Video\Face2Face\777_745.mp4,Face2Face,FAKE,REAL,0.8715,Top REAL Evidence,v_hist_4_mean,Color (HSV),0.220781,-0.330869,Pushes REAL
Dataset\Video\Face2Face\791_770.mp4,Face2Face,FAKE,FAKE,0.5704,Top FAKE Evidence,glcm_correlation_max,Texture (GLCM),0.876583,0.738158,Pushes FAKE
Dataset\Video\Face2Face\791_770.mp4,Face2Face,FAKE,FAKE,0.5704,Top FAKE Evidence,lbp_hist_5_min,Texture (LBP & Gray),0.241669,0.690499,Pushes FAKE
Dataset\Video\Face2Face\791_770.mp4,Face2Face,FAKE,FAKE,0.5704,Top FAKE Evidence,glcm_energy_max,Texture (GLCM),0.092172,0.509687,Pushes FAKE
Dataset\Video\Face2Face\791_770.mp4,Face2Face,FAKE,FAKE,0.5704,Top FAKE Evidence,glcm_dissimilarity_std,Texture (GLCM),0.159885,0.449516,Pushes FAKE
Dataset\Video\Face2Face\791_770.mp4,Face2Face,FAKE,FAKE,0.5704,Top FAKE Evidence,glcm_correlation_mean,Texture (GLCM),0.859961,0.434404,Pushes FAKE
Dataset\Video\Face2Face\791_770.mp4,Face2Face,FAKE,FAKE,0.5704,Top FAKE Evidence,h_hist_4_max,Color (HSV),0.074814,0.372034,Pushes FAKE
Dataset\Video\Face2Face\791_770.mp4,Face2Face,FAKE,FAKE,0.5704,Top FAKE Evidence,lbp_hist_3_max,Texture (LBP & Gray),0.110474,0.357836,Pushes FAKE
Dataset\Video\Face2Face\791_770.mp4,Face2Face,FAKE,FAKE,0.5704,Top FAKE Evidence,lbp_hist_3_mean,Texture (LBP & Gray),0.107756,0.344198,Pushes FAKE
Dataset\Video\Face2Face\791_770.mp4,Face2Face,FAKE,FAKE,0.5704,Top FAKE Evidence,lbp_hist_8_min,Texture (LBP & Gray),0.121506,0.343768,Pushes FAKE
Dataset\Video\Face2Face\791_770.mp4,Face2Face,FAKE,FAKE,0.5704,Top FAKE Evidence,gray_mean_min,Texture (LBP & Gray),129.006424,0.33961,Pushes FAKE
Dataset\Video\Face2Face\791_770.mp4,Face2Face,FAKE,FAKE,0.5704,Top REAL Evidence,lbp_hist_5_mean,Texture (LBP & Gray),0.260393,-0.688995,Pushes REAL
Dataset\Video\Face2Face\791_770.mp4,Face2Face,FAKE,FAKE,0.5704,Top REAL Evidence,v_hist_0_min,Color (HSV),0.007156,-0.540188,Pushes REAL
Dataset\Video\Face2Face\791_770.mp4,Face2Face,FAKE,FAKE,0.5704,Top REAL Evidence,glcm_correlation_std,Texture (GLCM),0.009548,-0.489254,Pushes REAL
Dataset\Video\Face2Face\791_770.mp4,Face2Face,FAKE,FAKE,0.5704,Top REAL Evidence,h_hist_2_min,Color (HSV),0.197403,-0.474977,Pushes REAL
Dataset\Video\Face2Face\791_770.mp4,Face2Face,FAKE,FAKE,0.5704,Top REAL Evidence,s_std_mean,Color (HSV),42.729158,-0.424844,Pushes REAL
Dataset\Video\Face2Face\791_770.mp4,Face2Face,FAKE,FAKE,0.5704,Top REAL Evidence,edge_std_mean,Edge (Canny),83.306696,-0.401255,Pushes REAL
Dataset\Video\Face2Face\791_770.mp4,Face2Face,FAKE,FAKE,0.5704,Top REAL Evidence,s_std_max,Color (HSV),43.880901,-0.382996,Pushes REAL
Dataset\Video\Face2Face\791_770.mp4,Face2Face,FAKE,FAKE,0.5704,Top REAL Evidence,s_hist_2_mean,Color (HSV),0.200781,-0.382101,Pushes REAL
Dataset\Video\Face2Face\791_770.mp4,Face2Face,FAKE,FAKE,0.5704,Top REAL Evidence,h_hist_3_max,Color (HSV),0.192856,-0.368125,Pushes REAL
Dataset\Video\Face2Face\791_770.mp4,Face2Face,FAKE,FAKE,0.5704,Top REAL Evidence,dct_mid_energy_max,Frequency (DCT),7488.183105,-0.366589,Pushes REAL
Dataset\Video\Face2Face\890_837.mp4,Face2Face,FAKE,REAL,0.8956,Top FAKE Evidence,lbp_hist_1_std,Texture (LBP & Gray),0.005155,1.099141,Pushes FAKE
Dataset\Video\Face2Face\890_837.mp4,Face2Face,FAKE,REAL,0.8956,Top FAKE Evidence,h_mean_min,Color (HSV),106.825912,0.620541,Pushes FAKE
Dataset\Video\Face2Face\890_837.mp4,Face2Face,FAKE,REAL,0.8956,Top FAKE Evidence,h_hist_7_std,Color (HSV),0.022476,0.561542,Pushes FAKE
Dataset\Video\Face2Face\890_837.mp4,Face2Face,FAKE,REAL,0.8956,Top FAKE Evidence,s_hist_3_mean,Color (HSV),0.016664,0.510269,Pushes FAKE
Dataset\Video\Face2Face\890_837.mp4,Face2Face,FAKE,REAL,0.8956,Top FAKE Evidence,lbp_hist_6_std,Texture (LBP & Gray),0.002921,0.506067,Pushes FAKE
Dataset\Video\Face2Face\890_837.mp4,Face2Face,FAKE,REAL,0.8956,Top FAKE Evidence,v_hist_6_std,Color (HSV),0.016722,0.498248,Pushes FAKE
Dataset\Video\Face2Face\890_837.mp4,Face2Face,FAKE,REAL,0.8956,Top FAKE Evidence,s_hist_6_min,Color (HSV),1.5e-05,0.420495,Pushes FAKE
Dataset\Video\Face2Face\890_837.mp4,Face2Face,FAKE,REAL,0.8956,Top FAKE Evidence,edge_std_mean,Edge (Canny),61.98897,0.409771,Pushes FAKE
Dataset\Video\Face2Face\890_837.mp4,Face2Face,FAKE,REAL,0.8956,Top FAKE Evidence,lbp_hist_5_min,Texture (LBP & Gray),0.227234,0.408414,Pushes FAKE
Dataset\Video\Face2Face\890_837.mp4,Face2Face,FAKE,REAL,0.8956,Top FAKE Evidence,h_std_mean,Color (HSV),38.785864,0.396152,Pushes FAKE
Dataset\Video\Face2Face\890_837.mp4,Face2Face,FAKE,REAL,0.8956,Top REAL Evidence,v_hist_4_mean,Color (HSV),0.553658,-1.636902,Pushes REAL
Dataset\Video\Face2Face\890_837.mp4,Face2Face,FAKE,REAL,0.8956,Top REAL Evidence,s_std_mean,Color (HSV),25.002005,-0.789466,Pushes REAL
Dataset\Video\Face2Face\890_837.mp4,Face2Face,FAKE,REAL,0.8956,Top REAL Evidence,lbp_hist_6_max,Texture (LBP & Gray),0.07103,-0.77131,Pushes REAL
Dataset\Video\Face2Face\890_837.mp4,Face2Face,FAKE,REAL,0.8956,Top REAL Evidence,lbp_hist_6_min,Texture (LBP & Gray),0.060364,-0.725057,Pushes REAL
Dataset\Video\Face2Face\890_837.mp4,Face2Face,FAKE,REAL,0.8956,Top REAL Evidence,s_std_max,Color (HSV),25.875068,-0.697737,Pushes REAL
Dataset\Video\Face2Face\890_837.mp4,Face2Face,FAKE,REAL,0.8956,Top REAL Evidence,v_hist_0_min,Color (HSV),0.000244,-0.569461,Pushes REAL
Dataset\Video\Face2Face\890_837.mp4,Face2Face,FAKE,REAL,0.8956,Top REAL Evidence,glcm_dissimilarity_std,Texture (GLCM),0.027403,-0.566803,Pushes REAL
Dataset\Video\Face2Face\890_837.mp4,Face2Face,FAKE,REAL,0.8956,Top REAL Evidence,h_hist_3_max,Color (HSV),0.258118,-0.547321,Pushes REAL
Dataset\Video\Face2Face\890_837.mp4,Face2Face,FAKE,REAL,0.8956,Top REAL Evidence,s_hist_2_mean,Color (HSV),0.227798,-0.535031,Pushes REAL
Dataset\Video\Face2Face\890_837.mp4,Face2Face,FAKE,REAL,0.8956,Top REAL Evidence,h_hist_2_std,Color (HSV),0.019762,-0.533403,Pushes REAL
Dataset\Video\FaceShifter\044_945.mp4,FaceShifter,FAKE,FAKE,0.9973,Top FAKE Evidence,v_hist_6_std,Color (HSV),0.053029,2.303724,Pushes FAKE
Dataset\Video\FaceShifter\044_945.mp4,FaceShifter,FAKE,FAKE,0.9973,Top FAKE Evidence,h_hist_1_min,Color (HSV),0.437408,0.993871,Pushes FAKE
Dataset\Video\FaceShifter\044_945.mp4,FaceShifter,FAKE,FAKE,0.9973,Top FAKE Evidence,v_hist_5_mean,Color (HSV),0.441379,0.771853,Pushes FAKE
Dataset\Video\FaceShifter\044_945.mp4,FaceShifter,FAKE,FAKE,0.9973,Top FAKE Evidence,v_hist_5_max,Color (HSV),0.508636,0.738801,Pushes FAKE
Dataset\Video\FaceShifter\044_945.mp4,FaceShifter,FAKE,FAKE,0.9973,Top FAKE Evidence,v_hist_5_std,Color (HSV),0.039396,0.738767,Pushes FAKE
Dataset\Video\FaceShifter\044_945.mp4,FaceShifter,FAKE,FAKE,0.9973,Top FAKE Evidence,s_hist_5_std,Color (HSV),0.021568,0.516663,Pushes FAKE
Dataset\Video\FaceShifter\044_945.mp4,FaceShifter,FAKE,FAKE,0.9973,Top FAKE Evidence,edge_std_mean,Edge (Canny),60.484906,0.466993,Pushes FAKE
Dataset\Video\FaceShifter\044_945.mp4,FaceShifter,FAKE,FAKE,0.9973,Top FAKE Evidence,h_hist_1_mean,Color (HSV),0.506793,0.435317,Pushes FAKE
Dataset\Video\FaceShifter\044_945.mp4,FaceShifter,FAKE,FAKE,0.9973,Top FAKE Evidence,v_hist_5_min,Color (HSV),0.381317,0.433649,Pushes FAKE
Dataset\Video\FaceShifter\044_945.mp4,FaceShifter,FAKE,FAKE,0.9973,Top FAKE Evidence,lbp_hist_5_mean,Texture (LBP & Gray),0.190872,0.430433,Pushes FAKE
Dataset\Video\FaceShifter\044_945.mp4,FaceShifter,FAKE,FAKE,0.9973,Top REAL Evidence,s_hist_5_mean,Color (HSV),0.270581,-0.855067,Pushes REAL
Dataset\Video\FaceShifter\044_945.mp4,FaceShifter,FAKE,FAKE,0.9973,Top REAL Evidence,s_hist_5_min,Color (HSV),0.216095,-0.739547,Pushes REAL
Dataset\Video\FaceShifter\044_945.mp4,FaceShifter,FAKE,FAKE,0.9973,Top REAL Evidence,s_hist_4_std,Color (HSV),0.016007,-0.552423,Pushes REAL
Dataset\Video\FaceShifter\044_945.mp4,FaceShifter,FAKE,FAKE,0.9973,Top REAL Evidence,lbp_hist_1_std,Texture (LBP & Gray),0.001017,-0.505902,Pushes REAL
Dataset\Video\FaceShifter\044_945.mp4,FaceShifter,FAKE,FAKE,0.9973,Top REAL Evidence,glcm_correlation_max,Texture (GLCM),0.981126,-0.493994,Pushes REAL
Dataset\Video\FaceShifter\044_945.mp4,FaceShifter,FAKE,FAKE,0.9973,Top REAL Evidence,h_mean_min,Color (HSV),45.433273,-0.467294,Pushes REAL
Dataset\Video\FaceShifter\044_945.mp4,FaceShifter,FAKE,FAKE,0.9973,Top REAL Evidence,glcm_energy_max,Texture (GLCM),0.226976,-0.463672,Pushes REAL
Dataset\Video\FaceShifter\044_945.mp4,FaceShifter,FAKE,FAKE,0.9973,Top REAL Evidence,s_hist_5_max,Color (HSV),0.290054,-0.451358,Pushes REAL
Dataset\Video\FaceShifter\044_945.mp4,FaceShifter,FAKE,FAKE,0.9973,Top REAL Evidence,lbp_hist_5_min,Texture (LBP & Gray),0.183411,-0.447978,Pushes REAL
Dataset\Video\FaceShifter\044_945.mp4,FaceShifter,FAKE,FAKE,0.9973,Top REAL Evidence,glcm_dissimilarity_std,Texture (GLCM),0.043972,-0.439695,Pushes REAL
Dataset\Video\FaceShifter\046_904.mp4,FaceShifter,FAKE,FAKE,0.5476,Top FAKE Evidence,lbp_hist_5_min,Texture (LBP & Gray),0.251312,0.878953,Pushes FAKE
Dataset\Video\FaceShifter\046_904.mp4,FaceShifter,FAKE,FAKE,0.5476,Top FAKE Evidence,v_hist_5_mean,Color (HSV),0.388873,0.640691,Pushes FAKE
Dataset\Video\FaceShifter\046_904.mp4,FaceShifter,FAKE,FAKE,0.5476,Top FAKE Evidence,edge_std_mean,Edge (Canny),56.413008,0.621907,Pushes FAKE
Dataset\Video\FaceShifter\046_904.mp4,FaceShifter,FAKE,FAKE,0.5476,Top FAKE Evidence,h_hist_7_std,Color (HSV),0.023457,0.602834,Pushes FAKE
Dataset\Video\FaceShifter\046_904.mp4,FaceShifter,FAKE,FAKE,0.5476,Top FAKE Evidence,v_hist_5_max,Color (HSV),0.398605,0.514476,Pushes FAKE
Dataset\Video\FaceShifter\046_904.mp4,FaceShifter,FAKE,FAKE,0.5476,Top FAKE Evidence,gray_mean_min,Texture (LBP & Gray),145.059387,0.491196,Pushes FAKE
Dataset\Video\FaceShifter\046_904.mp4,FaceShifter,FAKE,FAKE,0.5476,Top FAKE Evidence,h_std_max,Color (HSV),72.88719,0.45809,Pushes FAKE
Dataset\Video\FaceShifter\046_904.mp4,FaceShifter,FAKE,FAKE,0.5476,Top FAKE Evidence,s_hist_3_mean,Color (HSV),0.027919,0.455086,Pushes FAKE
Dataset\Video\FaceShifter\046_904.mp4,FaceShifter,FAKE,FAKE,0.5476,Top FAKE Evidence,lbp_hist_1_max,Texture (LBP & Gray),0.036789,0.452862,Pushes FAKE
Dataset\Video\FaceShifter\046_904.mp4,FaceShifter,FAKE,FAKE,0.5476,Top FAKE Evidence,v_mean_min,Color (HSV),157.360809,0.421017,Pushes FAKE
Dataset\Video\FaceShifter\046_904.mp4,FaceShifter,FAKE,FAKE,0.5476,Top REAL Evidence,h_std_mean,Color (HSV),72.039497,-1.034015,Pushes REAL
Dataset\Video\FaceShifter\046_904.mp4,FaceShifter,FAKE,FAKE,0.5476,Top REAL Evidence,h_hist_7_min,Color (HSV),0.283676,-0.806769,Pushes REAL
Dataset\Video\FaceShifter\046_904.mp4,FaceShifter,FAKE,FAKE,0.5476,Top REAL Evidence,s_std_mean,Color (HSV),25.144,-0.786545,Pushes REAL
Dataset\Video\FaceShifter\046_904.mp4,FaceShifter,FAKE,FAKE,0.5476,Top REAL Evidence,lbp_hist_9_min,Texture (LBP & Gray),0.034805,-0.743629,Pushes REAL
Dataset\Video\FaceShifter\046_904.mp4,FaceShifter,FAKE,FAKE,0.5476,Top REAL Evidence,lbp_hist_5_mean,Texture (LBP & Gray),0.261528,-0.707275,Pushes REAL
Dataset\Video\FaceShifter\046_904.mp4,FaceShifter,FAKE,FAKE,0.5476,Top REAL Evidence,s_std_max,Color (HSV),27.278537,-0.673205,Pushes REAL
Dataset\Video\FaceShifter\046_904.mp4,FaceShifter,FAKE,FAKE,0.5476,Top REAL Evidence,lbp_hist_7_std,Texture (LBP & Gray),0.003773,-0.640364,Pushes REAL
Dataset\Video\FaceShifter\046_904.mp4,FaceShifter,FAKE,FAKE,0.5476,Top REAL Evidence,lbp_hist_2_max,Texture (LBP & Gray),0.013855,-0.634375,Pushes REAL
Dataset\Video\FaceShifter\046_904.mp4,FaceShifter,FAKE,FAKE,0.5476,Top REAL Evidence,v_hist_6_min,Color (HSV),0.235199,-0.624597,Pushes REAL
Dataset\Video\FaceShifter\046_904.mp4,FaceShifter,FAKE,FAKE,0.5476,Top REAL Evidence,glcm_dissimilarity_std,Texture (GLCM),0.025636,-0.580361,Pushes REAL
Dataset\Video\FaceShifter\163_031.mp4,FaceShifter,FAKE,REAL,0.8925,Top FAKE Evidence,lbp_hist_5_min,Texture (LBP & Gray),0.26033,1.055181,Pushes FAKE
Dataset\Video\FaceShifter\163_031.mp4,FaceShifter,FAKE,REAL,0.8925,Top FAKE Evidence,v_hist_2_min,Color (HSV),0.209274,0.62844,Pushes FAKE
Dataset\Video\FaceShifter\163_031.mp4,FaceShifter,FAKE,REAL,0.8925,Top FAKE Evidence,h_mean_min,Color (HSV),100.438583,0.507362,Pushes FAKE
Dataset\Video\FaceShifter\163_031.mp4,FaceShifter,FAKE,REAL,0.8925,Top FAKE Evidence,v_hist_1_min,Color (HSV),0.243347,0.487343,Pushes FAKE
Dataset\Video\FaceShifter\163_031.mp4,FaceShifter,FAKE,REAL,0.8925,Top FAKE Evidence,lbp_hist_1_max,Texture (LBP & Gray),0.035767,0.486218,Pushes FAKE
Dataset\Video\FaceShifter\163_031.mp4,FaceShifter,FAKE,REAL,0.8925,Top FAKE Evidence,s_hist_3_min,Color (HSV),0.205826,0.366291,Pushes FAKE
Dataset\Video\FaceShifter\163_031.mp4,FaceShifter,FAKE,REAL,0.8925,Top FAKE Evidence,lbp_hist_0_std,Texture (LBP & Gray),0.00066,0.355463,Pushes FAKE
Dataset\Video\FaceShifter\163_031.mp4,FaceShifter,FAKE,REAL,0.8925,Top FAKE Evidence,glcm_energy_max,Texture (GLCM),0.114127,0.35116,Pushes FAKE
Dataset\Video\FaceShifter\163_031.mp4,FaceShifter,FAKE,REAL,0.8925,Top FAKE Evidence,lbp_hist_7_min,Texture (LBP & Gray),0.044632,0.336425,Pushes FAKE
Dataset\Video\FaceShifter\163_031.mp4,FaceShifter,FAKE,REAL,0.8925,Top FAKE Evidence,v_hist_4_mean,Color (HSV),0.054909,0.319926,Pushes FAKE
Dataset\Video\FaceShifter\163_031.mp4,FaceShifter,FAKE,REAL,0.8925,Top REAL Evidence,lbp_hist_5_mean,Texture (LBP & Gray),0.265663,-0.773859,Pushes REAL
Dataset\Video\FaceShifter\163_031.mp4,FaceShifter,FAKE,REAL,0.8925,Top REAL Evidence,dct_high_energy_std,Frequency (DCT),40.281003,-0.671602,Pushes REAL
Dataset\Video\FaceShifter\163_031.mp4,FaceShifter,FAKE,REAL,0.8925,Top REAL Evidence,lbp_hist_1_std,Texture (LBP & Gray),0.000911,-0.546982,Pushes REAL
Dataset\Video\FaceShifter\163_031.mp4,FaceShifter,FAKE,REAL,0.8925,Top REAL Evidence,glcm_correlation_std,Texture (GLCM),0.009539,-0.488486,Pushes REAL
Dataset\Video\FaceShifter\163_031.mp4,FaceShifter,FAKE,REAL,0.8925,Top REAL Evidence,lbp_hist_7_mean,Texture (LBP & Gray),0.049715,-0.484333,Pushes REAL
Dataset\Video\FaceShifter\163_031.mp4,FaceShifter,FAKE,REAL,0.8925,Top REAL Evidence,lbp_hist_9_min,Texture (LBP & Gray),0.043823,-0.478737,Pushes REAL
Dataset\Video\FaceShifter\163_031.mp4,FaceShifter,FAKE,REAL,0.8925,Top REAL Evidence,lbp_hist_9_mean,Texture (LBP & Gray),0.047247,-0.449597,Pushes REAL
Dataset\Video\FaceShifter\163_031.mp4,FaceShifter,FAKE,REAL,0.8925,Top REAL Evidence,v_hist_2_mean,Color (HSV),0.213461,-0.44226,Pushes REAL
Dataset\Video\FaceShifter\163_031.mp4,FaceShifter,FAKE,REAL,0.8925,Top REAL Evidence,s_hist_3_mean,Color (HSV),0.210394,-0.439592,Pushes REAL
Dataset\Video\FaceShifter\163_031.mp4,FaceShifter,FAKE,REAL,0.8925,Top REAL Evidence,lbp_hist_2_max,Texture (LBP & Gray),0.016983,-0.426503,Pushes REAL
Dataset\Video\FaceShifter\284_263.mp4,FaceShifter,FAKE,FAKE,0.848,Top FAKE Evidence,lbp_hist_5_min,Texture (LBP & Gray),0.288712,1.609808,Pushes FAKE
Dataset\Video\FaceShifter\284_263.mp4,FaceShifter,FAKE,FAKE,0.848,Top FAKE Evidence,h_std_mean,Color (HSV),22.147622,1.111727,Pushes FAKE
Dataset\Video\FaceShifter\284_263.mp4,FaceShifter,FAKE,FAKE,0.848,Top FAKE Evidence,v_hist_2_min,Color (HSV),0.259216,0.925658,Pushes FAKE
Dataset\Video\FaceShifter\284_263.mp4,FaceShifter,FAKE,FAKE,0.848,Top FAKE Evidence,h_hist_0_min,Color (HSV),0.898941,0.646724,Pushes FAKE
Dataset\Video\FaceShifter\284_263.mp4,FaceShifter,FAKE,FAKE,0.848,Top FAKE Evidence,s_hist_3_min,Color (HSV),0.274384,0.626947,Pushes FAKE
Dataset\Video\FaceShifter\284_263.mp4,FaceShifter,FAKE,FAKE,0.848,Top FAKE Evidence,edge_std_mean,Edge (Canny),57.131383,0.594576,Pushes FAKE
Dataset\Video\FaceShifter\284_263.mp4,FaceShifter,FAKE,FAKE,0.848,Top FAKE Evidence,v_hist_2_max,Color (HSV),0.29393,0.592104,Pushes FAKE
Dataset\Video\FaceShifter\284_263.mp4,FaceShifter,FAKE,FAKE,0.848,Top FAKE Evidence,lbp_hist_4_max,Texture (LBP & Gray),0.335068,0.548971,Pushes FAKE
Dataset\Video\FaceShifter\284_263.mp4,FaceShifter,FAKE,FAKE,0.848,Top FAKE Evidence,lbp_hist_1_max,Texture (LBP & Gray),0.034317,0.533513,Pushes FAKE
Dataset\Video\FaceShifter\284_263.mp4,FaceShifter,FAKE,FAKE,0.848,Top FAKE Evidence,glcm_energy_max,Texture (GLCM),0.095538,0.485383,Pushes FAKE
Dataset\Video\FaceShifter\284_263.mp4,FaceShifter,FAKE,FAKE,0.848,Top REAL Evidence,lbp_hist_5_mean,Texture (LBP & Gray),0.296141,-1.264617,Pushes REAL
Dataset\Video\FaceShifter\284_263.mp4,FaceShifter,FAKE,FAKE,0.848,Top REAL Evidence,h_mean_min,Color (HSV),16.58429,-0.978478,Pushes REAL
Dataset\Video\FaceShifter\284_263.mp4,FaceShifter,FAKE,FAKE,0.848,Top REAL Evidence,s_hist_2_mean,Color (HSV),0.296753,-0.925344,Pushes REAL
Dataset\Video\FaceShifter\284_263.mp4,FaceShifter,FAKE,FAKE,0.848,Top REAL Evidence,s_hist_3_mean,Color (HSV),0.298634,-0.872234,Pushes REAL
Dataset\Video\FaceShifter\284_263.mp4,FaceShifter,FAKE,FAKE,0.848,Top REAL Evidence,lbp_hist_9_min,Texture (LBP & Gray),0.033997,-0.767384,Pushes REAL
Dataset\Video\FaceShifter\284_263.mp4,FaceShifter,FAKE,FAKE,0.848,Top REAL Evidence,v_hist_2_mean,Color (HSV),0.276424,-0.735799,Pushes REAL
Dataset\Video\FaceShifter\284_263.mp4,FaceShifter,FAKE,FAKE,0.848,Top REAL Evidence,lbp_hist_9_mean,Texture (LBP & Gray),0.035881,-0.714692,Pushes REAL
Dataset\Video\FaceShifter\284_263.mp4,FaceShifter,FAKE,FAKE,0.848,Top REAL Evidence,lbp_hist_5_max,Texture (LBP & Gray),0.301834,-0.490339,Pushes REAL
Dataset\Video\FaceShifter\284_263.mp4,FaceShifter,FAKE,FAKE,0.848,Top REAL Evidence,lbp_hist_7_mean,Texture (LBP & Gray),0.049648,-0.486379,Pushes REAL
Dataset\Video\FaceShifter\284_263.mp4,FaceShifter,FAKE,FAKE,0.848,Top REAL Evidence,h_mean_max,Color (HSV),20.030899,-0.474503,Pushes REAL
Dataset\Video\FaceShifter\352_319.mp4,FaceShifter,FAKE,FAKE,0.8437,Top FAKE Evidence,lbp_hist_3_max,Texture (LBP & Gray),0.12851,0.86399,Pushes FAKE
Dataset\Video\FaceShifter\352_319.mp4,FaceShifter,FAKE,FAKE,0.8437,Top FAKE Evidence,lbp_hist_3_mean,Texture (LBP & Gray),0.124951,0.774385,Pushes FAKE
Dataset\Video\FaceShifter\352_319.mp4,FaceShifter,FAKE,FAKE,0.8437,Top FAKE Evidence,h_hist_7_std,Color (HSV),0.023811,0.617736,Pushes FAKE
Dataset\Video\FaceShifter\352_319.mp4,FaceShifter,FAKE,FAKE,0.8437,Top FAKE Evidence,glcm_energy_max,Texture (GLCM),0.080223,0.595965,Pushes FAKE
Dataset\Video\FaceShifter\352_319.mp4,FaceShifter,FAKE,FAKE,0.8437,Top FAKE Evidence,v_hist_6_std,Color (HSV),0.017571,0.54047,Pushes FAKE
Dataset\Video\FaceShifter\352_319.mp4,FaceShifter,FAKE,FAKE,0.8437,Top FAKE Evidence,lbp_hist_8_min,Texture (LBP & Gray),0.08168,0.516856,Pushes FAKE
Dataset\Video\FaceShifter\352_319.mp4,FaceShifter,FAKE,FAKE,0.8437,Top FAKE Evidence,s_std_std,Color (HSV),4.136036,0.421402,Pushes FAKE
Dataset\Video\FaceShifter\352_319.mp4,FaceShifter,FAKE,FAKE,0.8437,Top FAKE Evidence,v_hist_1_std,Color (HSV),0.039346,0.413808,Pushes FAKE
Dataset\Video\FaceShifter\352_319.mp4,FaceShifter,FAKE,FAKE,0.8437,Top FAKE Evidence,lbp_hist_2_max,Texture (LBP & Gray),0.029465,0.402958,Pushes FAKE
Dataset\Video\FaceShifter\352_319.mp4,FaceShifter,FAKE,FAKE,0.8437,Top FAKE Evidence,lbp_hist_4_max,Texture (LBP & Gray),0.299789,0.389741,Pushes FAKE
Dataset\Video\FaceShifter\352_319.mp4,FaceShifter,FAKE,FAKE,0.8437,Top REAL Evidence,lbp_hist_6_min,Texture (LBP & Gray),0.063309,-0.907312,Pushes REAL
Dataset\Video\FaceShifter\352_319.mp4,FaceShifter,FAKE,FAKE,0.8437,Top REAL Evidence,h_mean_std,Color (HSV),6.585028,-0.812961,Pushes REAL
Dataset\Video\FaceShifter\352_319.mp4,FaceShifter,FAKE,FAKE,0.8437,Top REAL Evidence,lbp_hist_6_max,Texture (LBP & Gray),0.068039,-0.630767,Pushes REAL
Dataset\Video\FaceShifter\352_319.mp4,FaceShifter,FAKE,FAKE,0.8437,Top REAL Evidence,h_hist_2_std,Color (HSV),0.017966,-0.468804,Pushes REAL
Dataset\Video\FaceShifter\352_319.mp4,FaceShifter,FAKE,FAKE,0.8437,Top REAL Evidence,glcm_energy_mean,Texture (GLCM),0.076302,-0.412088,Pushes REAL
Dataset\Video\FaceShifter\352_319.mp4,FaceShifter,FAKE,FAKE,0.8437,Top REAL Evidence,v_hist_0_min,Color (HSV),0.039139,-0.404745,Pushes REAL
Dataset\Video\FaceShifter\352_319.mp4,FaceShifter,FAKE,FAKE,0.8437,Top REAL Evidence,v_hist_2_mean,Color (HSV),0.182054,-0.295836,Pushes REAL
Dataset\Video\FaceShifter\352_319.mp4,FaceShifter,FAKE,FAKE,0.8437,Top REAL Evidence,s_hist_2_mean,Color (HSV),0.182471,-0.278456,Pushes REAL
Dataset\Video\FaceShifter\352_319.mp4,FaceShifter,FAKE,FAKE,0.8437,Top REAL Evidence,h_std_mean,Color (HSV),54.241987,-0.268583,Pushes REAL
Dataset\Video\FaceShifter\352_319.mp4,FaceShifter,FAKE,FAKE,0.8437,Top REAL Evidence,h_hist_3_max,Color (HSV),0.145874,-0.239122,Pushes REAL
Dataset\Video\FaceShifter\367_371.mp4,FaceShifter,FAKE,REAL,0.8073,Top FAKE Evidence,lbp_hist_5_min,Texture (LBP & Gray),0.252396,0.900124,Pushes FAKE
Dataset\Video\FaceShifter\367_371.mp4,FaceShifter,FAKE,REAL,0.8073,Top FAKE Evidence,lbp_hist_7_std,Texture (LBP & Gray),0.000945,0.50172,Pushes FAKE
Dataset\Video\FaceShifter\367_371.mp4,FaceShifter,FAKE,REAL,0.8073,Top FAKE Evidence,h_hist_4_max,Color (HSV),0.023682,0.463902,Pushes FAKE
Dataset\Video\FaceShifter\367_371.mp4,FaceShifter,FAKE,REAL,0.8073,Top FAKE Evidence,glcm_energy_max,Texture (GLCM),0.101271,0.44399,Pushes FAKE
Dataset\Video\FaceShifter\367_371.mp4,FaceShifter,FAKE,REAL,0.8073,Top FAKE Evidence,h_hist_0_min,Color (HSV),0.663788,0.398183,Pushes FAKE
Dataset\Video\FaceShifter\367_371.mp4,FaceShifter,FAKE,REAL,0.8073,Top FAKE Evidence,v_mean_min,Color (HSV),152.314911,0.370413,Pushes FAKE
Dataset\Video\FaceShifter\367_371.mp4,FaceShifter,FAKE,REAL,0.8073,Top FAKE Evidence,s_mean_mean,Color (HSV),149.583633,0.351852,Pushes FAKE
Dataset\Video\FaceShifter\367_371.mp4,FaceShifter,FAKE,REAL,0.8073,Top FAKE Evidence,lbp_hist_8_min,Texture (LBP & Gray),0.124496,0.33077,Pushes FAKE
Dataset\Video\FaceShifter\367_371.mp4,FaceShifter,FAKE,REAL,0.8073,Top FAKE Evidence,v_hist_5_mean,Color (HSV),0.259978,0.318702,Pushes FAKE
Dataset\Video\FaceShifter\367_371.mp4,FaceShifter,FAKE,REAL,0.8073,Top FAKE Evidence,dct_mid_energy_std,Frequency (DCT),56.229501,0.289182,Pushes FAKE
Dataset\Video\FaceShifter\367_371.mp4,FaceShifter,FAKE,REAL,0.8073,Top REAL Evidence,lbp_hist_5_mean,Texture (LBP & Gray),0.265947,-0.778429,Pushes REAL
Dataset\Video\FaceShifter\367_371.mp4,FaceShifter,FAKE,REAL,0.8073,Top REAL Evidence,glcm_dissimilarity_std,Texture (GLCM),0.015823,-0.655639,Pushes REAL
Dataset\Video\FaceShifter\367_371.mp4,FaceShifter,FAKE,REAL,0.8073,Top REAL Evidence,s_hist_5_min,Color (HSV),0.181412,-0.585047,Pushes REAL
Dataset\Video\FaceShifter\367_371.mp4,FaceShifter,FAKE,REAL,0.8073,Top REAL Evidence,s_hist_5_mean,Color (HSV),0.18877,-0.527089,Pushes REAL
Dataset\Video\FaceShifter\367_371.mp4,FaceShifter,FAKE,REAL,0.8073,Top REAL Evidence,v_hist_0_min,Color (HSV),0.021805,-0.478153,Pushes REAL
Dataset\Video\FaceShifter\367_371.mp4,FaceShifter,FAKE,REAL,0.8073,Top REAL Evidence,h_mean_min,Color (HSV),45.922821,-0.458619,Pushes REAL
Dataset\Video\FaceShifter\367_371.mp4,FaceShifter,FAKE,REAL,0.8073,Top REAL Evidence,lbp_hist_6_min,Texture (LBP & Gray),0.055801,-0.442702,Pushes REAL
Dataset\Video\FaceShifter\367_371.mp4,FaceShifter,FAKE,REAL,0.8073,Top REAL Evidence,h_std_mean,Color (HSV),56.637401,-0.371604,Pushes REAL
Dataset\Video\FaceShifter\367_371.mp4,FaceShifter,FAKE,REAL,0.8073,Top REAL Evidence,s_hist_0_std,Color (HSV),0.001271,-0.366874,Pushes REAL
Dataset\Video\FaceShifter\367_371.mp4,FaceShifter,FAKE,REAL,0.8073,Top REAL Evidence,lbp_hist_3_std,Texture (LBP & Gray),0.001318,-0.353029,Pushes REAL
Dataset\Video\FaceShifter\618_629.mp4,FaceShifter,FAKE,REAL,0.9909,Top FAKE Evidence,lbp_hist_5_min,Texture (LBP & Gray),0.297852,1.788421,Pushes FAKE
Dataset\Video\FaceShifter\618_629.mp4,FaceShifter,FAKE,REAL,0.9909,Top FAKE Evidence,edge_std_mean,Edge (Canny),53.313975,0.739808,Pushes FAKE
Dataset\Video\FaceShifter\618_629.mp4,FaceShifter,FAKE,REAL,0.9909,Top FAKE Evidence,lbp_hist_3_std,Texture (LBP & Gray),0.005494,0.714726,Pushes FAKE
Dataset\Video\FaceShifter\618_629.mp4,FaceShifter,FAKE,REAL,0.9909,Top FAKE Evidence,lbp_hist_4_std,Texture (LBP & Gray),0.016781,0.64604,Pushes FAKE
Dataset\Video\FaceShifter\618_629.mp4,FaceShifter,FAKE,REAL,0.9909,Top FAKE Evidence,lbp_hist_5_std,Texture (LBP & Gray),0.01401,0.627499,Pushes FAKE
Dataset\Video\FaceShifter\618_629.mp4,FaceShifter,FAKE,REAL,0.9909,Top FAKE Evidence,lbp_hist_1_max,Texture (LBP & Gray),0.034042,0.542474,Pushes FAKE
Dataset\Video\FaceShifter\618_629.mp4,FaceShifter,FAKE,REAL,0.9909,Top FAKE Evidence,s_hist_5_std,Color (HSV),0.02114,0.503561,Pushes FAKE
Dataset\Video\FaceShifter\618_629.mp4,FaceShifter,FAKE,REAL,0.9909,Top FAKE Evidence,lbp_hist_6_std,Texture (LBP & Gray),0.002883,0.489357,Pushes FAKE
Dataset\Video\FaceShifter\618_629.mp4,FaceShifter,FAKE,REAL,0.9909,Top FAKE Evidence,v_hist_3_min,Color (HSV),0.455215,0.47924,Pushes FAKE
Dataset\Video\FaceShifter\618_629.mp4,FaceShifter,FAKE,REAL,0.9909,Top FAKE Evidence,s_hist_2_mean,Color (HSV),0.056477,0.434723,Pushes FAKE
Dataset\Video\FaceShifter\618_629.mp4,FaceShifter,FAKE,REAL,0.9909,Top REAL Evidence,lbp_hist_5_mean,Texture (LBP & Gray),0.317638,-1.610758,Pushes REAL
Dataset\Video\FaceShifter\618_629.mp4,FaceShifter,FAKE,REAL,0.9909,Top REAL Evidence,s_hist_5_min,Color (HSV),0.384079,-1.487848,Pushes REAL
Dataset\Video\FaceShifter\618_629.mp4,FaceShifter,FAKE,REAL,0.9909,Top REAL Evidence,s_hist_5_mean,Color (HSV),0.423811,-1.469361,Pushes REAL
Dataset\Video\FaceShifter\618_629.mp4,FaceShifter,FAKE,REAL,0.9909,Top REAL Evidence,lbp_hist_5_max,Texture (LBP & Gray),0.348572,-0.822988,Pushes REAL
Dataset\Video\FaceShifter\618_629.mp4,FaceShifter,FAKE,REAL,0.9909,Top REAL Evidence,s_hist_5_max,Color (HSV),0.447113,-0.766641,Pushes REAL
Dataset\Video\FaceShifter\618_629.mp4,FaceShifter,FAKE,REAL,0.9909,Top REAL Evidence,s_hist_6_min,Color (HSV),0.104401,-0.722231,Pushes REAL
Dataset\Video\FaceShifter\618_629.mp4,FaceShifter,FAKE,REAL,0.9909,Top REAL Evidence,h_hist_4_max,Color (HSV),0.612808,-0.594567,Pushes REAL
Dataset\Video\FaceShifter\618_629.mp4,FaceShifter,FAKE,REAL,0.9909,Top REAL Evidence,glcm_dissimilarity_std,Texture (GLCM),0.026861,-0.570964,Pushes REAL
Dataset\Video\FaceShifter\618_629.mp4,FaceShifter,FAKE,REAL,0.9909,Top REAL Evidence,lbp_hist_2_max,Texture (LBP & Gray),0.015594,-0.518778,Pushes REAL
Dataset\Video\FaceShifter\618_629.mp4,FaceShifter,FAKE,REAL,0.9909,Top REAL Evidence,v_hist_0_min,Color (HSV),0.013962,-0.511368,Pushes REAL
Dataset\Video\FaceShifter\643_646.mp4,FaceShifter,FAKE,FAKE,0.672,Top FAKE Evidence,s_std_std,Color (HSV),7.209844,1.009177,Pushes FAKE
Dataset\Video\FaceShifter\643_646.mp4,FaceShifter,FAKE,FAKE,0.672,Top FAKE Evidence,v_hist_1_min,Color (HSV),0.372391,0.98045,Pushes FAKE
Dataset\Video\FaceShifter\643_646.mp4,FaceShifter,FAKE,FAKE,0.672,Top FAKE Evidence,glcm_dissimilarity_std,Texture (GLCM),0.221285,0.920543,Pushes FAKE
Dataset\Video\FaceShifter\643_646.mp4,FaceShifter,FAKE,FAKE,0.672,Top FAKE Evidence,h_hist_7_std,Color (HSV),0.028641,0.821019,Pushes FAKE
Dataset\Video\FaceShifter\643_646.mp4,FaceShifter,FAKE,FAKE,0.672,Top FAKE Evidence,edge_std_mean,Edge (Canny),55.370035,0.661586,Pushes FAKE
Dataset\Video\FaceShifter\643_646.mp4,FaceShifter,FAKE,FAKE,0.672,Top FAKE Evidence,h_mean_min,Color (HSV),108.933273,0.657882,Pushes FAKE
Dataset\Video\FaceShifter\643_646.mp4,FaceShifter,FAKE,FAKE,0.672,Top FAKE Evidence,lbp_hist_6_std,Texture (LBP & Gray),0.00313,0.596451,Pushes FAKE
Dataset\Video\FaceShifter\643_646.mp4,FaceShifter,FAKE,FAKE,0.672,Top FAKE Evidence,lbp_hist_5_min,Texture (LBP & Gray),0.234573,0.551842,Pushes FAKE
Dataset\Video\FaceShifter\643_646.mp4,FaceShifter,FAKE,FAKE,0.672,Top FAKE Evidence,s_hist_3_min,Color (HSV),0.24144,0.501695,Pushes FAKE
Dataset\Video\FaceShifter\643_646.mp4,FaceShifter,FAKE,FAKE,0.672,Top FAKE Evidence,v_hist_5_std,Color (HSV),0.026415,0.425749,Pushes FAKE
Dataset\Video\FaceShifter\643_646.mp4,FaceShifter,FAKE,FAKE,0.672,Top REAL Evidence,s_hist_2_mean,Color (HSV),0.337119,-1.153831,Pushes REAL
Dataset\Video\FaceShifter\643_646.mp4,FaceShifter,FAKE,FAKE,0.672,Top REAL Evidence,glcm_correlation_std,Texture (GLCM),0.016236,-1.07486,Pushes REAL
Dataset\Video\FaceShifter\643_646.mp4,FaceShifter,FAKE,FAKE,0.672,Top REAL Evidence,dct_mid_energy_std,Frequency (DCT),829.944952,-0.764771,Pushes REAL
Dataset\Video\FaceShifter\643_646.mp4,FaceShifter,FAKE,FAKE,0.672,Top REAL Evidence,s_hist_7_std,Color (HSV),0.031636,-0.72247,Pushes REAL
Dataset\Video\FaceShifter\643_646.mp4,FaceShifter,FAKE,FAKE,0.672,Top REAL Evidence,s_hist_3_mean,Color (HSV),0.267021,-0.717234,Pushes REAL
Dataset\Video\FaceShifter\643_646.mp4,FaceShifter,FAKE,FAKE,0.672,Top REAL Evidence,dct_high_low_ratio_std,Frequency (DCT),6.4e-05,-0.709431,Pushes REAL
Dataset\Video\FaceShifter\643_646.mp4,FaceShifter,FAKE,FAKE,0.672,Top REAL Evidence,dct_high_energy_std,Frequency (DCT),40.698668,-0.681547,Pushes REAL
Dataset\Video\FaceShifter\643_646.mp4,FaceShifter,FAKE,FAKE,0.672,Top REAL Evidence,h_std_mean,Color (HSV),61.210298,-0.568275,Pushes REAL
Dataset\Video\FaceShifter\643_646.mp4,FaceShifter,FAKE,FAKE,0.672,Top REAL Evidence,h_hist_7_min,Color (HSV),0.213623,-0.54903,Pushes REAL
Dataset\Video\FaceShifter\643_646.mp4,FaceShifter,FAKE,FAKE,0.672,Top REAL Evidence,lbp_hist_2_max,Texture (LBP & Gray),0.015259,-0.541086,Pushes REAL
Dataset\Video\FaceShifter\718_972.mp4,FaceShifter,FAKE,FAKE,0.886,Top FAKE Evidence,h_hist_7_std,Color (HSV),0.034142,1.052574,Pushes FAKE
Dataset\Video\FaceShifter\718_972.mp4,FaceShifter,FAKE,FAKE,0.886,Top FAKE Evidence,v_hist_6_std,Color (HSV),0.02097,0.709471,Pushes FAKE
Dataset\Video\FaceShifter\718_972.mp4,FaceShifter,FAKE,FAKE,0.886,Top FAKE Evidence,v_hist_5_mean,Color (HSV),0.392371,0.649427,Pushes FAKE
Dataset\Video\FaceShifter\718_972.mp4,FaceShifter,FAKE,FAKE,0.886,Top FAKE Evidence,h_hist_0_min,Color (HSV),0.812347,0.5552,Pushes FAKE
Dataset\Video\FaceShifter\718_972.mp4,FaceShifter,FAKE,FAKE,0.886,Top FAKE Evidence,edge_std_mean,Edge (Canny),58.185095,0.554488,Pushes FAKE
Dataset\Video\FaceShifter\718_972.mp4,FaceShifter,FAKE,FAKE,0.886,Top FAKE Evidence,v_hist_5_max,Color (HSV),0.417969,0.553953,Pushes FAKE
Dataset\Video\FaceShifter\718_972.mp4,FaceShifter,FAKE,FAKE,0.886,Top FAKE Evidence,lbp_hist_4_max,Texture (LBP & Gray),0.329651,0.524522,Pushes FAKE
Dataset\Video\FaceShifter\718_972.mp4,FaceShifter,FAKE,FAKE,0.886,Top FAKE Evidence,h_hist_4_max,Color (HSV),0.003265,0.500584,Pushes FAKE
Dataset\Video\FaceShifter\718_972.mp4,FaceShifter,FAKE,FAKE,0.886,Top FAKE Evidence,lbp_hist_8_min,Texture (LBP & Gray),0.08754,0.49139,Pushes FAKE
Dataset\Video\FaceShifter\718_972.mp4,FaceShifter,FAKE,FAKE,0.886,Top FAKE Evidence,lbp_hist_3_mean,Texture (LBP & Gray),0.112645,0.466509,Pushes FAKE
Dataset\Video\FaceShifter\718_972.mp4,FaceShifter,FAKE,FAKE,0.886,Top REAL Evidence,h_mean_min,Color (HSV),20.613464,-0.907083,Pushes REAL
Dataset\Video\FaceShifter\718_972.mp4,FaceShifter,FAKE,FAKE,0.886,Top REAL Evidence,v_hist_4_mean,Color (HSV),0.309586,-0.679292,Pushes REAL
Dataset\Video\FaceShifter\718_972.mp4,FaceShifter,FAKE,FAKE,0.886,Top REAL Evidence,s_std_mean,Color (HSV),31.261646,-0.660714,Pushes REAL
Dataset\Video\FaceShifter\718_972.mp4,FaceShifter,FAKE,FAKE,0.886,Top REAL Evidence,s_std_max,Color (HSV),32.495986,-0.582004,Pushes REAL
Dataset\Video\FaceShifter\718_972.mp4,FaceShifter,FAKE,FAKE,0.886,Top REAL Evidence,v_hist_0_min,Color (HSV),0.0,-0.570495,Pushes REAL
Dataset\Video\FaceShifter\718_972.mp4,FaceShifter,FAKE,FAKE,0.886,Top REAL Evidence,h_mean_std,Color (HSV),5.216873,-0.567992,Pushes REAL
Dataset\Video\FaceShifter\718_972.mp4,FaceShifter,FAKE,FAKE,0.886,Top REAL Evidence,s_hist_2_mean,Color (HSV),0.221095,-0.497088,Pushes REAL
Dataset\Video\FaceShifter\718_972.mp4,FaceShifter,FAKE,FAKE,0.886,Top REAL Evidence,lbp_hist_6_max,Texture (LBP & Gray),0.065002,-0.488073,Pushes REAL
Dataset\Video\FaceShifter\718_972.mp4,FaceShifter,FAKE,FAKE,0.886,Top REAL Evidence,lbp_hist_6_min,Texture (LBP & Gray),0.056442,-0.482364,Pushes REAL
Dataset\Video\FaceShifter\718_972.mp4,FaceShifter,FAKE,FAKE,0.886,Top REAL Evidence,glcm_dissimilarity_std,Texture (GLCM),0.048382,-0.405866,Pushes REAL
Dataset\Video\FaceShifter\777_745.mp4,FaceShifter,FAKE,REAL,0.9026,Top FAKE Evidence,s_hist_6_mean,Color (HSV),0.296443,1.033592,Pushes FAKE
Dataset\Video\FaceShifter\777_745.mp4,FaceShifter,FAKE,REAL,0.9026,Top FAKE Evidence,lbp_hist_5_min,Texture (LBP & Gray),0.252731,0.906684,Pushes FAKE
Dataset\Video\FaceShifter\777_745.mp4,FaceShifter,FAKE,REAL,0.9026,Top FAKE Evidence,edge_std_mean,Edge (Canny),54.703639,0.686939,Pushes FAKE
Dataset\Video\FaceShifter\777_745.mp4,FaceShifter,FAKE,REAL,0.9026,Top FAKE Evidence,glcm_dissimilarity_std,Texture (GLCM),0.165514,0.492702,Pushes FAKE
Dataset\Video\FaceShifter\777_745.mp4,FaceShifter,FAKE,REAL,0.9026,Top FAKE Evidence,h_mean_min,Color (HSV),97.585907,0.456814,Pushes FAKE
Dataset\Video\FaceShifter\777_745.mp4,FaceShifter,FAKE,REAL,0.9026,Top FAKE Evidence,lbp_hist_1_max,Texture (LBP & Gray),0.036819,0.451866,Pushes FAKE
Dataset\Video\FaceShifter\777_745.mp4,FaceShifter,FAKE,REAL,0.9026,Top FAKE Evidence,v_hist_4_std,Color (HSV),0.034889,0.446302,Pushes FAKE
Dataset\Video\FaceShifter\777_745.mp4,FaceShifter,FAKE,REAL,0.9026,Top FAKE Evidence,h_std_mean,Color (HSV),37.764662,0.440072,Pushes FAKE
Dataset\Video\FaceShifter\777_745.mp4,FaceShifter,FAKE,REAL,0.9026,Top FAKE Evidence,s_mean_mean,Color (HSV),152.24873,0.368339,Pushes FAKE
Dataset\Video\FaceShifter\777_745.mp4,FaceShifter,FAKE,REAL,0.9026,Top FAKE Evidence,dct_mid_energy_max,Frequency (DCT),1431.344482,0.350123,Pushes FAKE
Dataset\Video\FaceShifter\777_745.mp4,FaceShifter,FAKE,REAL,0.9026,Top REAL Evidence,s_hist_6_min,Color (HSV),0.201202,-1.781938,Pushes REAL
Dataset\Video\FaceShifter\777_745.mp4,FaceShifter,FAKE,REAL,0.9026,Top REAL Evidence,glcm_correlation_std,Texture (GLCM),0.022507,-1.623853,Pushes REAL
Dataset\Video\FaceShifter\777_745.mp4,FaceShifter,FAKE,REAL,0.9026,Top REAL Evidence,s_hist_4_std,Color (HSV),0.021064,-0.83332,Pushes REAL
Dataset\Video\FaceShifter\777_745.mp4,FaceShifter,FAKE,REAL,0.9026,Top REAL Evidence,lbp_hist_5_mean,Texture (LBP & Gray),0.258519,-0.658823,Pushes REAL
Dataset\Video\FaceShifter\777_745.mp4,FaceShifter,FAKE,REAL,0.9026,Top REAL Evidence,s_hist_6_max,Color (HSV),0.33316,-0.485934,Pushes REAL
Dataset\Video\FaceShifter\777_745.mp4,FaceShifter,FAKE,REAL,0.9026,Top REAL Evidence,lbp_hist_6_min,Texture (LBP & Gray),0.055862,-0.446479,Pushes REAL
Dataset\Video\FaceShifter\777_745.mp4,FaceShifter,FAKE,REAL,0.9026,Top REAL Evidence,lbp_hist_2_max,Texture (LBP & Gray),0.017242,-0.409265,Pushes REAL
Dataset\Video\FaceShifter\777_745.mp4,FaceShifter,FAKE,REAL,0.9026,Top REAL Evidence,v_hist_0_min,Color (HSV),0.044983,-0.379995,Pushes REAL
Dataset\Video\FaceShifter\777_745.mp4,FaceShifter,FAKE,REAL,0.9026,Top REAL Evidence,lbp_hist_6_max,Texture (LBP & Gray),0.062683,-0.37908,Pushes REAL
Dataset\Video\FaceShifter\777_745.mp4,FaceShifter,FAKE,REAL,0.9026,Top REAL Evidence,v_hist_4_mean,Color (HSV),0.225171,-0.348093,Pushes REAL
Dataset\Video\FaceShifter\791_770.mp4,FaceShifter,FAKE,FAKE,0.5853,Top FAKE Evidence,lbp_hist_5_min,Texture (LBP & Gray),0.25769,1.003594,Pushes FAKE
Dataset\Video\FaceShifter\791_770.mp4,FaceShifter,FAKE,FAKE,0.5853,Top FAKE Evidence,glcm_dissimilarity_std,Texture (GLCM),0.21219,0.850767,Pushes FAKE
Dataset\Video\FaceShifter\791_770.mp4,FaceShifter,FAKE,FAKE,0.5853,Top FAKE Evidence,glcm_correlation_max,Texture (GLCM),0.884608,0.643574,Pushes FAKE
Dataset\Video\FaceShifter\791_770.mp4,FaceShifter,FAKE,FAKE,0.5853,Top FAKE Evidence,lbp_hist_5_std,Texture (LBP & Gray),0.01321,0.548655,Pushes FAKE
Dataset\Video\FaceShifter\791_770.mp4,FaceShifter,FAKE,FAKE,0.5853,Top FAKE Evidence,glcm_energy_max,Texture (GLCM),0.091796,0.512402,Pushes FAKE
Dataset\Video\FaceShifter\791_770.mp4,FaceShifter,FAKE,FAKE,0.5853,Top FAKE Evidence,glcm_correlation_mean,Texture (GLCM),0.862998,0.416419,Pushes FAKE
Dataset\Video\FaceShifter\791_770.mp4,FaceShifter,FAKE,FAKE,0.5853,Top FAKE Evidence,h_hist_4_max,Color (HSV),0.071747,0.377545,Pushes FAKE
Dataset\Video\FaceShifter\791_770.mp4,FaceShifter,FAKE,FAKE,0.5853,Top FAKE Evidence,lbp_hist_3_std,Texture (LBP & Gray),0.004067,0.349985,Pushes FAKE
Dataset\Video\FaceShifter\791_770.mp4,FaceShifter,FAKE,FAKE,0.5853,Top FAKE Evidence,lbp_hist_8_min,Texture (LBP & Gray),0.122849,0.337932,Pushes FAKE
Dataset\Video\FaceShifter\791_770.mp4,FaceShifter,FAKE,FAKE,0.5853,Top FAKE Evidence,s_hist_7_std,Color (HSV),0.000988,0.324613,Pushes FAKE
Dataset\Video\FaceShifter\791_770.mp4,FaceShifter,FAKE,FAKE,0.5853,Top REAL Evidence,lbp_hist_5_mean,Texture (LBP & Gray),0.274011,-0.908281,Pushes REAL
Dataset\Video\FaceShifter\791_770.mp4,FaceShifter,FAKE,FAKE,0.5853,Top REAL Evidence,glcm_correlation_std,Texture (GLCM),0.011042,-0.620103,Pushes REAL
Dataset\Video\FaceShifter\791_770.mp4,FaceShifter,FAKE,FAKE,0.5853,Top REAL Evidence,lbp_hist_5_max,Texture (LBP & Gray),0.301941,-0.491099,Pushes REAL
Dataset\Video\FaceShifter\791_770.mp4,FaceShifter,FAKE,FAKE,0.5853,Top REAL Evidence,dct_mid_energy_max,Frequency (DCT),8483.977539,-0.484422,Pushes REAL
Dataset\Video\FaceShifter\791_770.mp4,FaceShifter,FAKE,FAKE,0.5853,Top REAL Evidence,v_hist_0_min,Color (HSV),0.023926,-0.469171,Pushes REAL
Dataset\Video\FaceShifter\791_770.mp4,FaceShifter,FAKE,FAKE,0.5853,Top REAL Evidence,h_hist_2_min,Color (HSV),0.195099,-0.468112,Pushes REAL
Dataset\Video\FaceShifter\791_770.mp4,FaceShifter,FAKE,FAKE,0.5853,Top REAL Evidence,dct_high_energy_std,Frequency (DCT),30.097456,-0.429118,Pushes REAL
Dataset\Video\FaceShifter\791_770.mp4,FaceShifter,FAKE,FAKE,0.5853,Top REAL Evidence,edge_std_mean,Edge (Canny),83.920122,-0.424592,Pushes REAL
Dataset\Video\FaceShifter\791_770.mp4,FaceShifter,FAKE,FAKE,0.5853,Top REAL Evidence,dct_mid_energy_min,Frequency (DCT),7526.620605,-0.387343,Pushes REAL
Dataset\Video\FaceShifter\791_770.mp4,FaceShifter,FAKE,FAKE,0.5853,Top REAL Evidence,h_hist_3_max,Color (HSV),0.189148,-0.357944,Pushes REAL
Dataset\Video\FaceShifter\890_837.mp4,FaceShifter,FAKE,REAL,0.938,Top FAKE Evidence,lbp_hist_1_std,Texture (LBP & Gray),0.004272,0.756593,Pushes FAKE
Dataset\Video\FaceShifter\890_837.mp4,FaceShifter,FAKE,REAL,0.938,Top FAKE Evidence,h_mean_min,Color (HSV),109.251709,0.663524,Pushes FAKE
Dataset\Video\FaceShifter\890_837.mp4,FaceShifter,FAKE,REAL,0.938,Top FAKE Evidence,h_hist_7_std,Color (HSV),0.021099,0.503612,Pushes FAKE
Dataset\Video\FaceShifter\890_837.mp4,FaceShifter,FAKE,REAL,0.938,Top FAKE Evidence,lbp_hist_5_min,Texture (LBP & Gray),0.230377,0.469841,Pushes FAKE
Dataset\Video\FaceShifter\890_837.mp4,FaceShifter,FAKE,REAL,0.938,Top FAKE Evidence,v_hist_6_std,Color (HSV),0.015642,0.444552,Pushes FAKE
Dataset\Video\FaceShifter\890_837.mp4,FaceShifter,FAKE,REAL,0.938,Top FAKE Evidence,s_hist_3_mean,Color (HSV),0.030354,0.443146,Pushes FAKE
Dataset\Video\FaceShifter\890_837.mp4,FaceShifter,FAKE,REAL,0.938,Top FAKE Evidence,edge_std_mean,Edge (Canny),61.25197,0.43781,Pushes FAKE
Dataset\Video\FaceShifter\890_837.mp4,FaceShifter,FAKE,REAL,0.938,Top FAKE Evidence,s_hist_6_min,Color (HSV),0.0,0.420662,Pushes FAKE
Dataset\Video\FaceShifter\890_837.mp4,FaceShifter,FAKE,REAL,0.938,Top FAKE Evidence,h_std_mean,Color (HSV),38.314763,0.416413,Pushes FAKE
Dataset\Video\FaceShifter\890_837.mp4,FaceShifter,FAKE,REAL,0.938,Top FAKE Evidence,lbp_hist_5_std,Texture (LBP & Gray),0.011599,0.39008,Pushes FAKE
Dataset\Video\FaceShifter\890_837.mp4,FaceShifter,FAKE,REAL,0.938,Top REAL Evidence,v_hist_4_mean,Color (HSV),0.567978,-1.693088,Pushes REAL
Dataset\Video\FaceShifter\890_837.mp4,FaceShifter,FAKE,REAL,0.938,Top REAL Evidence,lbp_hist_6_min,Texture (LBP & Gray),0.065186,-1.023465,Pushes REAL
Dataset\Video\FaceShifter\890_837.mp4,FaceShifter,FAKE,REAL,0.938,Top REAL Evidence,lbp_hist_6_max,Texture (LBP & Gray),0.072128,-0.822938,Pushes REAL
Dataset\Video\FaceShifter\890_837.mp4,FaceShifter,FAKE,REAL,0.938,Top REAL Evidence,s_std_mean,Color (HSV),26.033087,-0.768258,Pushes REAL
Dataset\Video\FaceShifter\890_837.mp4,FaceShifter,FAKE,REAL,0.938,Top REAL Evidence,s_std_max,Color (HSV),27.054366,-0.677123,Pushes REAL
Dataset\Video\FaceShifter\890_837.mp4,FaceShifter,FAKE,REAL,0.938,Top REAL Evidence,v_hist_0_min,Color (HSV),0.000153,-0.569849,Pushes REAL
Dataset\Video\FaceShifter\890_837.mp4,FaceShifter,FAKE,REAL,0.938,Top REAL Evidence,h_hist_3_max,Color (HSV),0.257965,-0.546902,Pushes REAL
Dataset\Video\FaceShifter\890_837.mp4,FaceShifter,FAKE,REAL,0.938,Top REAL Evidence,glcm_dissimilarity_std,Texture (GLCM),0.031178,-0.537843,Pushes REAL
Dataset\Video\FaceShifter\890_837.mp4,FaceShifter,FAKE,REAL,0.938,Top REAL Evidence,s_hist_2_mean,Color (HSV),0.215712,-0.466616,Pushes REAL
Dataset\Video\FaceShifter\890_837.mp4,FaceShifter,FAKE,REAL,0.938,Top REAL Evidence,h_hist_7_min,Color (HSV),0.184937,-0.443487,Pushes REAL
Dataset\Video\FaceSwap\044_945.mp4,FaceSwap,FAKE,FAKE,0.9985,Top FAKE Evidence,v_hist_6_std,Color (HSV),0.054136,2.358748,Pushes FAKE
Dataset\Video\FaceSwap\044_945.mp4,FaceSwap,FAKE,FAKE,0.9985,Top FAKE Evidence,h_hist_1_min,Color (HSV),0.437729,0.994706,Pushes FAKE
Dataset\Video\FaceSwap\044_945.mp4,FaceSwap,FAKE,FAKE,0.9985,Top FAKE Evidence,v_hist_5_mean,Color (HSV),0.437152,0.761294,Pushes FAKE
Dataset\Video\FaceSwap\044_945.mp4,FaceSwap,FAKE,FAKE,0.9985,Top FAKE Evidence,v_hist_5_std,Color (HSV),0.04031,0.76081,Pushes FAKE
Dataset\Video\FaceSwap\044_945.mp4,FaceSwap,FAKE,FAKE,0.9985,Top FAKE Evidence,v_hist_5_max,Color (HSV),0.50618,0.733793,Pushes FAKE
Dataset\Video\FaceSwap\044_945.mp4,FaceSwap,FAKE,FAKE,0.9985,Top FAKE Evidence,edge_std_mean,Edge (Canny),60.335381,0.472681,Pushes FAKE
Dataset\Video\FaceSwap\044_945.mp4,FaceSwap,FAKE,FAKE,0.9985,Top FAKE Evidence,h_hist_1_mean,Color (HSV),0.507227,0.435746,Pushes FAKE
Dataset\Video\FaceSwap\044_945.mp4,FaceSwap,FAKE,FAKE,0.9985,Top FAKE Evidence,s_hist_5_std,Color (HSV),0.018921,0.435588,Pushes FAKE
Dataset\Video\FaceSwap\044_945.mp4,FaceSwap,FAKE,FAKE,0.9985,Top FAKE Evidence,lbp_hist_0_std,Texture (LBP & Gray),0.000554,0.431317,Pushes FAKE
Dataset\Video\FaceSwap\044_945.mp4,FaceSwap,FAKE,FAKE,0.9985,Top FAKE Evidence,lbp_hist_1_max,Texture (LBP & Gray),0.037598,0.426477,Pushes FAKE
Dataset\Video\FaceSwap\044_945.mp4,FaceSwap,FAKE,FAKE,0.9985,Top REAL Evidence,s_hist_5_mean,Color (HSV),0.279779,-0.891942,Pushes REAL
Dataset\Video\FaceSwap\044_945.mp4,FaceSwap,FAKE,FAKE,0.9985,Top REAL Evidence,s_hist_5_min,Color (HSV),0.230042,-0.801673,Pushes REAL
Dataset\Video\FaceSwap\044_945.mp4,FaceSwap,FAKE,FAKE,0.9985,Top REAL Evidence,glcm_correlation_max,Texture (GLCM),0.980762,-0.489699,Pushes REAL
Dataset\Video\FaceSwap\044_945.mp4,FaceSwap,FAKE,FAKE,0.9985,Top REAL Evidence,lbp_hist_1_std,Texture (LBP & Gray),0.001086,-0.479186,Pushes REAL
Dataset\Video\FaceSwap\044_945.mp4,FaceSwap,FAKE,FAKE,0.9985,Top REAL Evidence,s_hist_5_max,Color (HSV),0.295639,-0.462569,Pushes REAL
Dataset\Video\FaceSwap\044_945.mp4,FaceSwap,FAKE,FAKE,0.9985,Top REAL Evidence,h_mean_min,Color (HSV),45.898575,-0.459049,Pushes REAL
Dataset\Video\FaceSwap\044_945.mp4,FaceSwap,FAKE,FAKE,0.9985,Top REAL Evidence,lbp_hist_9_mean,Texture (LBP & Gray),0.047562,-0.442266,Pushes REAL
Dataset\Video\FaceSwap\044_945.mp4,FaceSwap,FAKE,FAKE,0.9985,Top REAL Evidence,lbp_hist_9_min,Texture (LBP & Gray),0.045197,-0.438398,Pushes REAL
Dataset\Video\FaceSwap\044_945.mp4,FaceSwap,FAKE,FAKE,0.9985,Top REAL Evidence,glcm_energy_max,Texture (GLCM),0.222777,-0.433355,Pushes REAL
Dataset\Video\FaceSwap\044_945.mp4,FaceSwap,FAKE,FAKE,0.9985,Top REAL Evidence,glcm_dissimilarity_std,Texture (GLCM),0.04649,-0.420379,Pushes REAL
Dataset\Video\FaceSwap\046_904.mp4,FaceSwap,FAKE,FAKE,0.6269,Top FAKE Evidence,lbp_hist_5_min,Texture (LBP & Gray),0.250458,0.862254,Pushes FAKE
Dataset\Video\FaceSwap\046_904.mp4,FaceSwap,FAKE,FAKE,0.6269,Top FAKE Evidence,v_hist_5_mean,Color (HSV),0.393668,0.652667,Pushes FAKE
Dataset\Video\FaceSwap\046_904.mp4,FaceSwap,FAKE,FAKE,0.6269,Top FAKE Evidence,edge_std_mean,Edge (Canny),57.769869,0.570285,Pushes FAKE
Dataset\Video\FaceSwap\046_904.mp4,FaceSwap,FAKE,FAKE,0.6269,Top FAKE Evidence,v_hist_5_max,Color (HSV),0.399643,0.516591,Pushes FAKE
Dataset\Video\FaceSwap\046_904.mp4,FaceSwap,FAKE,FAKE,0.6269,Top FAKE Evidence,gray_mean_min,Texture (LBP & Gray),145.156326,0.492112,Pushes FAKE
Dataset\Video\FaceSwap\046_904.mp4,FaceSwap,FAKE,FAKE,0.6269,Top FAKE Evidence,s_hist_3_mean,Color (HSV),0.021793,0.485124,Pushes FAKE
Dataset\Video\FaceSwap\046_904.mp4,FaceSwap,FAKE,FAKE,0.6269,Top FAKE Evidence,h_std_max,Color (HSV),73.389665,0.468112,Pushes FAKE
Dataset\Video\FaceSwap\046_904.mp4,FaceSwap,FAKE,FAKE,0.6269,Top FAKE Evidence,h_hist_4_max,Color (HSV),0.024063,0.463217,Pushes FAKE
Dataset\Video\FaceSwap\046_904.mp4,FaceSwap,FAKE,FAKE,0.6269,Top FAKE Evidence,lbp_hist_0_std,Texture (LBP & Gray),0.000517,0.457939,Pushes FAKE
Dataset\Video\FaceSwap\046_904.mp4,FaceSwap,FAKE,FAKE,0.6269,Top FAKE Evidence,v_hist_5_min,Color (HSV),0.386261,0.441774,Pushes FAKE
Dataset\Video\FaceSwap\046_904.mp4,FaceSwap,FAKE,FAKE,0.6269,Top REAL Evidence,h_hist_7_min,Color (HSV),0.359909,-1.087244,Pushes REAL
Dataset\Video\FaceSwap\046_904.mp4,FaceSwap,FAKE,FAKE,0.6269,Top REAL Evidence,h_std_mean,Color (HSV),72.942572,-1.072854,Pushes REAL
Dataset\Video\FaceSwap\046_904.mp4,FaceSwap,FAKE,FAKE,0.6269,Top REAL Evidence,s_std_mean,Color (HSV),24.532167,-0.79913,Pushes REAL
Dataset\Video\FaceSwap\046_904.mp4,FaceSwap,FAKE,FAKE,0.6269,Top REAL Evidence,s_std_max,Color (HSV),25.242018,-0.708803,Pushes REAL
Dataset\Video\FaceSwap\046_904.mp4,FaceSwap,FAKE,FAKE,0.6269,Top REAL Evidence,glcm_dissimilarity_std,Texture (GLCM),0.013413,-0.674129,Pushes REAL
Dataset\Video\FaceSwap\046_904.mp4,FaceSwap,FAKE,FAKE,0.6269,Top REAL Evidence,lbp_hist_2_max,Texture (LBP & Gray),0.013626,-0.649586,Pushes REAL
Dataset\Video\FaceSwap\046_904.mp4,FaceSwap,FAKE,FAKE,0.6269,Top REAL Evidence,lbp_hist_5_mean,Texture (LBP & Gray),0.257161,-0.636956,Pushes REAL
Dataset\Video\FaceSwap\046_904.mp4,FaceSwap,FAKE,FAKE,0.6269,Top REAL Evidence,v_hist_6_min,Color (HSV),0.230255,-0.603657,Pushes REAL
Dataset\Video\FaceSwap\046_904.mp4,FaceSwap,FAKE,FAKE,0.6269,Top REAL Evidence,h_hist_7_max,Color (HSV),0.391251,-0.525612,Pushes REAL
Dataset\Video\FaceSwap\046_904.mp4,FaceSwap,FAKE,FAKE,0.6269,Top REAL Evidence,v_hist_0_min,Color (HSV),0.010925,-0.524227,Pushes REAL
Dataset\Video\FaceSwap\163_031.mp4,FaceSwap,FAKE,REAL,0.8482,Top FAKE Evidence,lbp_hist_5_min,Texture (LBP & Gray),0.26033,1.055181,Pushes FAKE
Dataset\Video\FaceSwap\163_031.mp4,FaceSwap,FAKE,REAL,0.8482,Top FAKE Evidence,v_hist_2_min,Color (HSV),0.208481,0.623718,Pushes FAKE
Dataset\Video\FaceSwap\163_031.mp4,FaceSwap,FAKE,REAL,0.8482,Top FAKE Evidence,h_mean_min,Color (HSV),100.358887,0.50595,Pushes FAKE
Dataset\Video\FaceSwap\163_031.mp4,FaceSwap,FAKE,REAL,0.8482,Top FAKE Evidence,v_hist_1_min,Color (HSV),0.244202,0.490608,Pushes FAKE
Dataset\Video\FaceSwap\163_031.mp4,FaceSwap,FAKE,REAL,0.8482,Top FAKE Evidence,lbp_hist_1_max,Texture (LBP & Gray),0.036835,0.451369,Pushes FAKE
Dataset\Video\FaceSwap\163_031.mp4,FaceSwap,FAKE,REAL,0.8482,Top FAKE Evidence,lbp_hist_0_std,Texture (LBP & Gray),0.000625,0.380318,Pushes FAKE
Dataset\Video\FaceSwap\163_031.mp4,FaceSwap,FAKE,REAL,0.8482,Top FAKE Evidence,s_hist_3_min,Color (HSV),0.203278,0.356602,Pushes FAKE
Dataset\Video\FaceSwap\163_031.mp4,FaceSwap,FAKE,REAL,0.8482,Top FAKE Evidence,glcm_energy_max,Texture (GLCM),0.113564,0.355227,Pushes FAKE
Dataset\Video\FaceSwap\163_031.mp4,FaceSwap,FAKE,REAL,0.8482,Top FAKE Evidence,v_hist_4_mean,Color (HSV),0.051691,0.332552,Pushes FAKE
Dataset\Video\FaceSwap\163_031.mp4,FaceSwap,FAKE,REAL,0.8482,Top FAKE Evidence,lbp_hist_7_std,Texture (LBP & Gray),0.001366,0.331518,Pushes FAKE
Dataset\Video\FaceSwap\163_031.mp4,FaceSwap,FAKE,REAL,0.8482,Top REAL Evidence,lbp_hist_5_mean,Texture (LBP & Gray),0.265352,-0.768847,Pushes REAL
Dataset\Video\FaceSwap\163_031.mp4,FaceSwap,FAKE,REAL,0.8482,Top REAL Evidence,dct_high_energy_std,Frequency (DCT),40.45174,-0.675667,Pushes REAL
Dataset\Video\FaceSwap\163_031.mp4,FaceSwap,FAKE,REAL,0.8482,Top REAL Evidence,lbp_hist_7_mean,Texture (LBP & Gray),0.04989,-0.478984,Pushes REAL
Dataset\Video\FaceSwap\163_031.mp4,FaceSwap,FAKE,REAL,0.8482,Top REAL Evidence,lbp_hist_9_min,Texture (LBP & Gray),0.043915,-0.476048,Pushes REAL
Dataset\Video\FaceSwap\163_031.mp4,FaceSwap,FAKE,REAL,0.8482,Top REAL Evidence,glcm_correlation_std,Texture (GLCM),0.009329,-0.470044,Pushes REAL
Dataset\Video\FaceSwap\163_031.mp4,FaceSwap,FAKE,REAL,0.8482,Top REAL Evidence,lbp_hist_9_mean,Texture (LBP & Gray),0.04716,-0.451625,Pushes REAL
Dataset\Video\FaceSwap\163_031.mp4,FaceSwap,FAKE,REAL,0.8482,Top REAL Evidence,v_hist_2_mean,Color (HSV),0.212506,-0.437807,Pushes REAL
Dataset\Video\FaceSwap\163_031.mp4,FaceSwap,FAKE,REAL,0.8482,Top REAL Evidence,lbp_hist_1_std,Texture (LBP & Gray),0.001212,-0.430341,Pushes REAL
Dataset\Video\FaceSwap\163_031.mp4,FaceSwap,FAKE,REAL,0.8482,Top REAL Evidence,s_hist_3_mean,Color (HSV),0.208116,-0.428422,Pushes REAL
Dataset\Video\FaceSwap\163_031.mp4,FaceSwap,FAKE,REAL,0.8482,Top REAL Evidence,lbp_hist_2_max,Texture (LBP & Gray),0.01712,-0.417377,Pushes REAL
Dataset\Video\FaceSwap\284_263.mp4,FaceSwap,FAKE,FAKE,0.7972,Top FAKE Evidence,lbp_hist_5_min,Texture (LBP & Gray),0.288315,1.602055,Pushes FAKE
Dataset\Video\FaceSwap\284_263.mp4,FaceSwap,FAKE,FAKE,0.7972,Top FAKE Evidence,h_std_mean,Color (HSV),21.62075,1.134387,Pushes FAKE
Dataset\Video\FaceSwap\284_263.mp4,FaceSwap,FAKE,FAKE,0.7972,Top FAKE Evidence,v_hist_2_min,Color (HSV),0.2603,0.932105,Pushes FAKE
Dataset\Video\FaceSwap\284_263.mp4,FaceSwap,FAKE,FAKE,0.7972,Top FAKE Evidence,s_hist_3_min,Color (HSV),0.296127,0.709617,Pushes FAKE
Dataset\Video\FaceSwap\284_263.mp4,FaceSwap,FAKE,FAKE,0.7972,Top FAKE Evidence,h_hist_0_min,Color (HSV),0.89769,0.645401,Pushes FAKE
Dataset\Video\FaceSwap\284_263.mp4,FaceSwap,FAKE,FAKE,0.7972,Top FAKE Evidence,edge_std_mean,Edge (Canny),56.81664,0.606551,Pushes FAKE
Dataset\Video\FaceSwap\284_263.mp4,FaceSwap,FAKE,FAKE,0.7972,Top FAKE Evidence,v_hist_2_max,Color (HSV),0.297791,0.606489,Pushes FAKE
Dataset\Video\FaceSwap\284_263.mp4,FaceSwap,FAKE,FAKE,0.7972,Top FAKE Evidence,lbp_hist_1_max,Texture (LBP & Gray),0.033722,0.552928,Pushes FAKE
Dataset\Video\FaceSwap\284_263.mp4,FaceSwap,FAKE,FAKE,0.7972,Top FAKE Evidence,lbp_hist_4_max,Texture (LBP & Gray),0.334854,0.548007,Pushes FAKE
Dataset\Video\FaceSwap\284_263.mp4,FaceSwap,FAKE,FAKE,0.7972,Top FAKE Evidence,s_hist_3_max,Color (HSV),0.332825,0.489014,Pushes FAKE
Dataset\Video\FaceSwap\284_263.mp4,FaceSwap,FAKE,FAKE,0.7972,Top REAL Evidence,lbp_hist_5_mean,Texture (LBP & Gray),0.296983,-1.27818,Pushes REAL
Dataset\Video\FaceSwap\284_263.mp4,FaceSwap,FAKE,FAKE,0.7972,Top REAL Evidence,h_mean_min,Color (HSV),16.620499,-0.977836,Pushes REAL
Dataset\Video\FaceSwap\284_263.mp4,FaceSwap,FAKE,FAKE,0.7972,Top REAL Evidence,s_hist_3_mean,Color (HSV),0.306834,-0.912439,Pushes REAL
Dataset\Video\FaceSwap\284_263.mp4,FaceSwap,FAKE,FAKE,0.7972,Top REAL Evidence,s_hist_2_mean,Color (HSV),0.291269,-0.894302,Pushes REAL
Dataset\Video\FaceSwap\284_263.mp4,FaceSwap,FAKE,FAKE,0.7972,Top REAL Evidence,lbp_hist_9_min,Texture (LBP & Gray),0.032211,-0.819825,Pushes REAL
Dataset\Video\FaceSwap\284_263.mp4,FaceSwap,FAKE,FAKE,0.7972,Top REAL Evidence,lbp_hist_9_mean,Texture (LBP & Gray),0.034628,-0.74391,Pushes REAL
Dataset\Video\FaceSwap\284_263.mp4,FaceSwap,FAKE,FAKE,0.7972,Top REAL Evidence,v_hist_2_mean,Color (HSV),0.277585,-0.741212,Pushes REAL
Dataset\Video\FaceSwap\284_263.mp4,FaceSwap,FAKE,FAKE,0.7972,Top REAL Evidence,lbp_hist_5_max,Texture (LBP & Gray),0.301849,-0.490448,Pushes REAL
Dataset\Video\FaceSwap\284_263.mp4,FaceSwap,FAKE,FAKE,0.7972,Top REAL Evidence,lbp_hist_9_max,Texture (LBP & Gray),0.037247,-0.487435,Pushes REAL
Dataset\Video\FaceSwap\284_263.mp4,FaceSwap,FAKE,FAKE,0.7972,Top REAL Evidence,h_mean_max,Color (HSV),20.119598,-0.473783,Pushes REAL
Dataset\Video\FaceSwap\352_319.mp4,FaceSwap,FAKE,FAKE,0.8212,Top FAKE Evidence,lbp_hist_3_max,Texture (LBP & Gray),0.128143,0.853713,Pushes FAKE
Dataset\Video\FaceSwap\352_319.mp4,FaceSwap,FAKE,FAKE,0.8212,Top FAKE Evidence,lbp_hist_3_mean,Texture (LBP & Gray),0.125009,0.775836,Pushes FAKE
Dataset\Video\FaceSwap\352_319.mp4,FaceSwap,FAKE,FAKE,0.8212,Top FAKE Evidence,h_hist_7_std,Color (HSV),0.024892,0.663241,Pushes FAKE
Dataset\Video\FaceSwap\352_319.mp4,FaceSwap,FAKE,FAKE,0.8212,Top FAKE Evidence,glcm_energy_max,Texture (GLCM),0.079639,0.60018,Pushes FAKE
Dataset\Video\FaceSwap\352_319.mp4,FaceSwap,FAKE,FAKE,0.8212,Top FAKE Evidence,lbp_hist_8_min,Texture (LBP & Gray),0.081345,0.518315,Pushes FAKE
Dataset\Video\FaceSwap\352_319.mp4,FaceSwap,FAKE,FAKE,0.8212,Top FAKE Evidence,v_hist_6_std,Color (HSV),0.016721,0.498191,Pushes FAKE
Dataset\Video\FaceSwap\352_319.mp4,FaceSwap,FAKE,FAKE,0.8212,Top FAKE Evidence,s_std_std,Color (HSV),4.284299,0.449753,Pushes FAKE
Dataset\Video\FaceSwap\352_319.mp4,FaceSwap,FAKE,FAKE,0.8212,Top FAKE Evidence,v_hist_1_std,Color (HSV),0.039271,0.412816,Pushes FAKE
Dataset\Video\FaceSwap\352_319.mp4,FaceSwap,FAKE,FAKE,0.8212,Top FAKE Evidence,lbp_hist_2_max,Texture (LBP & Gray),0.029541,0.408028,Pushes FAKE
Dataset\Video\FaceSwap\352_319.mp4,FaceSwap,FAKE,FAKE,0.8212,Top FAKE Evidence,lbp_hist_4_max,Texture (LBP & Gray),0.301651,0.398144,Pushes FAKE
Dataset\Video\FaceSwap\352_319.mp4,FaceSwap,FAKE,FAKE,0.8212,Top REAL Evidence,h_mean_std,Color (HSV),6.958052,-0.879752,Pushes REAL
Dataset\Video\FaceSwap\352_319.mp4,FaceSwap,FAKE,FAKE,0.8212,Top REAL Evidence,lbp_hist_6_min,Texture (LBP & Gray),0.062607,-0.863873,Pushes REAL
Dataset\Video\FaceSwap\352_319.mp4,FaceSwap,FAKE,FAKE,0.8212,Top REAL Evidence,lbp_hist_6_max,Texture (LBP & Gray),0.065887,-0.529662,Pushes REAL
Dataset\Video\FaceSwap\352_319.mp4,FaceSwap,FAKE,FAKE,0.8212,Top REAL Evidence,h_hist_2_std,Color (HSV),0.016926,-0.431418,Pushes REAL
Dataset\Video\FaceSwap\352_319.mp4,FaceSwap,FAKE,FAKE,0.8212,Top REAL Evidence,glcm_energy_mean,Texture (GLCM),0.076057,-0.413564,Pushes REAL
Dataset\Video\FaceSwap\352_319.mp4,FaceSwap,FAKE,FAKE,0.8212,Top REAL Evidence,v_hist_0_min,Color (HSV),0.039627,-0.402677,Pushes REAL
Dataset\Video\FaceSwap\352_319.mp4,FaceSwap,FAKE,FAKE,0.8212,Top REAL Evidence,v_hist_2_mean,Color (HSV),0.183044,-0.300453,Pushes REAL
Dataset\Video\FaceSwap\352_319.mp4,FaceSwap,FAKE,FAKE,0.8212,Top REAL Evidence,h_std_mean,Color (HSV),54.255906,-0.269181,Pushes REAL
Dataset\Video\FaceSwap\352_319.mp4,FaceSwap,FAKE,FAKE,0.8212,Top REAL Evidence,lbp_hist_6_std,Texture (LBP & Gray),0.001144,-0.263122,Pushes REAL
Dataset\Video\FaceSwap\352_319.mp4,FaceSwap,FAKE,FAKE,0.8212,Top REAL Evidence,h_mean_min,Color (HSV),57.23848,-0.258114,Pushes REAL
Dataset\Video\FaceSwap\367_371.mp4,FaceSwap,FAKE,REAL,0.8466,Top FAKE Evidence,lbp_hist_5_min,Texture (LBP & Gray),0.253098,0.91384,Pushes FAKE
Dataset\Video\FaceSwap\367_371.mp4,FaceSwap,FAKE,REAL,0.8466,Top FAKE Evidence,h_hist_4_max,Color (HSV),0.023987,0.463354,Pushes FAKE
Dataset\Video\FaceSwap\367_371.mp4,FaceSwap,FAKE,REAL,0.8466,Top FAKE Evidence,glcm_energy_max,Texture (GLCM),0.101046,0.445613,Pushes FAKE
Dataset\Video\FaceSwap\367_371.mp4,FaceSwap,FAKE,REAL,0.8466,Top FAKE Evidence,h_hist_0_min,Color (HSV),0.666168,0.400699,Pushes FAKE
Dataset\Video\FaceSwap\367_371.mp4,FaceSwap,FAKE,REAL,0.8466,Top FAKE Evidence,lbp_hist_7_std,Texture (LBP & Gray),0.001258,0.375225,Pushes FAKE
Dataset\Video\FaceSwap\367_371.mp4,FaceSwap,FAKE,REAL,0.8466,Top FAKE Evidence,v_mean_min,Color (HSV),152.692062,0.374196,Pushes FAKE
Dataset\Video\FaceSwap\367_371.mp4,FaceSwap,FAKE,REAL,0.8466,Top FAKE Evidence,s_mean_mean,Color (HSV),149.723431,0.352717,Pushes FAKE
Dataset\Video\FaceSwap\367_371.mp4,FaceSwap,FAKE,REAL,0.8466,Top FAKE Evidence,v_hist_5_mean,Color (HSV),0.265617,0.33279,Pushes FAKE
Dataset\Video\FaceSwap\367_371.mp4,FaceSwap,FAKE,REAL,0.8466,Top FAKE Evidence,lbp_hist_8_min,Texture (LBP & Gray),0.124481,0.330836,Pushes FAKE
Dataset\Video\FaceSwap\367_371.mp4,FaceSwap,FAKE,REAL,0.8466,Top FAKE Evidence,dct_mid_energy_std,Frequency (DCT),54.094671,0.29209,Pushes FAKE
Dataset\Video\FaceSwap\367_371.mp4,FaceSwap,FAKE,REAL,0.8466,Top REAL Evidence,lbp_hist_5_mean,Texture (LBP & Gray),0.266748,-0.791328,Pushes REAL
Dataset\Video\FaceSwap\367_371.mp4,FaceSwap,FAKE,REAL,0.8466,Top REAL Evidence,glcm_dissimilarity_std,Texture (GLCM),0.015542,-0.657795,Pushes REAL
Dataset\Video\FaceSwap\367_371.mp4,FaceSwap,FAKE,REAL,0.8466,Top REAL Evidence,s_hist_5_min,Color (HSV),0.182556,-0.590145,Pushes REAL
Dataset\Video\FaceSwap\367_371.mp4,FaceSwap,FAKE,REAL,0.8466,Top REAL Evidence,s_hist_5_mean,Color (HSV),0.189134,-0.528551,Pushes REAL
Dataset\Video\FaceSwap\367_371.mp4,FaceSwap,FAKE,REAL,0.8466,Top REAL Evidence,v_hist_0_min,Color (HSV),0.02182,-0.478089,Pushes REAL
Dataset\Video\FaceSwap\367_371.mp4,FaceSwap,FAKE,REAL,0.8466,Top REAL Evidence,lbp_hist_6_min,Texture (LBP & Gray),0.056259,-0.471032,Pushes REAL
Dataset\Video\FaceSwap\367_371.mp4,FaceSwap,FAKE,REAL,0.8466,Top REAL Evidence,h_mean_min,Color (HSV),45.936844,-0.458371,Pushes REAL
Dataset\Video\FaceSwap\367_371.mp4,FaceSwap,FAKE,REAL,0.8466,Top REAL Evidence,lbp_hist_3_std,Texture (LBP & Gray),0.001141,-0.398269,Pushes REAL
Dataset\Video\FaceSwap\367_371.mp4,FaceSwap,FAKE,REAL,0.8466,Top REAL Evidence,h_std_mean,Color (HSV),56.614054,-0.3706,Pushes REAL
Dataset\Video\FaceSwap\367_371.mp4,FaceSwap,FAKE,REAL,0.8466,Top REAL Evidence,s_hist_0_std,Color (HSV),0.001647,-0.35932,Pushes REAL
Dataset\Video\FaceSwap\618_629.mp4,FaceSwap,FAKE,REAL,0.9896,Top FAKE Evidence,lbp_hist_5_min,Texture (LBP & Gray),0.291046,1.65543,Pushes FAKE
Dataset\Video\FaceSwap\618_629.mp4,FaceSwap,FAKE,REAL,0.9896,Top FAKE Evidence,lbp_hist_3_std,Texture (LBP & Gray),0.005749,0.780024,Pushes FAKE
Dataset\Video\FaceSwap\618_629.mp4,FaceSwap,FAKE,REAL,0.9896,Top FAKE Evidence,edge_std_mean,Edge (Canny),53.649707,0.727035,Pushes FAKE
Dataset\Video\FaceSwap\618_629.mp4,FaceSwap,FAKE,REAL,0.9896,Top FAKE Evidence,lbp_hist_5_std,Texture (LBP & Gray),0.014282,0.654196,Pushes FAKE
Dataset\Video\FaceSwap\618_629.mp4,FaceSwap,FAKE,REAL,0.9896,Top FAKE Evidence,lbp_hist_4_std,Texture (LBP & Gray),0.016403,0.620717,Pushes FAKE
Dataset\Video\FaceSwap\618_629.mp4,FaceSwap,FAKE,REAL,0.9896,Top FAKE Evidence,lbp_hist_6_std,Texture (LBP & Gray),0.003054,0.563226,Pushes FAKE
Dataset\Video\FaceSwap\618_629.mp4,FaceSwap,FAKE,REAL,0.9896,Top FAKE Evidence,lbp_hist_1_max,Texture (LBP & Gray),0.034912,0.514097,Pushes FAKE
Dataset\Video\FaceSwap\618_629.mp4,FaceSwap,FAKE,REAL,0.9896,Top FAKE Evidence,s_hist_5_std,Color (HSV),0.021039,0.500472,Pushes FAKE
Dataset\Video\FaceSwap\618_629.mp4,FaceSwap,FAKE,REAL,0.9896,Top FAKE Evidence,v_hist_3_min,Color (HSV),0.454483,0.478224,Pushes FAKE
Dataset\Video\FaceSwap\618_629.mp4,FaceSwap,FAKE,REAL,0.9896,Top FAKE Evidence,s_hist_2_mean,Color (HSV),0.058992,0.420489,Pushes FAKE
Dataset\Video\FaceSwap\618_629.mp4,FaceSwap,FAKE,REAL,0.9896,Top REAL Evidence,lbp_hist_5_mean,Texture (LBP & Gray),0.310065,-1.488817,Pushes REAL
Dataset\Video\FaceSwap\618_629.mp4,FaceSwap,FAKE,REAL,0.9896,Top REAL Evidence,s_hist_5_min,Color (HSV),0.383179,-1.483837,Pushes REAL
Dataset\Video\FaceSwap\618_629.mp4,FaceSwap,FAKE,REAL,0.9896,Top REAL Evidence,s_hist_5_mean,Color (HSV),0.422688,-1.464859,Pushes REAL
Dataset\Video\FaceSwap\618_629.mp4,FaceSwap,FAKE,REAL,0.9896,Top REAL Evidence,lbp_hist_5_max,Texture (LBP & Gray),0.343063,-0.783782,Pushes REAL
Dataset\Video\FaceSwap\618_629.mp4,FaceSwap,FAKE,REAL,0.9896,Top REAL Evidence,s_hist_6_min,Color (HSV),0.108368,-0.765662,Pushes REAL
Dataset\Video\FaceSwap\618_629.mp4,FaceSwap,FAKE,REAL,0.9896,Top REAL Evidence,s_hist_5_max,Color (HSV),0.445648,-0.763701,Pushes REAL
Dataset\Video\FaceSwap\618_629.mp4,FaceSwap,FAKE,REAL,0.9896,Top REAL Evidence,h_hist_4_max,Color (HSV),0.612152,-0.593388,Pushes REAL
Dataset\Video\FaceSwap\618_629.mp4,FaceSwap,FAKE,REAL,0.9896,Top REAL Evidence,glcm_dissimilarity_std,Texture (GLCM),0.026017,-0.577436,Pushes REAL
Dataset\Video\FaceSwap\618_629.mp4,FaceSwap,FAKE,REAL,0.9896,Top REAL Evidence,lbp_hist_2_max,Texture (LBP & Gray),0.01564,-0.515736,Pushes REAL
Dataset\Video\FaceSwap\618_629.mp4,FaceSwap,FAKE,REAL,0.9896,Top REAL Evidence,v_hist_0_min,Color (HSV),0.014084,-0.510851,Pushes REAL
Dataset\Video\FaceSwap\643_646.mp4,FaceSwap,FAKE,FAKE,0.6792,Top FAKE Evidence,s_std_std,Color (HSV),7.196342,1.006595,Pushes FAKE
Dataset\Video\FaceSwap\643_646.mp4,FaceSwap,FAKE,FAKE,0.6792,Top FAKE Evidence,v_hist_1_min,Color (HSV),0.37178,0.978118,Pushes FAKE
Dataset\Video\FaceSwap\643_646.mp4,FaceSwap,FAKE,FAKE,0.6792,Top FAKE Evidence,glcm_dissimilarity_std,Texture (GLCM),0.220241,0.912531,Pushes FAKE
Dataset\Video\FaceSwap\643_646.mp4,FaceSwap,FAKE,FAKE,0.6792,Top FAKE Evidence,h_hist_7_std,Color (HSV),0.026957,0.750148,Pushes FAKE
Dataset\Video\FaceSwap\643_646.mp4,FaceSwap,FAKE,FAKE,0.6792,Top FAKE Evidence,edge_std_mean,Edge (Canny),55.597409,0.652936,Pushes FAKE
Dataset\Video\FaceSwap\643_646.mp4,FaceSwap,FAKE,FAKE,0.6792,Top FAKE Evidence,h_mean_min,Color (HSV),108.304092,0.646733,Pushes FAKE
Dataset\Video\FaceSwap\643_646.mp4,FaceSwap,FAKE,FAKE,0.6792,Top FAKE Evidence,lbp_hist_6_std,Texture (LBP & Gray),0.003153,0.606382,Pushes FAKE
Dataset\Video\FaceSwap\643_646.mp4,FaceSwap,FAKE,FAKE,0.6792,Top FAKE Evidence,s_hist_3_min,Color (HSV),0.242203,0.504596,Pushes FAKE
Dataset\Video\FaceSwap\643_646.mp4,FaceSwap,FAKE,FAKE,0.6792,Top FAKE Evidence,lbp_hist_5_min,Texture (LBP & Gray),0.232071,0.502939,Pushes FAKE
Dataset\Video\FaceSwap\643_646.mp4,FaceSwap,FAKE,FAKE,0.6792,Top FAKE Evidence,v_hist_5_std,Color (HSV),0.026683,0.432205,Pushes FAKE
Dataset\Video\FaceSwap\643_646.mp4,FaceSwap,FAKE,FAKE,0.6792,Top REAL Evidence,s_hist_2_mean,Color (HSV),0.335263,-1.143328,Pushes REAL
Dataset\Video\FaceSwap\643_646.mp4,FaceSwap,FAKE,FAKE,0.6792,Top REAL Evidence,glcm_correlation_std,Texture (GLCM),0.016124,-1.064972,Pushes REAL
Dataset\Video\FaceSwap\643_646.mp4,FaceSwap,FAKE,FAKE,0.6792,Top REAL Evidence,dct_mid_energy_std,Frequency (DCT),824.68576,-0.757607,Pushes REAL
Dataset\Video\FaceSwap\643_646.mp4,FaceSwap,FAKE,FAKE,0.6792,Top REAL Evidence,s_hist_3_mean,Color (HSV),0.269026,-0.727065,Pushes REAL
Dataset\Video\FaceSwap\643_646.mp4,FaceSwap,FAKE,FAKE,0.6792,Top REAL Evidence,s_hist_7_std,Color (HSV),0.031652,-0.723003,Pushes REAL
Dataset\Video\FaceSwap\643_646.mp4,FaceSwap,FAKE,FAKE,0.6792,Top REAL Evidence,dct_high_low_ratio_std,Frequency (DCT),6.3e-05,-0.701431,Pushes REAL
Dataset\Video\FaceSwap\643_646.mp4,FaceSwap,FAKE,FAKE,0.6792,Top REAL Evidence,dct_high_energy_std,Frequency (DCT),40.60892,-0.67941,Pushes REAL
Dataset\Video\FaceSwap\643_646.mp4,FaceSwap,FAKE,FAKE,0.6792,Top REAL Evidence,h_std_mean,Color (HSV),61.406303,-0.576704,Pushes REAL
Dataset\Video\FaceSwap\643_646.mp4,FaceSwap,FAKE,FAKE,0.6792,Top REAL Evidence,lbp_hist_6_max,Texture (LBP & Gray),0.066437,-0.555476,Pushes REAL
Dataset\Video\FaceSwap\643_646.mp4,FaceSwap,FAKE,FAKE,0.6792,Top REAL Evidence,h_hist_7_min,Color (HSV),0.213943,-0.550209,Pushes REAL
Dataset\Video\FaceSwap\718_972.mp4,FaceSwap,FAKE,FAKE,0.9217,Top FAKE Evidence,h_hist_7_std,Color (HSV),0.034618,1.072592,Pushes FAKE
Dataset\Video\FaceSwap\718_972.mp4,FaceSwap,FAKE,FAKE,0.9217,Top FAKE Evidence,v_hist_5_mean,Color (HSV),0.395094,0.656231,Pushes FAKE
Dataset\Video\FaceSwap\718_972.mp4,FaceSwap,FAKE,FAKE,0.9217,Top FAKE Evidence,lbp_hist_3_max,Texture (LBP & Gray),0.117615,0.558242,Pushes FAKE
Dataset\Video\FaceSwap\718_972.mp4,FaceSwap,FAKE,FAKE,0.9217,Top FAKE Evidence,h_hist_0_min,Color (HSV),0.812256,0.555103,Pushes FAKE
Dataset\Video\FaceSwap\718_972.mp4,FaceSwap,FAKE,FAKE,0.9217,Top FAKE Evidence,v_hist_5_max,Color (HSV),0.409637,0.536967,Pushes FAKE
Dataset\Video\FaceSwap\718_972.mp4,FaceSwap,FAKE,FAKE,0.9217,Top FAKE Evidence,lbp_hist_4_max,Texture (LBP & Gray),0.331573,0.5332,Pushes FAKE
Dataset\Video\FaceSwap\718_972.mp4,FaceSwap,FAKE,FAKE,0.9217,Top FAKE Evidence,h_hist_4_max,Color (HSV),0.003189,0.500721,Pushes FAKE
Dataset\Video\FaceSwap\718_972.mp4,FaceSwap,FAKE,FAKE,0.9217,Top FAKE Evidence,edge_std_mean,Edge (Canny),59.618857,0.499941,Pushes FAKE
Dataset\Video\FaceSwap\718_972.mp4,FaceSwap,FAKE,FAKE,0.9217,Top FAKE Evidence,lbp_hist_3_mean,Texture (LBP & Gray),0.113812,0.495713,Pushes FAKE
Dataset\Video\FaceSwap\718_972.mp4,FaceSwap,FAKE,FAKE,0.9217,Top FAKE Evidence,lbp_hist_8_min,Texture (LBP & Gray),0.086578,0.495568,Pushes FAKE
Dataset\Video\FaceSwap\718_972.mp4,FaceSwap,FAKE,FAKE,0.9217,Top REAL Evidence,h_mean_min,Color (HSV),20.749786,-0.904668,Pushes REAL
Dataset\Video\FaceSwap\718_972.mp4,FaceSwap,FAKE,FAKE,0.9217,Top REAL Evidence,v_hist_4_mean,Color (HSV),0.312549,-0.690918,Pushes REAL
Dataset\Video\FaceSwap\718_972.mp4,FaceSwap,FAKE,FAKE,0.9217,Top REAL Evidence,s_std_mean,Color (HSV),32.130719,-0.642839,Pushes REAL
Dataset\Video\FaceSwap\718_972.mp4,FaceSwap,FAKE,FAKE,0.9217,Top REAL Evidence,h_mean_std,Color (HSV),5.440946,-0.608112,Pushes REAL
Dataset\Video\FaceSwap\718_972.mp4,FaceSwap,FAKE,FAKE,0.9217,Top REAL Evidence,v_hist_0_min,Color (HSV),0.0,-0.570495,Pushes REAL
Dataset\Video\FaceSwap\718_972.mp4,FaceSwap,FAKE,FAKE,0.9217,Top REAL Evidence,s_std_max,Color (HSV),33.222182,-0.56931,Pushes REAL
Dataset\Video\FaceSwap\718_972.mp4,FaceSwap,FAKE,FAKE,0.9217,Top REAL Evidence,lbp_hist_6_max,Texture (LBP & Gray),0.065048,-0.490224,Pushes REAL
Dataset\Video\FaceSwap\718_972.mp4,FaceSwap,FAKE,FAKE,0.9217,Top REAL Evidence,lbp_hist_6_min,Texture (LBP & Gray),0.056412,-0.480475,Pushes REAL
Dataset\Video\FaceSwap\718_972.mp4,FaceSwap,FAKE,FAKE,0.9217,Top REAL Evidence,glcm_dissimilarity_std,Texture (GLCM),0.040175,-0.468823,Pushes REAL
Dataset\Video\FaceSwap\718_972.mp4,FaceSwap,FAKE,FAKE,0.9217,Top REAL Evidence,v_hist_0_mean,Color (HSV),0.000224,-0.383958,Pushes REAL
Dataset\Video\FaceSwap\777_745.mp4,FaceSwap,FAKE,REAL,0.8456,Top FAKE Evidence,s_hist_6_mean,Color (HSV),0.295708,1.030565,Pushes FAKE
Dataset\Video\FaceSwap\777_745.mp4,FaceSwap,FAKE,REAL,0.8456,Top FAKE Evidence,lbp_hist_5_min,Texture (LBP & Gray),0.24733,0.801126,Pushes FAKE
Dataset\Video\FaceSwap\777_745.mp4,FaceSwap,FAKE,REAL,0.8456,Top FAKE Evidence,edge_std_mean,Edge (Canny),56.614634,0.614236,Pushes FAKE
Dataset\Video\FaceSwap\777_745.mp4,FaceSwap,FAKE,REAL,0.8456,Top FAKE Evidence,glcm_dissimilarity_std,Texture (GLCM),0.165596,0.493327,Pushes FAKE
Dataset\Video\FaceSwap\777_745.mp4,FaceSwap,FAKE,REAL,0.8456,Top FAKE Evidence,h_mean_min,Color (HSV),96.556091,0.438567,Pushes FAKE
Dataset\Video\FaceSwap\777_745.mp4,FaceSwap,FAKE,REAL,0.8456,Top FAKE Evidence,v_hist_4_std,Color (HSV),0.033506,0.419999,Pushes FAKE
Dataset\Video\FaceSwap\777_745.mp4,FaceSwap,FAKE,REAL,0.8456,Top FAKE Evidence,lbp_hist_1_max,Texture (LBP & Gray),0.038147,0.408554,Pushes FAKE
Dataset\Video\FaceSwap\777_745.mp4,FaceSwap,FAKE,REAL,0.8456,Top FAKE Evidence,h_std_mean,Color (HSV),38.856829,0.3931,Pushes FAKE
Dataset\Video\FaceSwap\777_745.mp4,FaceSwap,FAKE,REAL,0.8456,Top FAKE Evidence,s_mean_mean,Color (HSV),151.067329,0.361031,Pushes FAKE
Dataset\Video\FaceSwap\777_745.mp4,FaceSwap,FAKE,REAL,0.8456,Top FAKE Evidence,dct_mid_energy_max,Frequency (DCT),1550.79834,0.335988,Pushes FAKE
Dataset\Video\FaceSwap\777_745.mp4,FaceSwap,FAKE,REAL,0.8456,Top REAL Evidence,s_hist_6_min,Color (HSV),0.202087,-1.791626,Pushes REAL
Dataset\Video\FaceSwap\777_745.mp4,FaceSwap,FAKE,REAL,0.8456,Top REAL Evidence,glcm_correlation_std,Texture (GLCM),0.020807,-1.475027,Pushes REAL
Dataset\Video\FaceSwap\777_745.mp4,FaceSwap,FAKE,REAL,0.8456,Top REAL Evidence,s_hist_4_std,Color (HSV),0.020196,-0.785078,Pushes REAL
Dataset\Video\FaceSwap\777_745.mp4,FaceSwap,FAKE,REAL,0.8456,Top REAL Evidence,lbp_hist_5_mean,Texture (LBP & Gray),0.254956,-0.601452,Pushes REAL
Dataset\Video\FaceSwap\777_745.mp4,FaceSwap,FAKE,REAL,0.8456,Top REAL Evidence,s_hist_6_max,Color (HSV),0.332489,-0.484771,Pushes REAL
Dataset\Video\FaceSwap\777_745.mp4,FaceSwap,FAKE,REAL,0.8456,Top REAL Evidence,v_hist_0_min,Color (HSV),0.044861,-0.380512,Pushes REAL
Dataset\Video\FaceSwap\777_745.mp4,FaceSwap,FAKE,REAL,0.8456,Top REAL Evidence,h_hist_4_max,Color (HSV),0.474823,-0.346652,Pushes REAL
Dataset\Video\FaceSwap\777_745.mp4,FaceSwap,FAKE,REAL,0.8456,Top REAL Evidence,lbp_hist_7_mean,Texture (LBP & Gray),0.054391,-0.341781,Pushes REAL
Dataset\Video\FaceSwap\777_745.mp4,FaceSwap,FAKE,REAL,0.8456,Top REAL Evidence,v_hist_4_mean,Color (HSV),0.223289,-0.340711,Pushes REAL
Dataset\Video\FaceSwap\777_745.mp4,FaceSwap,FAKE,REAL,0.8456,Top REAL Evidence,s_hist_5_mean,Color (HSV),0.13959,-0.329932,Pushes REAL
Dataset\Video\FaceSwap\791_770.mp4,FaceSwap,FAKE,FAKE,0.5561,Top FAKE Evidence,lbp_hist_5_min,Texture (LBP & Gray),0.252655,0.905193,Pushes FAKE
Dataset\Video\FaceSwap\791_770.mp4,FaceSwap,FAKE,FAKE,0.5561,Top FAKE Evidence,glcm_dissimilarity_std,Texture (GLCM),0.212254,0.851257,Pushes FAKE
Dataset\Video\FaceSwap\791_770.mp4,FaceSwap,FAKE,FAKE,0.5561,Top FAKE Evidence,glcm_correlation_max,Texture (GLCM),0.883062,0.661792,Pushes FAKE
Dataset\Video\FaceSwap\791_770.mp4,FaceSwap,FAKE,FAKE,0.5561,Top FAKE Evidence,glcm_energy_max,Texture (GLCM),0.091497,0.514559,Pushes FAKE
Dataset\Video\FaceSwap\791_770.mp4,FaceSwap,FAKE,FAKE,0.5561,Top FAKE Evidence,glcm_correlation_mean,Texture (GLCM),0.861627,0.424539,Pushes FAKE
Dataset\Video\FaceSwap\791_770.mp4,FaceSwap,FAKE,FAKE,0.5561,Top FAKE Evidence,lbp_hist_5_std,Texture (LBP & Gray),0.011488,0.379172,Pushes FAKE
Dataset\Video\FaceSwap\791_770.mp4,FaceSwap,FAKE,FAKE,0.5561,Top FAKE Evidence,h_hist_4_max,Color (HSV),0.080536,0.361754,Pushes FAKE
Dataset\Video\FaceSwap\791_770.mp4,FaceSwap,FAKE,FAKE,0.5561,Top FAKE Evidence,s_hist_7_std,Color (HSV),0.001228,0.316406,Pushes FAKE
Dataset\Video\FaceSwap\791_770.mp4,FaceSwap,FAKE,FAKE,0.5561,Top FAKE Evidence,lbp_hist_8_min,Texture (LBP & Gray),0.127853,0.31618,Pushes FAKE
Dataset\Video\FaceSwap\791_770.mp4,FaceSwap,FAKE,FAKE,0.5561,Top FAKE Evidence,s_hist_6_min,Color (HSV),0.009811,0.313255,Pushes FAKE
Dataset\Video\FaceSwap\791_770.mp4,FaceSwap,FAKE,FAKE,0.5561,Top REAL Evidence,lbp_hist_5_mean,Texture (LBP & Gray),0.270135,-0.845873,Pushes REAL
Dataset\Video\FaceSwap\791_770.mp4,FaceSwap,FAKE,FAKE,0.5561,Top REAL Evidence,glcm_correlation_std,Texture (GLCM),0.010947,-0.611752,Pushes REAL
Dataset\Video\FaceSwap\791_770.mp4,FaceSwap,FAKE,FAKE,0.5561,Top REAL Evidence,dct_mid_energy_max,Frequency (DCT),8534.587891,-0.490411,Pushes REAL
Dataset\Video\FaceSwap\791_770.mp4,FaceSwap,FAKE,FAKE,0.5561,Top REAL Evidence,v_hist_0_min,Color (HSV),0.02449,-0.46678,Pushes REAL
Dataset\Video\FaceSwap\791_770.mp4,FaceSwap,FAKE,FAKE,0.5561,Top REAL Evidence,h_hist_2_min,Color (HSV),0.191254,-0.456655,Pushes REAL
Dataset\Video\FaceSwap\791_770.mp4,FaceSwap,FAKE,FAKE,0.5561,Top REAL Evidence,edge_std_mean,Edge (Canny),84.430455,-0.444008,Pushes REAL
Dataset\Video\FaceSwap\791_770.mp4,FaceSwap,FAKE,FAKE,0.5561,Top REAL Evidence,dct_high_energy_std,Frequency (DCT),30.167752,-0.430792,Pushes REAL
Dataset\Video\FaceSwap\791_770.mp4,FaceSwap,FAKE,FAKE,0.5561,Top REAL Evidence,lbp_hist_5_max,Texture (LBP & Gray),0.290436,-0.409213,Pushes REAL
Dataset\Video\FaceSwap\791_770.mp4,FaceSwap,FAKE,FAKE,0.5561,Top REAL Evidence,dct_mid_energy_min,Frequency (DCT),7609.272949,-0.395406,Pushes REAL
Dataset\Video\FaceSwap\791_770.mp4,FaceSwap,FAKE,FAKE,0.5561,Top REAL Evidence,h_hist_3_max,Color (HSV),0.193527,-0.369968,Pushes REAL
Dataset\Video\FaceSwap\890_837.mp4,FaceSwap,FAKE,REAL,0.8629,Top FAKE Evidence,lbp_hist_1_std,Texture (LBP & Gray),0.005214,1.122199,Pushes FAKE
Dataset\Video\FaceSwap\890_837.mp4,FaceSwap,FAKE,REAL,0.8629,Top FAKE Evidence,h_mean_min,Color (HSV),109.283401,0.664086,Pushes FAKE
Dataset\Video\FaceSwap\890_837.mp4,FaceSwap,FAKE,REAL,0.8629,Top FAKE Evidence,h_hist_7_std,Color (HSV),0.021763,0.531528,Pushes FAKE
Dataset\Video\FaceSwap\890_837.mp4,FaceSwap,FAKE,REAL,0.8629,Top FAKE Evidence,lbp_hist_6_std,Texture (LBP & Gray),0.002979,0.530852,Pushes FAKE
Dataset\Video\FaceSwap\890_837.mp4,FaceSwap,FAKE,REAL,0.8629,Top FAKE Evidence,s_hist_3_mean,Color (HSV),0.01868,0.500386,Pushes FAKE
Dataset\Video\FaceSwap\890_837.mp4,FaceSwap,FAKE,REAL,0.8629,Top FAKE Evidence,s_hist_6_min,Color (HSV),1.5e-05,0.420495,Pushes FAKE
Dataset\Video\FaceSwap\890_837.mp4,FaceSwap,FAKE,REAL,0.8629,Top FAKE Evidence,h_std_mean,Color (HSV),38.493103,0.408743,Pushes FAKE
Dataset\Video\FaceSwap\890_837.mp4,FaceSwap,FAKE,REAL,0.8629,Top FAKE Evidence,gray_mean_min,Texture (LBP & Gray),132.891891,0.3763,Pushes FAKE
Dataset\Video\FaceSwap\890_837.mp4,FaceSwap,FAKE,REAL,0.8629,Top FAKE Evidence,lbp_hist_5_std,Texture (LBP & Gray),0.011426,0.37301,Pushes FAKE
Dataset\Video\FaceSwap\890_837.mp4,FaceSwap,FAKE,REAL,0.8629,Top FAKE Evidence,edge_std_mean,Edge (Canny),63.193088,0.363961,Pushes FAKE
Dataset\Video\FaceSwap\890_837.mp4,FaceSwap,FAKE,REAL,0.8629,Top REAL Evidence,v_hist_4_mean,Color (HSV),0.559543,-1.659993,Pushes REAL
Dataset\Video\FaceSwap\890_837.mp4,FaceSwap,FAKE,REAL,0.8629,Top REAL Evidence,lbp_hist_6_max,Texture (LBP & Gray),0.072647,-0.847318,Pushes REAL
Dataset\Video\FaceSwap\890_837.mp4,FaceSwap,FAKE,REAL,0.8629,Top REAL Evidence,lbp_hist_6_min,Texture (LBP & Gray),0.061661,-0.805325,Pushes REAL
Dataset\Video\FaceSwap\890_837.mp4,FaceSwap,FAKE,REAL,0.8629,Top REAL Evidence,s_std_mean,Color (HSV),24.55582,-0.798643,Pushes REAL
Dataset\Video\FaceSwap\890_837.mp4,FaceSwap,FAKE,REAL,0.8629,Top REAL Evidence,s_std_max,Color (HSV),25.121433,-0.710911,Pushes REAL
Dataset\Video\FaceSwap\890_837.mp4,FaceSwap,FAKE,REAL,0.8629,Top REAL Evidence,v_hist_0_min,Color (HSV),0.000305,-0.569203,Pushes REAL
Dataset\Video\FaceSwap\890_837.mp4,FaceSwap,FAKE,REAL,0.8629,Top REAL Evidence,h_hist_3_max,Color (HSV),0.259003,-0.549751,Pushes REAL
Dataset\Video\FaceSwap\890_837.mp4,FaceSwap,FAKE,REAL,0.8629,Top REAL Evidence,s_hist_2_mean,Color (HSV),0.224632,-0.517109,Pushes REAL
Dataset\Video\FaceSwap\890_837.mp4,FaceSwap,FAKE,REAL,0.8629,Top REAL Evidence,h_hist_7_min,Color (HSV),0.203125,-0.510406,Pushes REAL
Dataset\Video\FaceSwap\890_837.mp4,FaceSwap,FAKE,REAL,0.8629,Top REAL Evidence,glcm_dissimilarity_std,Texture (GLCM),0.03865,-0.480522,Pushes REAL
Dataset\Video\NeuralTextures\044_945.mp4,NeuralTextures,FAKE,FAKE,0.9984,Top FAKE Evidence,v_hist_6_std,Color (HSV),0.054172,2.360563,Pushes FAKE
Dataset\Video\NeuralTextures\044_945.mp4,NeuralTextures,FAKE,FAKE,0.9984,Top FAKE Evidence,h_hist_1_min,Color (HSV),0.438583,0.996931,Pushes FAKE
Dataset\Video\NeuralTextures\044_945.mp4,NeuralTextures,FAKE,FAKE,0.9984,Top FAKE Evidence,v_hist_5_mean,Color (HSV),0.44138,0.771856,Pushes FAKE
Dataset\Video\NeuralTextures\044_945.mp4,NeuralTextures,FAKE,FAKE,0.9984,Top FAKE Evidence,v_hist_5_std,Color (HSV),0.03971,0.74634,Pushes FAKE
Dataset\Video\NeuralTextures\044_945.mp4,NeuralTextures,FAKE,FAKE,0.9984,Top FAKE Evidence,v_hist_5_max,Color (HSV),0.510345,0.742286,Pushes FAKE
Dataset\Video\NeuralTextures\044_945.mp4,NeuralTextures,FAKE,FAKE,0.9984,Top FAKE Evidence,s_hist_5_std,Color (HSV),0.022877,0.556752,Pushes FAKE
Dataset\Video\NeuralTextures\044_945.mp4,NeuralTextures,FAKE,FAKE,0.9984,Top FAKE Evidence,edge_std_mean,Edge (Canny),60.069404,0.4828,Pushes FAKE
Dataset\Video\NeuralTextures\044_945.mp4,NeuralTextures,FAKE,FAKE,0.9984,Top FAKE Evidence,h_hist_1_mean,Color (HSV),0.507523,0.436039,Pushes FAKE
Dataset\Video\NeuralTextures\044_945.mp4,NeuralTextures,FAKE,FAKE,0.9984,Top FAKE Evidence,v_hist_5_min,Color (HSV),0.382111,0.434953,Pushes FAKE
Dataset\Video\NeuralTextures\044_945.mp4,NeuralTextures,FAKE,FAKE,0.9984,Top FAKE Evidence,lbp_hist_0_std,Texture (LBP & Gray),0.000562,0.425405,Pushes FAKE
Dataset\Video\NeuralTextures\044_945.mp4,NeuralTextures,FAKE,FAKE,0.9984,Top REAL Evidence,s_hist_5_mean,Color (HSV),0.279308,-0.890052,Pushes REAL
Dataset\Video\NeuralTextures\044_945.mp4,NeuralTextures,FAKE,FAKE,0.9984,Top REAL Evidence,s_hist_5_min,Color (HSV),0.216125,-0.739683,Pushes REAL
Dataset\Video\NeuralTextures\044_945.mp4,NeuralTextures,FAKE,FAKE,0.9984,Top REAL Evidence,glcm_correlation_max,Texture (GLCM),0.980931,-0.491699,Pushes REAL
Dataset\Video\NeuralTextures\044_945.mp4,NeuralTextures,FAKE,FAKE,0.9984,Top REAL Evidence,s_hist_5_max,Color (HSV),0.296005,-0.463304,Pushes REAL
Dataset\Video\NeuralTextures\044_945.mp4,NeuralTextures,FAKE,FAKE,0.9984,Top REAL Evidence,lbp_hist_9_min,Texture (LBP & Gray),0.04451,-0.458568,Pushes REAL
Dataset\Video\NeuralTextures\044_945.mp4,NeuralTextures,FAKE,FAKE,0.9984,Top REAL Evidence,h_mean_min,Color (HSV),46.358215,-0.450904,Pushes REAL
Dataset\Video\NeuralTextures\044_945.mp4,NeuralTextures,FAKE,FAKE,0.9984,Top REAL Evidence,s_hist_4_std,Color (HSV),0.014168,-0.450331,Pushes REAL
Dataset\Video\NeuralTextures\044_945.mp4,NeuralTextures,FAKE,FAKE,0.9984,Top REAL Evidence,glcm_energy_max,Texture (GLCM),0.223467,-0.438332,Pushes REAL
Dataset\Video\NeuralTextures\044_945.mp4,NeuralTextures,FAKE,FAKE,0.9984,Top REAL Evidence,glcm_dissimilarity_std,Texture (GLCM),0.044525,-0.435452,Pushes REAL
Dataset\Video\NeuralTextures\044_945.mp4,NeuralTextures,FAKE,FAKE,0.9984,Top REAL Evidence,lbp_hist_1_std,Texture (LBP & Gray),0.001209,-0.431373,Pushes REAL
Dataset\Video\NeuralTextures\046_904.mp4,NeuralTextures,FAKE,FAKE,0.6171,Top FAKE Evidence,lbp_hist_5_min,Texture (LBP & Gray),0.252869,0.909368,Pushes FAKE
Dataset\Video\NeuralTextures\046_904.mp4,NeuralTextures,FAKE,FAKE,0.6171,Top FAKE Evidence,v_hist_5_mean,Color (HSV),0.392888,0.65072,Pushes FAKE
Dataset\Video\NeuralTextures\046_904.mp4,NeuralTextures,FAKE,FAKE,0.6171,Top FAKE Evidence,edge_std_mean,Edge (Canny),57.0408,0.598022,Pushes FAKE
Dataset\Video\NeuralTextures\046_904.mp4,NeuralTextures,FAKE,FAKE,0.6171,Top FAKE Evidence,v_hist_5_max,Color (HSV),0.396667,0.510525,Pushes FAKE
Dataset\Video\NeuralTextures\046_904.mp4,NeuralTextures,FAKE,FAKE,0.6171,Top FAKE Evidence,gray_mean_min,Texture (LBP & Gray),145.27037,0.493189,Pushes FAKE
Dataset\Video\NeuralTextures\046_904.mp4,NeuralTextures,FAKE,FAKE,0.6171,Top FAKE Evidence,s_hist_3_mean,Color (HSV),0.021454,0.486785,Pushes FAKE
Dataset\Video\NeuralTextures\046_904.mp4,NeuralTextures,FAKE,FAKE,0.6171,Top FAKE Evidence,h_hist_4_max,Color (HSV),0.019836,0.470811,Pushes FAKE
Dataset\Video\NeuralTextures\046_904.mp4,NeuralTextures,FAKE,FAKE,0.6171,Top FAKE Evidence,h_std_max,Color (HSV),73.325719,0.466837,Pushes FAKE
Dataset\Video\NeuralTextures\046_904.mp4,NeuralTextures,FAKE,FAKE,0.6171,Top FAKE Evidence,v_hist_5_min,Color (HSV),0.386475,0.442125,Pushes FAKE
Dataset\Video\NeuralTextures\046_904.mp4,NeuralTextures,FAKE,FAKE,0.6171,Top FAKE Evidence,lbp_hist_0_std,Texture (LBP & Gray),0.00054,0.441477,Pushes FAKE
Dataset\Video\NeuralTextures\046_904.mp4,NeuralTextures,FAKE,FAKE,0.6171,Top REAL Evidence,h_hist_7_min,Color (HSV),0.358841,-1.083314,Pushes REAL
Dataset\Video\NeuralTextures\046_904.mp4,NeuralTextures,FAKE,FAKE,0.6171,Top REAL Evidence,h_std_mean,Color (HSV),72.967739,-1.073937,Pushes REAL
Dataset\Video\NeuralTextures\046_904.mp4,NeuralTextures,FAKE,FAKE,0.6171,Top REAL Evidence,s_std_mean,Color (HSV),23.748991,-0.815238,Pushes REAL
Dataset\Video\NeuralTextures\046_904.mp4,NeuralTextures,FAKE,FAKE,0.6171,Top REAL Evidence,s_std_max,Color (HSV),24.534288,-0.721174,Pushes REAL
Dataset\Video\NeuralTextures\046_904.mp4,NeuralTextures,FAKE,FAKE,0.6171,Top REAL Evidence,lbp_hist_5_mean,Texture (LBP & Gray),0.25878,-0.663024,Pushes REAL
Dataset\Video\NeuralTextures\046_904.mp4,NeuralTextures,FAKE,FAKE,0.6171,Top REAL Evidence,glcm_dissimilarity_std,Texture (GLCM),0.014948,-0.662351,Pushes REAL
Dataset\Video\NeuralTextures\046_904.mp4,NeuralTextures,FAKE,FAKE,0.6171,Top REAL Evidence,lbp_hist_2_max,Texture (LBP & Gray),0.013611,-0.6506,Pushes REAL
Dataset\Video\NeuralTextures\046_904.mp4,NeuralTextures,FAKE,FAKE,0.6171,Top REAL Evidence,v_hist_6_min,Color (HSV),0.231537,-0.609086,Pushes REAL
Dataset\Video\NeuralTextures\046_904.mp4,NeuralTextures,FAKE,FAKE,0.6171,Top REAL Evidence,h_hist_7_max,Color (HSV),0.392822,-0.528376,Pushes REAL
Dataset\Video\NeuralTextures\046_904.mp4,NeuralTextures,FAKE,FAKE,0.6171,Top REAL Evidence,v_hist_0_min,Color (HSV),0.01178,-0.520608,Pushes REAL
Dataset\Video\NeuralTextures\163_031.mp4,NeuralTextures,FAKE,REAL,0.847,Top FAKE Evidence,lbp_hist_5_min,Texture (LBP & Gray),0.257935,1.008365,Pushes FAKE
Dataset\Video\NeuralTextures\163_031.mp4,NeuralTextures,FAKE,REAL,0.847,Top FAKE Evidence,v_hist_2_min,Color (HSV),0.208969,0.626624,Pushes FAKE
Dataset\Video\NeuralTextures\163_031.mp4,NeuralTextures,FAKE,REAL,0.847,Top FAKE Evidence,h_mean_min,Color (HSV),100.51796,0.508768,Pushes FAKE
Dataset\Video\NeuralTextures\163_031.mp4,NeuralTextures,FAKE,REAL,0.847,Top FAKE Evidence,v_hist_1_min,Color (HSV),0.243988,0.489792,Pushes FAKE
Dataset\Video\NeuralTextures\163_031.mp4,NeuralTextures,FAKE,REAL,0.847,Top FAKE Evidence,lbp_hist_1_max,Texture (LBP & Gray),0.036804,0.452364,Pushes FAKE
Dataset\Video\NeuralTextures\163_031.mp4,NeuralTextures,FAKE,REAL,0.847,Top FAKE Evidence,lbp_hist_0_std,Texture (LBP & Gray),0.000619,0.384929,Pushes FAKE
Dataset\Video\NeuralTextures\163_031.mp4,NeuralTextures,FAKE,REAL,0.847,Top FAKE Evidence,s_hist_3_min,Color (HSV),0.203339,0.356834,Pushes FAKE
Dataset\Video\NeuralTextures\163_031.mp4,NeuralTextures,FAKE,REAL,0.847,Top FAKE Evidence,glcm_energy_max,Texture (GLCM),0.113966,0.352323,Pushes FAKE
Dataset\Video\NeuralTextures\163_031.mp4,NeuralTextures,FAKE,REAL,0.847,Top FAKE Evidence,v_hist_4_mean,Color (HSV),0.05097,0.335378,Pushes FAKE
Dataset\Video\NeuralTextures\163_031.mp4,NeuralTextures,FAKE,REAL,0.847,Top FAKE Evidence,lbp_hist_7_min,Texture (LBP & Gray),0.045227,0.324273,Pushes FAKE
Dataset\Video\NeuralTextures\163_031.mp4,NeuralTextures,FAKE,REAL,0.847,Top REAL Evidence,lbp_hist_5_mean,Texture (LBP & Gray),0.264491,-0.754989,Pushes REAL
Dataset\Video\NeuralTextures\163_031.mp4,NeuralTextures,FAKE,REAL,0.847,Top REAL Evidence,dct_high_energy_std,Frequency (DCT),40.330637,-0.672783,Pushes REAL
Dataset\Video\NeuralTextures\163_031.mp4,NeuralTextures,FAKE,REAL,0.847,Top REAL Evidence,lbp_hist_7_mean,Texture (LBP & Gray),0.049295,-0.497123,Pushes REAL
Dataset\Video\NeuralTextures\163_031.mp4,NeuralTextures,FAKE,REAL,0.847,Top REAL Evidence,lbp_hist_9_min,Texture (LBP & Gray),0.043365,-0.492184,Pushes REAL
Dataset\Video\NeuralTextures\163_031.mp4,NeuralTextures,FAKE,REAL,0.847,Top REAL Evidence,glcm_correlation_std,Texture (GLCM),0.00937,-0.473632,Pushes REAL
Dataset\Video\NeuralTextures\163_031.mp4,NeuralTextures,FAKE,REAL,0.847,Top REAL Evidence,lbp_hist_9_mean,Texture (LBP & Gray),0.046643,-0.46369,Pushes REAL
Dataset\Video\NeuralTextures\163_031.mp4,NeuralTextures,FAKE,REAL,0.847,Top REAL Evidence,v_hist_2_mean,Color (HSV),0.212859,-0.43945,Pushes REAL
Dataset\Video\NeuralTextures\163_031.mp4,NeuralTextures,FAKE,REAL,0.847,Top REAL Evidence,s_hist_3_mean,Color (HSV),0.207837,-0.427053,Pushes REAL
Dataset\Video\NeuralTextures\163_031.mp4,NeuralTextures,FAKE,REAL,0.847,Top REAL Evidence,lbp_hist_1_std,Texture (LBP & Gray),0.001234,-0.421711,Pushes REAL
Dataset\Video\NeuralTextures\163_031.mp4,NeuralTextures,FAKE,REAL,0.847,Top REAL Evidence,lbp_hist_2_max,Texture (LBP & Gray),0.01709,-0.419405,Pushes REAL
Dataset\Video\NeuralTextures\284_263.mp4,NeuralTextures,FAKE,FAKE,0.8022,Top FAKE Evidence,lbp_hist_5_min,Texture (LBP & Gray),0.289017,1.615771,Pushes FAKE
Dataset\Video\NeuralTextures\284_263.mp4,NeuralTextures,FAKE,FAKE,0.8022,Top FAKE Evidence,h_std_mean,Color (HSV),22.287716,1.105702,Pushes FAKE
Dataset\Video\NeuralTextures\284_263.mp4,NeuralTextures,FAKE,FAKE,0.8022,Top FAKE Evidence,v_hist_2_min,Color (HSV),0.258942,0.924023,Pushes FAKE
Dataset\Video\NeuralTextures\284_263.mp4,NeuralTextures,FAKE,FAKE,0.8022,Top FAKE Evidence,s_hist_3_min,Color (HSV),0.2901,0.686701,Pushes FAKE
Dataset\Video\NeuralTextures\284_263.mp4,NeuralTextures,FAKE,FAKE,0.8022,Top FAKE Evidence,h_hist_0_min,Color (HSV),0.899551,0.647369,Pushes FAKE
Dataset\Video\NeuralTextures\284_263.mp4,NeuralTextures,FAKE,FAKE,0.8022,Top FAKE Evidence,edge_std_mean,Edge (Canny),56.055424,0.635511,Pushes FAKE
Dataset\Video\NeuralTextures\284_263.mp4,NeuralTextures,FAKE,FAKE,0.8022,Top FAKE Evidence,v_hist_2_max,Color (HSV),0.29509,0.596425,Pushes FAKE
Dataset\Video\NeuralTextures\284_263.mp4,NeuralTextures,FAKE,FAKE,0.8022,Top FAKE Evidence,lbp_hist_1_max,Texture (LBP & Gray),0.033554,0.558405,Pushes FAKE
Dataset\Video\NeuralTextures\284_263.mp4,NeuralTextures,FAKE,FAKE,0.8022,Top FAKE Evidence,lbp_hist_4_max,Texture (LBP & Gray),0.335892,0.55269,Pushes FAKE
Dataset\Video\NeuralTextures\284_263.mp4,NeuralTextures,FAKE,FAKE,0.8022,Top FAKE Evidence,glcm_energy_max,Texture (GLCM),0.095305,0.487063,Pushes FAKE
Dataset\Video\NeuralTextures\284_263.mp4,NeuralTextures,FAKE,FAKE,0.8022,Top REAL Evidence,lbp_hist_5_mean,Texture (LBP & Gray),0.297183,-1.281399,Pushes REAL
Dataset\Video\NeuralTextures\284_263.mp4,NeuralTextures,FAKE,FAKE,0.8022,Top REAL Evidence,h_mean_min,Color (HSV),16.281815,-0.983837,Pushes REAL
Dataset\Video\NeuralTextures\284_263.mp4,NeuralTextures,FAKE,FAKE,0.8022,Top REAL Evidence,s_hist_3_mean,Color (HSV),0.305038,-0.903633,Pushes REAL
Dataset\Video\NeuralTextures\284_263.mp4,NeuralTextures,FAKE,FAKE,0.8022,Top REAL Evidence,s_hist_2_mean,Color (HSV),0.285838,-0.863562,Pushes REAL
Dataset\Video\NeuralTextures\284_263.mp4,NeuralTextures,FAKE,FAKE,0.8022,Top REAL Evidence,lbp_hist_9_min,Texture (LBP & Gray),0.033524,-0.781279,Pushes REAL
Dataset\Video\NeuralTextures\284_263.mp4,NeuralTextures,FAKE,FAKE,0.8022,Top REAL Evidence,lbp_hist_9_mean,Texture (LBP & Gray),0.035205,-0.730458,Pushes REAL
Dataset\Video\NeuralTextures\284_263.mp4,NeuralTextures,FAKE,FAKE,0.8022,Top REAL Evidence,v_hist_2_mean,Color (HSV),0.27478,-0.728137,Pushes REAL
Dataset\Video\NeuralTextures\284_263.mp4,NeuralTextures,FAKE,FAKE,0.8022,Top REAL Evidence,lbp_hist_5_max,Texture (LBP & Gray),0.302139,-0.492511,Pushes REAL
Dataset\Video\NeuralTextures\284_263.mp4,NeuralTextures,FAKE,FAKE,0.8022,Top REAL Evidence,lbp_hist_9_max,Texture (LBP & Gray),0.037125,-0.489193,Pushes REAL
Dataset\Video\NeuralTextures\284_263.mp4,NeuralTextures,FAKE,FAKE,0.8022,Top REAL Evidence,lbp_hist_7_mean,Texture (LBP & Gray),0.049957,-0.476938,Pushes REAL
Dataset\Video\NeuralTextures\352_319.mp4,NeuralTextures,FAKE,FAKE,0.8731,Top FAKE Evidence,lbp_hist_3_max,Texture (LBP & Gray),0.129333,0.887114,Pushes FAKE
Dataset\Video\NeuralTextures\352_319.mp4,NeuralTextures,FAKE,FAKE,0.8731,Top FAKE Evidence,lbp_hist_3_mean,Texture (LBP & Gray),0.125256,0.78202,Pushes FAKE
Dataset\Video\NeuralTextures\352_319.mp4,NeuralTextures,FAKE,FAKE,0.8731,Top FAKE Evidence,h_hist_7_std,Color (HSV),0.024444,0.644372,Pushes FAKE
Dataset\Video\NeuralTextures\352_319.mp4,NeuralTextures,FAKE,FAKE,0.8731,Top FAKE Evidence,glcm_energy_max,Texture (GLCM),0.079667,0.599982,Pushes FAKE
Dataset\Video\NeuralTextures\352_319.mp4,NeuralTextures,FAKE,FAKE,0.8731,Top FAKE Evidence,v_hist_6_std,Color (HSV),0.01752,0.537912,Pushes FAKE
Dataset\Video\NeuralTextures\352_319.mp4,NeuralTextures,FAKE,FAKE,0.8731,Top FAKE Evidence,lbp_hist_8_min,Texture (LBP & Gray),0.081726,0.516657,Pushes FAKE
Dataset\Video\NeuralTextures\352_319.mp4,NeuralTextures,FAKE,FAKE,0.8731,Top FAKE Evidence,s_std_std,Color (HSV),4.173511,0.428568,Pushes FAKE
Dataset\Video\NeuralTextures\352_319.mp4,NeuralTextures,FAKE,FAKE,0.8731,Top FAKE Evidence,lbp_hist_2_max,Texture (LBP & Gray),0.029694,0.418168,Pushes FAKE
Dataset\Video\NeuralTextures\352_319.mp4,NeuralTextures,FAKE,FAKE,0.8731,Top FAKE Evidence,v_hist_1_std,Color (HSV),0.039592,0.41703,Pushes FAKE
Dataset\Video\NeuralTextures\352_319.mp4,NeuralTextures,FAKE,FAKE,0.8731,Top FAKE Evidence,lbp_hist_4_max,Texture (LBP & Gray),0.302979,0.404135,Pushes FAKE
Dataset\Video\NeuralTextures\352_319.mp4,NeuralTextures,FAKE,FAKE,0.8731,Top REAL Evidence,h_mean_std,Color (HSV),6.924011,-0.873656,Pushes REAL
Dataset\Video\NeuralTextures\352_319.mp4,NeuralTextures,FAKE,FAKE,0.8731,Top REAL Evidence,lbp_hist_6_min,Texture (LBP & Gray),0.061966,-0.824211,Pushes REAL
Dataset\Video\NeuralTextures\352_319.mp4,NeuralTextures,FAKE,FAKE,0.8731,Top REAL Evidence,lbp_hist_6_max,Texture (LBP & Gray),0.0672,-0.591329,Pushes REAL
Dataset\Video\NeuralTextures\352_319.mp4,NeuralTextures,FAKE,FAKE,0.8731,Top REAL Evidence,h_hist_2_std,Color (HSV),0.017559,-0.454187,Pushes REAL
Dataset\Video\NeuralTextures\352_319.mp4,NeuralTextures,FAKE,FAKE,0.8731,Top REAL Evidence,glcm_energy_mean,Texture (GLCM),0.076479,-0.411021,Pushes REAL
Dataset\Video\NeuralTextures\352_319.mp4,NeuralTextures,FAKE,FAKE,0.8731,Top REAL Evidence,v_hist_0_min,Color (HSV),0.038559,-0.4072,Pushes REAL
Dataset\Video\NeuralTextures\352_319.mp4,NeuralTextures,FAKE,FAKE,0.8731,Top REAL Evidence,v_hist_2_mean,Color (HSV),0.181458,-0.293054,Pushes REAL
Dataset\Video\NeuralTextures\352_319.mp4,NeuralTextures,FAKE,FAKE,0.8731,Top REAL Evidence,h_std_mean,Color (HSV),54.447874,-0.277437,Pushes REAL
Dataset\Video\NeuralTextures\352_319.mp4,NeuralTextures,FAKE,FAKE,0.8731,Top REAL Evidence,lbp_hist_7_std,Texture (LBP & Gray),0.002856,-0.269862,Pushes REAL
Dataset\Video\NeuralTextures\352_319.mp4,NeuralTextures,FAKE,FAKE,0.8731,Top REAL Evidence,h_mean_min,Color (HSV),57.768738,-0.248718,Pushes REAL
Dataset\Video\NeuralTextures\367_371.mp4,NeuralTextures,FAKE,REAL,0.7683,Top FAKE Evidence,lbp_hist_5_min,Texture (LBP & Gray),0.256683,0.983914,Pushes FAKE
Dataset\Video\NeuralTextures\367_371.mp4,NeuralTextures,FAKE,REAL,0.7683,Top FAKE Evidence,h_hist_4_max,Color (HSV),0.023743,0.463793,Pushes FAKE
Dataset\Video\NeuralTextures\367_371.mp4,NeuralTextures,FAKE,REAL,0.7683,Top FAKE Evidence,glcm_energy_max,Texture (GLCM),0.101545,0.442012,Pushes FAKE
Dataset\Video\NeuralTextures\367_371.mp4,NeuralTextures,FAKE,REAL,0.7683,Top FAKE Evidence,h_hist_0_min,Color (HSV),0.665466,0.399957,Pushes FAKE
Dataset\Video\NeuralTextures\367_371.mp4,NeuralTextures,FAKE,REAL,0.7683,Top FAKE Evidence,v_mean_min,Color (HSV),152.58429,0.373115,Pushes FAKE
Dataset\Video\NeuralTextures\367_371.mp4,NeuralTextures,FAKE,REAL,0.7683,Top FAKE Evidence,s_mean_mean,Color (HSV),149.753387,0.352902,Pushes FAKE
Dataset\Video\NeuralTextures\367_371.mp4,NeuralTextures,FAKE,REAL,0.7683,Top FAKE Evidence,v_hist_5_mean,Color (HSV),0.266016,0.333785,Pushes FAKE
Dataset\Video\NeuralTextures\367_371.mp4,NeuralTextures,FAKE,REAL,0.7683,Top FAKE Evidence,lbp_hist_8_min,Texture (LBP & Gray),0.124603,0.330305,Pushes FAKE
Dataset\Video\NeuralTextures\367_371.mp4,NeuralTextures,FAKE,REAL,0.7683,Top FAKE Evidence,lbp_hist_7_std,Texture (LBP & Gray),0.001393,0.320517,Pushes FAKE
Dataset\Video\NeuralTextures\367_371.mp4,NeuralTextures,FAKE,REAL,0.7683,Top FAKE Evidence,dct_mid_energy_std,Frequency (DCT),57.161523,0.287913,Pushes FAKE
Dataset\Video\NeuralTextures\367_371.mp4,NeuralTextures,FAKE,REAL,0.7683,Top REAL Evidence,lbp_hist_5_mean,Texture (LBP & Gray),0.266373,-0.785284,Pushes REAL
Dataset\Video\NeuralTextures\367_371.mp4,NeuralTextures,FAKE,REAL,0.7683,Top REAL Evidence,glcm_dissimilarity_std,Texture (GLCM),0.016097,-0.653538,Pushes REAL
Dataset\Video\NeuralTextures\367_371.mp4,NeuralTextures,FAKE,REAL,0.7683,Top REAL Evidence,s_hist_5_min,Color (HSV),0.183151,-0.592796,Pushes REAL
Dataset\Video\NeuralTextures\367_371.mp4,NeuralTextures,FAKE,REAL,0.7683,Top REAL Evidence,s_hist_5_mean,Color (HSV),0.190254,-0.533041,Pushes REAL
Dataset\Video\NeuralTextures\367_371.mp4,NeuralTextures,FAKE,REAL,0.7683,Top REAL Evidence,v_hist_0_min,Color (HSV),0.021973,-0.477442,Pushes REAL
Dataset\Video\NeuralTextures\367_371.mp4,NeuralTextures,FAKE,REAL,0.7683,Top REAL Evidence,h_mean_min,Color (HSV),45.923004,-0.458616,Pushes REAL
Dataset\Video\NeuralTextures\367_371.mp4,NeuralTextures,FAKE,REAL,0.7683,Top REAL Evidence,lbp_hist_6_min,Texture (LBP & Gray),0.05513,-0.401151,Pushes REAL
Dataset\Video\NeuralTextures\367_371.mp4,NeuralTextures,FAKE,REAL,0.7683,Top REAL Evidence,h_std_mean,Color (HSV),56.808814,-0.378976,Pushes REAL
Dataset\Video\NeuralTextures\367_371.mp4,NeuralTextures,FAKE,REAL,0.7683,Top REAL Evidence,lbp_hist_5_max,Texture (LBP & Gray),0.283432,-0.359365,Pushes REAL
Dataset\Video\NeuralTextures\367_371.mp4,NeuralTextures,FAKE,REAL,0.7683,Top REAL Evidence,s_hist_0_std,Color (HSV),0.001719,-0.357865,Pushes REAL
Dataset\Video\NeuralTextures\618_629.mp4,NeuralTextures,FAKE,REAL,0.9909,Top FAKE Evidence,lbp_hist_5_min,Texture (LBP & Gray),0.289505,1.625313,Pushes FAKE
Dataset\Video\NeuralTextures\618_629.mp4,NeuralTextures,FAKE,REAL,0.9909,Top FAKE Evidence,lbp_hist_3_std,Texture (LBP & Gray),0.005724,0.77372,Pushes FAKE
Dataset\Video\NeuralTextures\618_629.mp4,NeuralTextures,FAKE,REAL,0.9909,Top FAKE Evidence,lbp_hist_5_std,Texture (LBP & Gray),0.014889,0.714046,Pushes FAKE
Dataset\Video\NeuralTextures\618_629.mp4,NeuralTextures,FAKE,REAL,0.9909,Top FAKE Evidence,edge_std_mean,Edge (Canny),54.195025,0.706289,Pushes FAKE
Dataset\Video\NeuralTextures\618_629.mp4,NeuralTextures,FAKE,REAL,0.9909,Top FAKE Evidence,lbp_hist_4_std,Texture (LBP & Gray),0.016097,0.600236,Pushes FAKE
Dataset\Video\NeuralTextures\618_629.mp4,NeuralTextures,FAKE,REAL,0.9909,Top FAKE Evidence,lbp_hist_6_std,Texture (LBP & Gray),0.003117,0.59063,Pushes FAKE
Dataset\Video\NeuralTextures\618_629.mp4,NeuralTextures,FAKE,REAL,0.9909,Top FAKE Evidence,s_hist_5_std,Color (HSV),0.021136,0.503437,Pushes FAKE
Dataset\Video\NeuralTextures\618_629.mp4,NeuralTextures,FAKE,REAL,0.9909,Top FAKE Evidence,v_hist_3_min,Color (HSV),0.458344,0.483578,Pushes FAKE
Dataset\Video\NeuralTextures\618_629.mp4,NeuralTextures,FAKE,REAL,0.9909,Top FAKE Evidence,lbp_hist_1_max,Texture (LBP & Gray),0.03598,0.479248,Pushes FAKE
Dataset\Video\NeuralTextures\618_629.mp4,NeuralTextures,FAKE,REAL,0.9909,Top FAKE Evidence,s_hist_2_mean,Color (HSV),0.057762,0.42745,Pushes FAKE
Dataset\Video\NeuralTextures\618_629.mp4,NeuralTextures,FAKE,REAL,0.9909,Top REAL Evidence,s_hist_5_min,Color (HSV),0.384125,-1.488051,Pushes REAL
Dataset\Video\NeuralTextures\618_629.mp4,NeuralTextures,FAKE,REAL,0.9909,Top REAL Evidence,lbp_hist_5_mean,Texture (LBP & Gray),0.309109,-1.473437,Pushes REAL
Dataset\Video\NeuralTextures\618_629.mp4,NeuralTextures,FAKE,REAL,0.9909,Top REAL Evidence,s_hist_5_mean,Color (HSV),0.424077,-1.470425,Pushes REAL
Dataset\Video\NeuralTextures\618_629.mp4,NeuralTextures,FAKE,REAL,0.9909,Top REAL Evidence,lbp_hist_5_max,Texture (LBP & Gray),0.34462,-0.79486,Pushes REAL
Dataset\Video\NeuralTextures\618_629.mp4,NeuralTextures,FAKE,REAL,0.9909,Top REAL Evidence,s_hist_5_max,Color (HSV),0.446259,-0.764926,Pushes REAL
Dataset\Video\NeuralTextures\618_629.mp4,NeuralTextures,FAKE,REAL,0.9909,Top REAL Evidence,s_hist_6_min,Color (HSV),0.107437,-0.755472,Pushes REAL
Dataset\Video\NeuralTextures\618_629.mp4,NeuralTextures,FAKE,REAL,0.9909,Top REAL Evidence,h_hist_4_max,Color (HSV),0.611954,-0.593032,Pushes REAL
Dataset\Video\NeuralTextures\618_629.mp4,NeuralTextures,FAKE,REAL,0.9909,Top REAL Evidence,glcm_dissimilarity_std,Texture (GLCM),0.02767,-0.564756,Pushes REAL
Dataset\Video\NeuralTextures\618_629.mp4,NeuralTextures,FAKE,REAL,0.9909,Top REAL Evidence,v_hist_0_min,Color (HSV),0.014221,-0.510269,Pushes REAL
Dataset\Video\NeuralTextures\618_629.mp4,NeuralTextures,FAKE,REAL,0.9909,Top REAL Evidence,v_hist_3_max,Color (HSV),0.504288,-0.479464,Pushes REAL
Dataset\Video\NeuralTextures\643_646.mp4,NeuralTextures,FAKE,FAKE,0.6391,Top FAKE Evidence,s_std_std,Color (HSV),7.134081,0.994689,Pushes FAKE
Dataset\Video\NeuralTextures\643_646.mp4,NeuralTextures,FAKE,FAKE,0.6391,Top FAKE Evidence,v_hist_1_min,Color (HSV),0.372238,0.979867,Pushes FAKE
Dataset\Video\NeuralTextures\643_646.mp4,NeuralTextures,FAKE,FAKE,0.6391,Top FAKE Evidence,glcm_dissimilarity_std,Texture (GLCM),0.220525,0.914709,Pushes FAKE
Dataset\Video\NeuralTextures\643_646.mp4,NeuralTextures,FAKE,FAKE,0.6391,Top FAKE Evidence,h_hist_7_std,Color (HSV),0.027627,0.77837,Pushes FAKE
Dataset\Video\NeuralTextures\643_646.mp4,NeuralTextures,FAKE,FAKE,0.6391,Top FAKE Evidence,edge_std_mean,Edge (Canny),55.633024,0.651581,Pushes FAKE
Dataset\Video\NeuralTextures\643_646.mp4,NeuralTextures,FAKE,FAKE,0.6391,Top FAKE Evidence,h_mean_min,Color (HSV),108.320801,0.647029,Pushes FAKE
Dataset\Video\NeuralTextures\643_646.mp4,NeuralTextures,FAKE,FAKE,0.6391,Top FAKE Evidence,lbp_hist_6_std,Texture (LBP & Gray),0.003075,0.572379,Pushes FAKE
Dataset\Video\NeuralTextures\643_646.mp4,NeuralTextures,FAKE,FAKE,0.6391,Top FAKE Evidence,lbp_hist_5_min,Texture (LBP & Gray),0.235397,0.567944,Pushes FAKE
Dataset\Video\NeuralTextures\643_646.mp4,NeuralTextures,FAKE,FAKE,0.6391,Top FAKE Evidence,s_hist_3_min,Color (HSV),0.243729,0.510397,Pushes FAKE
Dataset\Video\NeuralTextures\643_646.mp4,NeuralTextures,FAKE,FAKE,0.6391,Top FAKE Evidence,v_hist_5_std,Color (HSV),0.02661,0.430462,Pushes FAKE
Dataset\Video\NeuralTextures\643_646.mp4,NeuralTextures,FAKE,FAKE,0.6391,Top REAL Evidence,s_hist_2_mean,Color (HSV),0.334021,-1.136298,Pushes REAL
Dataset\Video\NeuralTextures\643_646.mp4,NeuralTextures,FAKE,FAKE,0.6391,Top REAL Evidence,glcm_correlation_std,Texture (GLCM),0.016106,-1.063479,Pushes REAL
Dataset\Video\NeuralTextures\643_646.mp4,NeuralTextures,FAKE,FAKE,0.6391,Top REAL Evidence,dct_mid_energy_std,Frequency (DCT),831.338168,-0.766668,Pushes REAL
Dataset\Video\NeuralTextures\643_646.mp4,NeuralTextures,FAKE,FAKE,0.6391,Top REAL Evidence,s_hist_3_mean,Color (HSV),0.267778,-0.720945,Pushes REAL
Dataset\Video\NeuralTextures\643_646.mp4,NeuralTextures,FAKE,FAKE,0.6391,Top REAL Evidence,s_hist_7_std,Color (HSV),0.031372,-0.713428,Pushes REAL
Dataset\Video\NeuralTextures\643_646.mp4,NeuralTextures,FAKE,FAKE,0.6391,Top REAL Evidence,dct_high_low_ratio_std,Frequency (DCT),6.3e-05,-0.703049,Pushes REAL
Dataset\Video\NeuralTextures\643_646.mp4,NeuralTextures,FAKE,FAKE,0.6391,Top REAL Evidence,dct_high_energy_std,Frequency (DCT),40.639674,-0.680142,Pushes REAL
Dataset\Video\NeuralTextures\643_646.mp4,NeuralTextures,FAKE,FAKE,0.6391,Top REAL Evidence,h_std_mean,Color (HSV),61.426569,-0.577576,Pushes REAL
Dataset\Video\NeuralTextures\643_646.mp4,NeuralTextures,FAKE,FAKE,0.6391,Top REAL Evidence,h_hist_7_min,Color (HSV),0.216537,-0.559753,Pushes REAL
Dataset\Video\NeuralTextures\643_646.mp4,NeuralTextures,FAKE,FAKE,0.6391,Top REAL Evidence,lbp_hist_6_max,Texture (LBP & Gray),0.06572,-0.521774,Pushes REAL
Dataset\Video\NeuralTextures\718_972.mp4,NeuralTextures,FAKE,FAKE,0.9207,Top FAKE Evidence,h_hist_7_std,Color (HSV),0.034185,1.054387,Pushes FAKE
Dataset\Video\NeuralTextures\718_972.mp4,NeuralTextures,FAKE,FAKE,0.9207,Top FAKE Evidence,v_hist_5_mean,Color (HSV),0.395294,0.656731,Pushes FAKE
Dataset\Video\NeuralTextures\718_972.mp4,NeuralTextures,FAKE,FAKE,0.9207,Top FAKE Evidence,lbp_hist_4_max,Texture (LBP & Gray),0.33783,0.561437,Pushes FAKE
Dataset\Video\NeuralTextures\718_972.mp4,NeuralTextures,FAKE,FAKE,0.9207,Top FAKE Evidence,h_hist_0_min,Color (HSV),0.810089,0.552813,Pushes FAKE
Dataset\Video\NeuralTextures\718_972.mp4,NeuralTextures,FAKE,FAKE,0.9207,Top FAKE Evidence,edge_std_mean,Edge (Canny),58.373026,0.547338,Pushes FAKE
Dataset\Video\NeuralTextures\718_972.mp4,NeuralTextures,FAKE,FAKE,0.9207,Top FAKE Evidence,v_hist_5_max,Color (HSV),0.408569,0.53479,Pushes FAKE
Dataset\Video\NeuralTextures\718_972.mp4,NeuralTextures,FAKE,FAKE,0.9207,Top FAKE Evidence,h_hist_4_max,Color (HSV),0.002823,0.501379,Pushes FAKE
Dataset\Video\NeuralTextures\718_972.mp4,NeuralTextures,FAKE,FAKE,0.9207,Top FAKE Evidence,lbp_hist_8_min,Texture (LBP & Gray),0.08577,0.499083,Pushes FAKE
Dataset\Video\NeuralTextures\718_972.mp4,NeuralTextures,FAKE,FAKE,0.9207,Top FAKE Evidence,lbp_hist_3_max,Texture (LBP & Gray),0.114624,0.474312,Pushes FAKE
Dataset\Video\NeuralTextures\718_972.mp4,NeuralTextures,FAKE,FAKE,0.9207,Top FAKE Evidence,lbp_hist_3_mean,Texture (LBP & Gray),0.112888,0.472579,Pushes FAKE
Dataset\Video\NeuralTextures\718_972.mp4,NeuralTextures,FAKE,FAKE,0.9207,Top REAL Evidence,h_mean_min,Color (HSV),20.896225,-0.902073,Pushes REAL
Dataset\Video\NeuralTextures\718_972.mp4,NeuralTextures,FAKE,FAKE,0.9207,Top REAL Evidence,v_hist_4_mean,Color (HSV),0.310449,-0.68268,Pushes REAL
Dataset\Video\NeuralTextures\718_972.mp4,NeuralTextures,FAKE,FAKE,0.9207,Top REAL Evidence,s_std_mean,Color (HSV),32.165603,-0.642121,Pushes REAL
Dataset\Video\NeuralTextures\718_972.mp4,NeuralTextures,FAKE,FAKE,0.9207,Top REAL Evidence,h_mean_std,Color (HSV),5.403195,-0.601353,Pushes REAL
Dataset\Video\NeuralTextures\718_972.mp4,NeuralTextures,FAKE,FAKE,0.9207,Top REAL Evidence,s_std_max,Color (HSV),32.88971,-0.575122,Pushes REAL
Dataset\Video\NeuralTextures\718_972.mp4,NeuralTextures,FAKE,FAKE,0.9207,Top REAL Evidence,v_hist_0_min,Color (HSV),0.000153,-0.569849,Pushes REAL
Dataset\Video\NeuralTextures\718_972.mp4,NeuralTextures,FAKE,FAKE,0.9207,Top REAL Evidence,glcm_dissimilarity_std,Texture (GLCM),0.03721,-0.491575,Pushes REAL
Dataset\Video\NeuralTextures\718_972.mp4,NeuralTextures,FAKE,FAKE,0.9207,Top REAL Evidence,lbp_hist_6_max,Texture (LBP & Gray),0.064407,-0.460107,Pushes REAL
Dataset\Video\NeuralTextures\718_972.mp4,NeuralTextures,FAKE,FAKE,0.9207,Top REAL Evidence,lbp_hist_6_min,Texture (LBP & Gray),0.055969,-0.45309,Pushes REAL
Dataset\Video\NeuralTextures\718_972.mp4,NeuralTextures,FAKE,FAKE,0.9207,Top REAL Evidence,v_hist_0_mean,Color (HSV),0.000385,-0.383557,Pushes REAL
Dataset\Video\NeuralTextures\777_745.mp4,NeuralTextures,FAKE,REAL,0.8669,Top FAKE Evidence,s_hist_6_mean,Color (HSV),0.29388,1.023041,Pushes FAKE
Dataset\Video\NeuralTextures\777_745.mp4,NeuralTextures,FAKE,REAL,0.8669,Top FAKE Evidence,lbp_hist_5_min,Texture (LBP & Gray),0.246765,0.790093,Pushes FAKE
Dataset\Video\NeuralTextures\777_745.mp4,NeuralTextures,FAKE,REAL,0.8669,Top FAKE Evidence,edge_std_mean,Edge (Canny),54.792345,0.683564,Pushes FAKE
Dataset\Video\NeuralTextures\777_745.mp4,NeuralTextures,FAKE,REAL,0.8669,Top FAKE Evidence,glcm_dissimilarity_std,Texture (GLCM),0.164522,0.485089,Pushes FAKE
Dataset\Video\NeuralTextures\777_745.mp4,NeuralTextures,FAKE,REAL,0.8669,Top FAKE Evidence,h_mean_min,Color (HSV),96.969437,0.445891,Pushes FAKE
Dataset\Video\NeuralTextures\777_745.mp4,NeuralTextures,FAKE,REAL,0.8669,Top FAKE Evidence,h_std_mean,Color (HSV),38.095284,0.425852,Pushes FAKE
Dataset\Video\NeuralTextures\777_745.mp4,NeuralTextures,FAKE,REAL,0.8669,Top FAKE Evidence,v_hist_4_std,Color (HSV),0.03349,0.419705,Pushes FAKE
Dataset\Video\NeuralTextures\777_745.mp4,NeuralTextures,FAKE,REAL,0.8669,Top FAKE Evidence,lbp_hist_1_max,Texture (LBP & Gray),0.03833,0.40258,Pushes FAKE
Dataset\Video\NeuralTextures\777_745.mp4,NeuralTextures,FAKE,REAL,0.8669,Top FAKE Evidence,s_mean_mean,Color (HSV),152.384959,0.369182,Pushes FAKE
Dataset\Video\NeuralTextures\777_745.mp4,NeuralTextures,FAKE,REAL,0.8669,Top FAKE Evidence,dct_mid_energy_max,Frequency (DCT),1445.594849,0.348437,Pushes FAKE
Dataset\Video\NeuralTextures\777_745.mp4,NeuralTextures,FAKE,REAL,0.8669,Top REAL Evidence,s_hist_6_min,Color (HSV),0.200165,-1.770579,Pushes REAL
Dataset\Video\NeuralTextures\777_745.mp4,NeuralTextures,FAKE,REAL,0.8669,Top REAL Evidence,glcm_correlation_std,Texture (GLCM),0.022636,-1.635199,Pushes REAL
Dataset\Video\NeuralTextures\777_745.mp4,NeuralTextures,FAKE,REAL,0.8669,Top REAL Evidence,s_hist_4_std,Color (HSV),0.020461,-0.799823,Pushes REAL
Dataset\Video\NeuralTextures\777_745.mp4,NeuralTextures,FAKE,REAL,0.8669,Top REAL Evidence,lbp_hist_5_mean,Texture (LBP & Gray),0.257582,-0.643737,Pushes REAL
Dataset\Video\NeuralTextures\777_745.mp4,NeuralTextures,FAKE,REAL,0.8669,Top REAL Evidence,s_hist_6_max,Color (HSV),0.329254,-0.479167,Pushes REAL
Dataset\Video\NeuralTextures\777_745.mp4,NeuralTextures,FAKE,REAL,0.8669,Top REAL Evidence,lbp_hist_2_max,Texture (LBP & Gray),0.016464,-0.46098,Pushes REAL
Dataset\Video\NeuralTextures\777_745.mp4,NeuralTextures,FAKE,REAL,0.8669,Top REAL Evidence,v_hist_0_min,Color (HSV),0.04454,-0.381869,Pushes REAL
Dataset\Video\NeuralTextures\777_745.mp4,NeuralTextures,FAKE,REAL,0.8669,Top REAL Evidence,h_hist_4_max,Color (HSV),0.4702,-0.338346,Pushes REAL
Dataset\Video\NeuralTextures\777_745.mp4,NeuralTextures,FAKE,REAL,0.8669,Top REAL Evidence,lbp_hist_7_mean,Texture (LBP & Gray),0.054749,-0.330898,Pushes REAL
Dataset\Video\NeuralTextures\777_745.mp4,NeuralTextures,FAKE,REAL,0.8669,Top REAL Evidence,s_hist_5_mean,Color (HSV),0.139668,-0.330244,Pushes REAL
Dataset\Video\NeuralTextures\791_770.mp4,NeuralTextures,FAKE,FAKE,0.7719,Top FAKE Evidence,glcm_dissimilarity_std,Texture (GLCM),0.202717,0.778095,Pushes FAKE
Dataset\Video\NeuralTextures\791_770.mp4,NeuralTextures,FAKE,FAKE,0.7719,Top FAKE Evidence,lbp_hist_5_min,Texture (LBP & Gray),0.245773,0.770711,Pushes FAKE
Dataset\Video\NeuralTextures\791_770.mp4,NeuralTextures,FAKE,FAKE,0.7719,Top FAKE Evidence,glcm_correlation_max,Texture (GLCM),0.887982,0.603808,Pushes FAKE
Dataset\Video\NeuralTextures\791_770.mp4,NeuralTextures,FAKE,FAKE,0.7719,Top FAKE Evidence,glcm_energy_max,Texture (GLCM),0.092905,0.504391,Pushes FAKE
Dataset\Video\NeuralTextures\791_770.mp4,NeuralTextures,FAKE,FAKE,0.7719,Top FAKE Evidence,lbp_hist_5_std,Texture (LBP & Gray),0.012717,0.500187,Pushes FAKE
Dataset\Video\NeuralTextures\791_770.mp4,NeuralTextures,FAKE,FAKE,0.7719,Top FAKE Evidence,glcm_correlation_mean,Texture (GLCM),0.863581,0.412965,Pushes FAKE
Dataset\Video\NeuralTextures\791_770.mp4,NeuralTextures,FAKE,FAKE,0.7719,Top FAKE Evidence,lbp_hist_3_max,Texture (LBP & Gray),0.112289,0.408794,Pushes FAKE
Dataset\Video\NeuralTextures\791_770.mp4,NeuralTextures,FAKE,FAKE,0.7719,Top FAKE Evidence,lbp_hist_3_std,Texture (LBP & Gray),0.004272,0.402229,Pushes FAKE
Dataset\Video\NeuralTextures\791_770.mp4,NeuralTextures,FAKE,FAKE,0.7719,Top FAKE Evidence,h_hist_4_max,Color (HSV),0.077621,0.36699,Pushes FAKE
Dataset\Video\NeuralTextures\791_770.mp4,NeuralTextures,FAKE,FAKE,0.7719,Top FAKE Evidence,lbp_hist_8_min,Texture (LBP & Gray),0.119797,0.351195,Pushes FAKE
Dataset\Video\NeuralTextures\791_770.mp4,NeuralTextures,FAKE,FAKE,0.7719,Top REAL Evidence,lbp_hist_5_mean,Texture (LBP & Gray),0.26292,-0.729682,Pushes REAL
Dataset\Video\NeuralTextures\791_770.mp4,NeuralTextures,FAKE,FAKE,0.7719,Top REAL Evidence,glcm_correlation_std,Texture (GLCM),0.010273,-0.552718,Pushes REAL
Dataset\Video\NeuralTextures\791_770.mp4,NeuralTextures,FAKE,FAKE,0.7719,Top REAL Evidence,v_hist_0_min,Color (HSV),0.007019,-0.54077,Pushes REAL
Dataset\Video\NeuralTextures\791_770.mp4,NeuralTextures,FAKE,FAKE,0.7719,Top REAL Evidence,h_hist_2_min,Color (HSV),0.195419,-0.469067,Pushes REAL
Dataset\Video\NeuralTextures\791_770.mp4,NeuralTextures,FAKE,FAKE,0.7719,Top REAL Evidence,s_std_mean,Color (HSV),42.509792,-0.429357,Pushes REAL
Dataset\Video\NeuralTextures\791_770.mp4,NeuralTextures,FAKE,FAKE,0.7719,Top REAL Evidence,s_std_max,Color (HSV),44.033559,-0.380327,Pushes REAL
Dataset\Video\NeuralTextures\791_770.mp4,NeuralTextures,FAKE,FAKE,0.7719,Top REAL Evidence,lbp_hist_5_max,Texture (LBP & Gray),0.285797,-0.376198,Pushes REAL
Dataset\Video\NeuralTextures\791_770.mp4,NeuralTextures,FAKE,FAKE,0.7719,Top REAL Evidence,h_hist_3_max,Color (HSV),0.193817,-0.370764,Pushes REAL
Dataset\Video\NeuralTextures\791_770.mp4,NeuralTextures,FAKE,FAKE,0.7719,Top REAL Evidence,dct_mid_energy_max,Frequency (DCT),7491.265137,-0.366953,Pushes REAL
Dataset\Video\NeuralTextures\791_770.mp4,NeuralTextures,FAKE,FAKE,0.7719,Top REAL Evidence,v_hist_0_mean,Color (HSV),0.007674,-0.365275,Pushes REAL
Dataset\Video\NeuralTextures\890_837.mp4,NeuralTextures,FAKE,REAL,0.762,Top FAKE Evidence,lbp_hist_1_std,Texture (LBP & Gray),0.005245,1.133947,Pushes FAKE
Dataset\Video\NeuralTextures\890_837.mp4,NeuralTextures,FAKE,REAL,0.762,Top FAKE Evidence,lbp_hist_6_std,Texture (LBP & Gray),0.003808,0.889753,Pushes FAKE
Dataset\Video\NeuralTextures\890_837.mp4,NeuralTextures,FAKE,REAL,0.762,Top FAKE Evidence,h_mean_min,Color (HSV),109.848999,0.674108,Pushes FAKE
Dataset\Video\NeuralTextures\890_837.mp4,NeuralTextures,FAKE,REAL,0.762,Top FAKE Evidence,h_hist_7_std,Color (HSV),0.021952,0.53951,Pushes FAKE
Dataset\Video\NeuralTextures\890_837.mp4,NeuralTextures,FAKE,REAL,0.762,Top FAKE Evidence,s_hist_3_mean,Color (HSV),0.020682,0.49057,Pushes FAKE
Dataset\Video\NeuralTextures\890_837.mp4,NeuralTextures,FAKE,REAL,0.762,Top FAKE Evidence,lbp_hist_5_min,Texture (LBP & Gray),0.23114,0.48475,Pushes FAKE
Dataset\Video\NeuralTextures\890_837.mp4,NeuralTextures,FAKE,REAL,0.762,Top FAKE Evidence,lbp_hist_5_std,Texture (LBP & Gray),0.012382,0.467132,Pushes FAKE
Dataset\Video\NeuralTextures\890_837.mp4,NeuralTextures,FAKE,REAL,0.762,Top FAKE Evidence,edge_std_mean,Edge (Canny),61.480016,0.429134,Pushes FAKE
Dataset\Video\NeuralTextures\890_837.mp4,NeuralTextures,FAKE,REAL,0.762,Top FAKE Evidence,s_hist_6_min,Color (HSV),0.0,0.420662,Pushes FAKE
Dataset\Video\NeuralTextures\890_837.mp4,NeuralTextures,FAKE,REAL,0.762,Top FAKE Evidence,h_std_mean,Color (HSV),38.672357,0.401034,Pushes FAKE
Dataset\Video\NeuralTextures\890_837.mp4,NeuralTextures,FAKE,REAL,0.762,Top REAL Evidence,v_hist_4_mean,Color (HSV),0.55359,-1.636639,Pushes REAL
Dataset\Video\NeuralTextures\890_837.mp4,NeuralTextures,FAKE,REAL,0.762,Top REAL Evidence,lbp_hist_6_max,Texture (LBP & Gray),0.072296,-0.830826,Pushes REAL
Dataset\Video\NeuralTextures\890_837.mp4,NeuralTextures,FAKE,REAL,0.762,Top REAL Evidence,s_std_mean,Color (HSV),25.785422,-0.773352,Pushes REAL
Dataset\Video\NeuralTextures\890_837.mp4,NeuralTextures,FAKE,REAL,0.762,Top REAL Evidence,s_std_max,Color (HSV),26.48,-0.687163,Pushes REAL
Dataset\Video\NeuralTextures\890_837.mp4,NeuralTextures,FAKE,REAL,0.762,Top REAL Evidence,s_hist_2_mean,Color (HSV),0.245316,-0.634185,Pushes REAL
Dataset\Video\NeuralTextures\890_837.mp4,NeuralTextures,FAKE,REAL,0.762,Top REAL Evidence,lbp_hist_6_min,Texture (LBP & Gray),0.057877,-0.571131,Pushes REAL
Dataset\Video\NeuralTextures\890_837.mp4,NeuralTextures,FAKE,REAL,0.762,Top REAL Evidence,v_hist_0_min,Color (HSV),0.000305,-0.569203,Pushes REAL
Dataset\Video\NeuralTextures\890_837.mp4,NeuralTextures,FAKE,REAL,0.762,Top REAL Evidence,lbp_hist_7_std,Texture (LBP & Gray),0.003569,-0.557783,Pushes REAL
Dataset\Video\NeuralTextures\890_837.mp4,NeuralTextures,FAKE,REAL,0.762,Top REAL Evidence,glcm_dissimilarity_std,Texture (GLCM),0.030486,-0.543157,Pushes REAL
Dataset\Video\NeuralTextures\890_837.mp4,NeuralTextures,FAKE,REAL,0.762,Top REAL Evidence,h_hist_7_min,Color (HSV),0.209763,-0.534827,Pushes REAL
Dataset\Video\DeepFakeDetection\02_13__meeting_serious__CP5HFV3K.mp4,DeepFakeDetection,FAKE,FAKE,0.8894,Top FAKE Evidence,v_hist_1_min,Color (HSV),0.26059,0.553231,Pushes FAKE
Dataset\Video\DeepFakeDetection\02_13__meeting_serious__CP5HFV3K.mp4,DeepFakeDetection,FAKE,FAKE,0.8894,Top FAKE Evidence,lbp_hist_9_min,Texture (LBP & Gray),0.077988,0.524804,Pushes FAKE
Dataset\Video\DeepFakeDetection\02_13__meeting_serious__CP5HFV3K.mp4,DeepFakeDetection,FAKE,FAKE,0.8894,Top FAKE Evidence,lbp_hist_9_mean,Texture (LBP & Gray),0.085133,0.434019,Pushes FAKE
Dataset\Video\DeepFakeDetection\02_13__meeting_serious__CP5HFV3K.mp4,DeepFakeDetection,FAKE,FAKE,0.8894,Top FAKE Evidence,lbp_hist_7_mean,Texture (LBP & Gray),0.079533,0.424557,Pushes FAKE
Dataset\Video\DeepFakeDetection\02_13__meeting_serious__CP5HFV3K.mp4,DeepFakeDetection,FAKE,FAKE,0.8894,Top FAKE Evidence,h_std_mean,Color (HSV),38.152829,0.423377,Pushes FAKE
Dataset\Video\DeepFakeDetection\02_13__meeting_serious__CP5HFV3K.mp4,DeepFakeDetection,FAKE,FAKE,0.8894,Top FAKE Evidence,s_hist_6_min,Color (HSV),0.0,0.420662,Pushes FAKE
Dataset\Video\DeepFakeDetection\02_13__meeting_serious__CP5HFV3K.mp4,DeepFakeDetection,FAKE,FAKE,0.8894,Top FAKE Evidence,h_mean_min,Color (HSV),94.682281,0.405364,Pushes FAKE
Dataset\Video\DeepFakeDetection\02_13__meeting_serious__CP5HFV3K.mp4,DeepFakeDetection,FAKE,FAKE,0.8894,Top FAKE Evidence,edge_std_mean,Edge (Canny),63.057406,0.369123,Pushes FAKE
Dataset\Video\DeepFakeDetection\02_13__meeting_serious__CP5HFV3K.mp4,DeepFakeDetection,FAKE,FAKE,0.8894,Top FAKE Evidence,v_hist_6_mean,Color (HSV),0.238141,0.362032,Pushes FAKE
Dataset\Video\DeepFakeDetection\02_13__meeting_serious__CP5HFV3K.mp4,DeepFakeDetection,FAKE,FAKE,0.8894,Top FAKE Evidence,s_hist_7_std,Color (HSV),0.0,0.358372,Pushes FAKE
Dataset\Video\DeepFakeDetection\02_13__meeting_serious__CP5HFV3K.mp4,DeepFakeDetection,FAKE,FAKE,0.8894,Top REAL Evidence,glcm_dissimilarity_std,Texture (GLCM),0.017439,-0.643244,Pushes REAL
Dataset\Video\DeepFakeDetection\02_13__meeting_serious__CP5HFV3K.mp4,DeepFakeDetection,FAKE,FAKE,0.8894,Top REAL Evidence,v_hist_6_min,Color (HSV),0.23024,-0.603592,Pushes REAL
Dataset\Video\DeepFakeDetection\02_13__meeting_serious__CP5HFV3K.mp4,DeepFakeDetection,FAKE,FAKE,0.8894,Top REAL Evidence,glcm_correlation_max,Texture (GLCM),0.97844,-0.462334,Pushes REAL
Dataset\Video\DeepFakeDetection\02_13__meeting_serious__CP5HFV3K.mp4,DeepFakeDetection,FAKE,FAKE,0.8894,Top REAL Evidence,s_std_mean,Color (HSV),42.608583,-0.427325,Pushes REAL
Dataset\Video\DeepFakeDetection\02_13__meeting_serious__CP5HFV3K.mp4,DeepFakeDetection,FAKE,FAKE,0.8894,Top REAL Evidence,s_std_max,Color (HSV),43.284574,-0.39342,Pushes REAL
Dataset\Video\DeepFakeDetection\02_13__meeting_serious__CP5HFV3K.mp4,DeepFakeDetection,FAKE,FAKE,0.8894,Top REAL Evidence,h_hist_4_max,Color (HSV),0.48262,-0.360661,Pushes REAL
Dataset\Video\DeepFakeDetection\02_13__meeting_serious__CP5HFV3K.mp4,DeepFakeDetection,FAKE,FAKE,0.8894,Top REAL Evidence,h_hist_7_std,Color (HSV),0.00071,-0.354543,Pushes REAL
Dataset\Video\DeepFakeDetection\02_13__meeting_serious__CP5HFV3K.mp4,DeepFakeDetection,FAKE,FAKE,0.8894,Top REAL Evidence,lbp_hist_3_std,Texture (LBP & Gray),0.001385,-0.335903,Pushes REAL
Dataset\Video\DeepFakeDetection\02_13__meeting_serious__CP5HFV3K.mp4,DeepFakeDetection,FAKE,FAKE,0.8894,Top REAL Evidence,v_hist_6_max,Color (HSV),0.241776,-0.312302,Pushes REAL
Dataset\Video\DeepFakeDetection\02_13__meeting_serious__CP5HFV3K.mp4,DeepFakeDetection,FAKE,FAKE,0.8894,Top REAL Evidence,s_std_std,Color (HSV),0.305959,-0.310987,Pushes REAL
Dataset\Video\DeepFakeDetection\02_13__outside_talking_pan_laughing__2YSYT2N3.mp4,DeepFakeDetection,FAKE,FAKE,1.0,Top FAKE Evidence,glcm_dissimilarity_std,Texture (GLCM),1.020143,7.048894,Pushes FAKE
Dataset\Video\DeepFakeDetection\02_13__outside_talking_pan_laughing__2YSYT2N3.mp4,DeepFakeDetection,FAKE,FAKE,1.0,Top FAKE Evidence,lbp_hist_3_std,Texture (LBP & Gray),0.019593,4.320165,Pushes FAKE
Dataset\Video\DeepFakeDetection\02_13__outside_talking_pan_laughing__2YSYT2N3.mp4,DeepFakeDetection,FAKE,FAKE,1.0,Top FAKE Evidence,lbp_hist_4_std,Texture (LBP & Gray),0.053025,3.075632,Pushes FAKE
Dataset\Video\DeepFakeDetection\02_13__outside_talking_pan_laughing__2YSYT2N3.mp4,DeepFakeDetection,FAKE,FAKE,1.0,Top FAKE Evidence,lbp_hist_1_std,Texture (LBP & Gray),0.009994,2.976159,Pushes FAKE
Dataset\Video\DeepFakeDetection\02_13__outside_talking_pan_laughing__2YSYT2N3.mp4,DeepFakeDetection,FAKE,FAKE,1.0,Top FAKE Evidence,lbp_hist_5_std,Texture (LBP & Gray),0.036787,2.870165,Pushes FAKE
Dataset\Video\DeepFakeDetection\02_13__outside_talking_pan_laughing__2YSYT2N3.mp4,DeepFakeDetection,FAKE,FAKE,1.0,Top FAKE Evidence,edge_density_std,Edge (Canny),0.044589,2.477943,Pushes FAKE
Dataset\Video\DeepFakeDetection\02_13__outside_talking_pan_laughing__2YSYT2N3.mp4,DeepFakeDetection,FAKE,FAKE,1.0,Top FAKE Evidence,edge_mean_std,Edge (Canny),11.370235,2.477943,Pushes FAKE
Dataset\Video\DeepFakeDetection\02_13__outside_talking_pan_laughing__2YSYT2N3.mp4,DeepFakeDetection,FAKE,FAKE,1.0,Top FAKE Evidence,lbp_hist_6_std,Texture (LBP & Gray),0.007375,2.433472,Pushes FAKE
Dataset\Video\DeepFakeDetection\02_13__outside_talking_pan_laughing__2YSYT2N3.mp4,DeepFakeDetection,FAKE,FAKE,1.0,Top FAKE Evidence,lbp_hist_6_min,Texture (LBP & Gray),0.010727,2.346849,Pushes FAKE
Dataset\Video\DeepFakeDetection\02_13__outside_talking_pan_laughing__2YSYT2N3.mp4,DeepFakeDetection,FAKE,FAKE,1.0,Top FAKE Evidence,glcm_dissimilarity_max,Texture (GLCM),6.166094,1.167612,Pushes FAKE
Dataset\Video\DeepFakeDetection\02_13__outside_talking_pan_laughing__2YSYT2N3.mp4,DeepFakeDetection,FAKE,FAKE,1.0,Top REAL Evidence,lbp_hist_7_std,Texture (LBP & Gray),0.01196,-3.945846,Pushes REAL
Dataset\Video\DeepFakeDetection\02_13__outside_talking_pan_laughing__2YSYT2N3.mp4,DeepFakeDetection,FAKE,FAKE,1.0,Top REAL Evidence,dct_mid_energy_std,Frequency (DCT),2377.683739,-2.873096,Pushes REAL
Dataset\Video\DeepFakeDetection\02_13__outside_talking_pan_laughing__2YSYT2N3.mp4,DeepFakeDetection,FAKE,FAKE,1.0,Top REAL Evidence,dct_high_energy_std,Frequency (DCT),96.519518,-2.010714,Pushes REAL
Dataset\Video\DeepFakeDetection\02_13__outside_talking_pan_laughing__2YSYT2N3.mp4,DeepFakeDetection,FAKE,FAKE,1.0,Top REAL Evidence,glcm_correlation_std,Texture (GLCM),0.025849,-1.916465,Pushes REAL
Dataset\Video\DeepFakeDetection\02_13__outside_talking_pan_laughing__2YSYT2N3.mp4,DeepFakeDetection,FAKE,FAKE,1.0,Top REAL Evidence,lbp_hist_0_std,Texture (LBP & Gray),0.003678,-1.813342,Pushes REAL
Dataset\Video\DeepFakeDetection\02_13__outside_talking_pan_laughing__2YSYT2N3.mp4,DeepFakeDetection,FAKE,FAKE,1.0,Top REAL Evidence,lbp_hist_1_max,Texture (LBP & Gray),0.100876,-1.638075,Pushes REAL
Dataset\Video\DeepFakeDetection\02_13__outside_talking_pan_laughing__2YSYT2N3.mp4,DeepFakeDetection,FAKE,FAKE,1.0,Top REAL Evidence,edge_std_mean,Edge (Canny),106.742517,-1.292863,Pushes REAL
Dataset\Video\DeepFakeDetection\02_13__outside_talking_pan_laughing__2YSYT2N3.mp4,DeepFakeDetection,FAKE,FAKE,1.0,Top REAL Evidence,lbp_hist_5_min,Texture (LBP & Gray),0.140305,-1.290354,Pushes REAL
Dataset\Video\DeepFakeDetection\02_13__outside_talking_pan_laughing__2YSYT2N3.mp4,DeepFakeDetection,FAKE,FAKE,1.0,Top REAL Evidence,edge_std_std,Edge (Canny),8.33851,-0.82356,Pushes REAL
Dataset\Video\DeepFakeDetection\02_13__outside_talking_pan_laughing__2YSYT2N3.mp4,DeepFakeDetection,FAKE,FAKE,1.0,Top REAL Evidence,s_std_mean,Color (HSV),24.958177,-0.790367,Pushes REAL
Dataset\Video\DeepFakeDetection\03_11__exit_phone_room__P08VGHTA.mp4,DeepFakeDetection,FAKE,FAKE,0.9678,Top FAKE Evidence,lbp_hist_6_min,Texture (LBP & Gray),0.034348,0.885026,Pushes FAKE
Dataset\Video\DeepFakeDetection\03_11__exit_phone_room__P08VGHTA.mp4,DeepFakeDetection,FAKE,FAKE,0.9678,Top FAKE Evidence,lbp_hist_6_max,Texture (LBP & Gray),0.039825,0.695073,Pushes FAKE
Dataset\Video\DeepFakeDetection\03_11__exit_phone_room__P08VGHTA.mp4,DeepFakeDetection,FAKE,FAKE,0.9678,Top FAKE Evidence,s_hist_2_mean,Color (HSV),0.033502,0.564773,Pushes FAKE
Dataset\Video\DeepFakeDetection\03_11__exit_phone_room__P08VGHTA.mp4,DeepFakeDetection,FAKE,FAKE,0.9678,Top FAKE Evidence,v_hist_5_mean,Color (HSV),0.337286,0.511824,Pushes FAKE
Dataset\Video\DeepFakeDetection\03_11__exit_phone_room__P08VGHTA.mp4,DeepFakeDetection,FAKE,FAKE,0.9678,Top FAKE Evidence,edge_std_mean,Edge (Canny),60.039648,0.483932,Pushes FAKE
Dataset\Video\DeepFakeDetection\03_11__exit_phone_room__P08VGHTA.mp4,DeepFakeDetection,FAKE,FAKE,0.9678,Top FAKE Evidence,s_hist_3_mean,Color (HSV),0.026898,0.460091,Pushes FAKE
Dataset\Video\DeepFakeDetection\03_11__exit_phone_room__P08VGHTA.mp4,DeepFakeDetection,FAKE,FAKE,0.9678,Top FAKE Evidence,s_std_std,Color (HSV),4.090227,0.412642,Pushes FAKE
Dataset\Video\DeepFakeDetection\03_11__exit_phone_room__P08VGHTA.mp4,DeepFakeDetection,FAKE,FAKE,0.9678,Top FAKE Evidence,v_hist_5_max,Color (HSV),0.34642,0.408083,Pushes FAKE
Dataset\Video\DeepFakeDetection\03_11__exit_phone_room__P08VGHTA.mp4,DeepFakeDetection,FAKE,FAKE,0.9678,Top FAKE Evidence,v_hist_2_mean,Color (HSV),0.034457,0.392279,Pushes FAKE
Dataset\Video\DeepFakeDetection\03_11__exit_phone_room__P08VGHTA.mp4,DeepFakeDetection,FAKE,FAKE,0.9678,Top FAKE Evidence,s_hist_0_min,Color (HSV),0.749146,0.371431,Pushes FAKE
Dataset\Video\DeepFakeDetection\03_11__exit_phone_room__P08VGHTA.mp4,DeepFakeDetection,FAKE,FAKE,0.9678,Top REAL Evidence,lbp_hist_2_max,Texture (LBP & Gray),0.013062,-0.687104,Pushes REAL
Dataset\Video\DeepFakeDetection\03_11__exit_phone_room__P08VGHTA.mp4,DeepFakeDetection,FAKE,FAKE,0.9678,Top REAL Evidence,lbp_hist_0_std,Texture (LBP & Gray),0.001958,-0.577897,Pushes REAL
Dataset\Video\DeepFakeDetection\03_11__exit_phone_room__P08VGHTA.mp4,DeepFakeDetection,FAKE,FAKE,0.9678,Top REAL Evidence,lbp_hist_3_mean,Texture (LBP & Gray),0.074991,-0.47552,Pushes REAL
Dataset\Video\DeepFakeDetection\03_11__exit_phone_room__P08VGHTA.mp4,DeepFakeDetection,FAKE,FAKE,0.9678,Top REAL Evidence,glcm_correlation_max,Texture (GLCM),0.978666,-0.464993,Pushes REAL
Dataset\Video\DeepFakeDetection\03_11__exit_phone_room__P08VGHTA.mp4,DeepFakeDetection,FAKE,FAKE,0.9678,Top REAL Evidence,lbp_hist_3_max,Texture (LBP & Gray),0.082001,-0.441219,Pushes REAL
Dataset\Video\DeepFakeDetection\03_11__exit_phone_room__P08VGHTA.mp4,DeepFakeDetection,FAKE,FAKE,0.9678,Top REAL Evidence,v_hist_2_min,Color (HSV),0.030945,-0.432845,Pushes REAL
Dataset\Video\DeepFakeDetection\03_11__exit_phone_room__P08VGHTA.mp4,DeepFakeDetection,FAKE,FAKE,0.9678,Top REAL Evidence,lbp_hist_8_min,Texture (LBP & Gray),0.290588,-0.391096,Pushes REAL
Dataset\Video\DeepFakeDetection\03_11__exit_phone_room__P08VGHTA.mp4,DeepFakeDetection,FAKE,FAKE,0.9678,Top REAL Evidence,v_hist_1_min,Color (HSV),0.01918,-0.369254,Pushes REAL
Dataset\Video\DeepFakeDetection\03_11__exit_phone_room__P08VGHTA.mp4,DeepFakeDetection,FAKE,FAKE,0.9678,Top REAL Evidence,h_hist_7_std,Color (HSV),0.000488,-0.363877,Pushes REAL
Dataset\Video\DeepFakeDetection\03_11__exit_phone_room__P08VGHTA.mp4,DeepFakeDetection,FAKE,FAKE,0.9678,Top REAL Evidence,s_hist_3_min,Color (HSV),0.022919,-0.329121,Pushes REAL
Dataset\Video\DeepFakeDetection\03_15__kitchen_pan__AIOM1U5V.mp4,DeepFakeDetection,FAKE,FAKE,0.9563,Top FAKE Evidence,s_std_std,Color (HSV),12.835745,2.084964,Pushes FAKE
Dataset\Video\DeepFakeDetection\03_15__kitchen_pan__AIOM1U5V.mp4,DeepFakeDetection,FAKE,FAKE,0.9563,Top FAKE Evidence,glcm_dissimilarity_std,Texture (GLCM),0.324475,1.712154,Pushes FAKE
Dataset\Video\DeepFakeDetection\03_15__kitchen_pan__AIOM1U5V.mp4,DeepFakeDetection,FAKE,FAKE,0.9563,Top FAKE Evidence,v_hist_6_std,Color (HSV),0.04063,1.687148,Pushes FAKE
Dataset\Video\DeepFakeDetection\03_15__kitchen_pan__AIOM1U5V.mp4,DeepFakeDetection,FAKE,FAKE,0.9563,Top FAKE Evidence,lbp_hist_1_std,Texture (LBP & Gray),0.006662,1.683823,Pushes FAKE
Dataset\Video\DeepFakeDetection\03_15__kitchen_pan__AIOM1U5V.mp4,DeepFakeDetection,FAKE,FAKE,0.9563,Top FAKE Evidence,s_mean_std,Color (HSV),18.8707,1.068421,Pushes FAKE
Dataset\Video\DeepFakeDetection\03_15__kitchen_pan__AIOM1U5V.mp4,DeepFakeDetection,FAKE,FAKE,0.9563,Top FAKE Evidence,edge_density_std,Edge (Canny),0.021217,1.02432,Pushes FAKE
Dataset\Video\DeepFakeDetection\03_15__kitchen_pan__AIOM1U5V.mp4,DeepFakeDetection,FAKE,FAKE,0.9563,Top FAKE Evidence,edge_mean_std,Edge (Canny),5.4103,1.02432,Pushes FAKE
Dataset\Video\DeepFakeDetection\03_15__kitchen_pan__AIOM1U5V.mp4,DeepFakeDetection,FAKE,FAKE,0.9563,Top FAKE Evidence,lbp_hist_6_min,Texture (LBP & Gray),0.03418,0.895414,Pushes FAKE
Dataset\Video\DeepFakeDetection\03_15__kitchen_pan__AIOM1U5V.mp4,DeepFakeDetection,FAKE,FAKE,0.9563,Top FAKE Evidence,gray_mean_std,Texture (LBP & Gray),17.01369,0.834238,Pushes FAKE
Dataset\Video\DeepFakeDetection\03_15__kitchen_pan__AIOM1U5V.mp4,DeepFakeDetection,FAKE,FAKE,0.9563,Top FAKE Evidence,lbp_hist_4_std,Texture (LBP & Gray),0.019248,0.811412,Pushes FAKE
Dataset\Video\DeepFakeDetection\03_15__kitchen_pan__AIOM1U5V.mp4,DeepFakeDetection,FAKE,FAKE,0.9563,Top REAL Evidence,s_hist_7_std,Color (HSV),0.092174,-2.790728,Pushes REAL
Dataset\Video\DeepFakeDetection\03_15__kitchen_pan__AIOM1U5V.mp4,DeepFakeDetection,FAKE,FAKE,0.9563,Top REAL Evidence,glcm_energy_std,Texture (GLCM),0.080296,-1.729059,Pushes REAL
Dataset\Video\DeepFakeDetection\03_15__kitchen_pan__AIOM1U5V.mp4,DeepFakeDetection,FAKE,FAKE,0.9563,Top REAL Evidence,glcm_energy_max,Texture (GLCM),0.370379,-1.499122,Pushes REAL
Dataset\Video\DeepFakeDetection\03_15__kitchen_pan__AIOM1U5V.mp4,DeepFakeDetection,FAKE,FAKE,0.9563,Top REAL Evidence,lbp_hist_7_std,Texture (LBP & Gray),0.005581,-1.370158,Pushes REAL
Dataset\Video\DeepFakeDetection\03_15__kitchen_pan__AIOM1U5V.mp4,DeepFakeDetection,FAKE,FAKE,0.9563,Top REAL Evidence,lbp_hist_5_min,Texture (LBP & Gray),0.155701,-0.989484,Pushes REAL
Dataset\Video\DeepFakeDetection\03_15__kitchen_pan__AIOM1U5V.mp4,DeepFakeDetection,FAKE,FAKE,0.9563,Top REAL Evidence,h_mean_std,Color (HSV),5.923553,-0.694524,Pushes REAL
Dataset\Video\DeepFakeDetection\03_15__kitchen_pan__AIOM1U5V.mp4,DeepFakeDetection,FAKE,FAKE,0.9563,Top REAL Evidence,edge_std_std,Edge (Canny),7.286717,-0.689619,Pushes REAL
Dataset\Video\DeepFakeDetection\03_15__kitchen_pan__AIOM1U5V.mp4,DeepFakeDetection,FAKE,FAKE,0.9563,Top REAL Evidence,v_mean_std,Color (HSV),18.104728,-0.640055,Pushes REAL
Dataset\Video\DeepFakeDetection\03_15__kitchen_pan__AIOM1U5V.mp4,DeepFakeDetection,FAKE,FAKE,0.9563,Top REAL Evidence,s_hist_7_max,Color (HSV),0.357666,-0.578467,Pushes REAL
Dataset\Video\DeepFakeDetection\03_15__kitchen_pan__AIOM1U5V.mp4,DeepFakeDetection,FAKE,FAKE,0.9563,Top REAL Evidence,glcm_correlation_max,Texture (GLCM),0.983478,-0.521719,Pushes REAL
Dataset\Video\DeepFakeDetection\03_15__outside_talking_pan_laughing__Y11NT1YX.mp4,DeepFakeDetection,FAKE,FAKE,1.0,Top FAKE Evidence,glcm_dissimilarity_std,Texture (GLCM),0.938723,6.424288,Pushes FAKE
Dataset\Video\DeepFakeDetection\03_15__outside_talking_pan_laughing__Y11NT1YX.mp4,DeepFakeDetection,FAKE,FAKE,1.0,Top FAKE Evidence,lbp_hist_3_std,Texture (LBP & Gray),0.021572,4.826449,Pushes FAKE
Dataset\Video\DeepFakeDetection\03_15__outside_talking_pan_laughing__Y11NT1YX.mp4,DeepFakeDetection,FAKE,FAKE,1.0,Top FAKE Evidence,lbp_hist_1_std,Texture (LBP & Gray),0.010899,3.327146,Pushes FAKE
Dataset\Video\DeepFakeDetection\03_15__outside_talking_pan_laughing__Y11NT1YX.mp4,DeepFakeDetection,FAKE,FAKE,1.0,Top FAKE Evidence,lbp_hist_5_std,Texture (LBP & Gray),0.040581,3.243728,Pushes FAKE
Dataset\Video\DeepFakeDetection\03_15__outside_talking_pan_laughing__Y11NT1YX.mp4,DeepFakeDetection,FAKE,FAKE,1.0,Top FAKE Evidence,lbp_hist_6_std,Texture (LBP & Gray),0.0092,3.223014,Pushes FAKE
Dataset\Video\DeepFakeDetection\03_15__outside_talking_pan_laughing__Y11NT1YX.mp4,DeepFakeDetection,FAKE,FAKE,1.0,Top FAKE Evidence,lbp_hist_4_std,Texture (LBP & Gray),0.054143,3.150601,Pushes FAKE
Dataset\Video\DeepFakeDetection\03_15__outside_talking_pan_laughing__Y11NT1YX.mp4,DeepFakeDetection,FAKE,FAKE,1.0,Top FAKE Evidence,lbp_hist_6_min,Texture (LBP & Gray),0.008804,2.465834,Pushes FAKE
Dataset\Video\DeepFakeDetection\03_15__outside_talking_pan_laughing__Y11NT1YX.mp4,DeepFakeDetection,FAKE,FAKE,1.0,Top FAKE Evidence,edge_density_std,Edge (Canny),0.035865,1.93537,Pushes FAKE
Dataset\Video\DeepFakeDetection\03_15__outside_talking_pan_laughing__Y11NT1YX.mp4,DeepFakeDetection,FAKE,FAKE,1.0,Top FAKE Evidence,edge_mean_std,Edge (Canny),9.145656,1.93537,Pushes FAKE
Dataset\Video\DeepFakeDetection\03_15__outside_talking_pan_laughing__Y11NT1YX.mp4,DeepFakeDetection,FAKE,FAKE,1.0,Top FAKE Evidence,glcm_dissimilarity_max,Texture (GLCM),6.494501,1.266005,Pushes FAKE
Dataset\Video\DeepFakeDetection\03_15__outside_talking_pan_laughing__Y11NT1YX.mp4,DeepFakeDetection,FAKE,FAKE,1.0,Top REAL Evidence,lbp_hist_7_std,Texture (LBP & Gray),0.013493,-4.564793,Pushes REAL
Dataset\Video\DeepFakeDetection\03_15__outside_talking_pan_laughing__Y11NT1YX.mp4,DeepFakeDetection,FAKE,FAKE,1.0,Top REAL Evidence,dct_mid_energy_std,Frequency (DCT),2300.674052,-2.768193,Pushes REAL
Dataset\Video\DeepFakeDetection\03_15__outside_talking_pan_laughing__Y11NT1YX.mp4,DeepFakeDetection,FAKE,FAKE,1.0,Top REAL Evidence,dct_high_energy_std,Frequency (DCT),105.882722,-2.233664,Pushes REAL
Dataset\Video\DeepFakeDetection\03_15__outside_talking_pan_laughing__Y11NT1YX.mp4,DeepFakeDetection,FAKE,FAKE,1.0,Top REAL Evidence,lbp_hist_1_max,Texture (LBP & Gray),0.099808,-1.603226,Pushes REAL
Dataset\Video\DeepFakeDetection\03_15__outside_talking_pan_laughing__Y11NT1YX.mp4,DeepFakeDetection,FAKE,FAKE,1.0,Top REAL Evidence,edge_std_mean,Edge (Canny),109.016651,-1.379381,Pushes REAL
Dataset\Video\DeepFakeDetection\03_15__outside_talking_pan_laughing__Y11NT1YX.mp4,DeepFakeDetection,FAKE,FAKE,1.0,Top REAL Evidence,glcm_correlation_std,Texture (GLCM),0.018624,-1.283891,Pushes REAL
Dataset\Video\DeepFakeDetection\03_15__outside_talking_pan_laughing__Y11NT1YX.mp4,DeepFakeDetection,FAKE,FAKE,1.0,Top REAL Evidence,lbp_hist_5_min,Texture (LBP & Gray),0.142715,-1.243241,Pushes REAL
Dataset\Video\DeepFakeDetection\03_15__outside_talking_pan_laughing__Y11NT1YX.mp4,DeepFakeDetection,FAKE,FAKE,1.0,Top REAL Evidence,lbp_hist_0_std,Texture (LBP & Gray),0.002463,-0.940254,Pushes REAL
Dataset\Video\DeepFakeDetection\03_15__outside_talking_pan_laughing__Y11NT1YX.mp4,DeepFakeDetection,FAKE,FAKE,1.0,Top REAL Evidence,dct_mid_energy_max,Frequency (DCT),11915.214844,-0.890444,Pushes REAL
Dataset\Video\DeepFakeDetection\03_15__outside_talking_pan_laughing__Y11NT1YX.mp4,DeepFakeDetection,FAKE,FAKE,1.0,Top REAL Evidence,glcm_homogeneity_mean,Texture (GLCM),0.336468,-0.858755,Pushes REAL
Dataset\Video\DeepFakeDetection\05_28__kitchen_still__W3J028UG.mp4,DeepFakeDetection,FAKE,FAKE,0.736,Top FAKE Evidence,lbp_hist_5_mean,Texture (LBP & Gray),0.181128,0.587336,Pushes FAKE
Dataset\Video\DeepFakeDetection\05_28__kitchen_still__W3J028UG.mp4,DeepFakeDetection,FAKE,FAKE,0.736,Top FAKE Evidence,lbp_hist_0_std,Texture (LBP & Gray),0.000405,0.538611,Pushes FAKE
Dataset\Video\DeepFakeDetection\05_28__kitchen_still__W3J028UG.mp4,DeepFakeDetection,FAKE,FAKE,0.736,Top FAKE Evidence,lbp_hist_7_std,Texture (LBP & Gray),0.001034,0.465447,Pushes FAKE
Dataset\Video\DeepFakeDetection\05_28__kitchen_still__W3J028UG.mp4,DeepFakeDetection,FAKE,FAKE,0.736,Top FAKE Evidence,v_hist_2_min,Color (HSV),0.181396,0.462532,Pushes FAKE
Dataset\Video\DeepFakeDetection\05_28__kitchen_still__W3J028UG.mp4,DeepFakeDetection,FAKE,FAKE,0.736,Top FAKE Evidence,v_hist_6_mean,Color (HSV),0.236494,0.357771,Pushes FAKE
Dataset\Video\DeepFakeDetection\05_28__kitchen_still__W3J028UG.mp4,DeepFakeDetection,FAKE,FAKE,0.736,Top FAKE Evidence,glcm_energy_max,Texture (GLCM),0.115201,0.343407,Pushes FAKE
Dataset\Video\DeepFakeDetection\05_28__kitchen_still__W3J028UG.mp4,DeepFakeDetection,FAKE,FAKE,0.736,Top FAKE Evidence,h_std_mean,Color (HSV),40.48744,0.322971,Pushes FAKE
Dataset\Video\DeepFakeDetection\05_28__kitchen_still__W3J028UG.mp4,DeepFakeDetection,FAKE,FAKE,0.736,Top FAKE Evidence,h_mean_std,Color (HSV),0.319566,0.308875,Pushes FAKE
Dataset\Video\DeepFakeDetection\05_28__kitchen_still__W3J028UG.mp4,DeepFakeDetection,FAKE,FAKE,0.736,Top FAKE Evidence,lbp_hist_5_max,Texture (LBP & Gray),0.190704,0.300611,Pushes FAKE
Dataset\Video\DeepFakeDetection\05_28__kitchen_still__W3J028UG.mp4,DeepFakeDetection,FAKE,FAKE,0.736,Top FAKE Evidence,glcm_correlation_std,Texture (GLCM),0.000533,0.300072,Pushes FAKE
Dataset\Video\DeepFakeDetection\05_28__kitchen_still__W3J028UG.mp4,DeepFakeDetection,FAKE,FAKE,0.736,Top REAL Evidence,glcm_dissimilarity_std,Texture (GLCM),0.008773,-0.709724,Pushes REAL
Dataset\Video\DeepFakeDetection\05_28__kitchen_still__W3J028UG.mp4,DeepFakeDetection,FAKE,FAKE,0.736,Top REAL Evidence,lbp_hist_1_std,Texture (LBP & Gray),0.000596,-0.669154,Pushes REAL
Dataset\Video\DeepFakeDetection\05_28__kitchen_still__W3J028UG.mp4,DeepFakeDetection,FAKE,FAKE,0.736,Top REAL Evidence,v_hist_6_min,Color (HSV),0.23436,-0.621042,Pushes REAL
Dataset\Video\DeepFakeDetection\05_28__kitchen_still__W3J028UG.mp4,DeepFakeDetection,FAKE,FAKE,0.736,Top REAL Evidence,lbp_hist_6_std,Texture (LBP & Gray),0.000419,-0.577005,Pushes REAL
Dataset\Video\DeepFakeDetection\05_28__kitchen_still__W3J028UG.mp4,DeepFakeDetection,FAKE,FAKE,0.736,Top REAL Evidence,lbp_hist_5_min,Texture (LBP & Gray),0.177261,-0.568147,Pushes REAL
Dataset\Video\DeepFakeDetection\05_28__kitchen_still__W3J028UG.mp4,DeepFakeDetection,FAKE,FAKE,0.736,Top REAL Evidence,lbp_hist_3_std,Texture (LBP & Gray),0.000905,-0.458727,Pushes REAL
Dataset\Video\DeepFakeDetection\05_28__kitchen_still__W3J028UG.mp4,DeepFakeDetection,FAKE,FAKE,0.736,Top REAL Evidence,lbp_hist_4_std,Texture (LBP & Gray),0.001078,-0.406546,Pushes REAL
Dataset\Video\DeepFakeDetection\05_28__kitchen_still__W3J028UG.mp4,DeepFakeDetection,FAKE,FAKE,0.736,Top REAL Evidence,lbp_hist_5_std,Texture (LBP & Gray),0.003574,-0.4001,Pushes REAL
Dataset\Video\DeepFakeDetection\05_28__kitchen_still__W3J028UG.mp4,DeepFakeDetection,FAKE,FAKE,0.736,Top REAL Evidence,h_hist_7_std,Color (HSV),0.000493,-0.363659,Pushes REAL
Dataset\Video\DeepFakeDetection\05_28__kitchen_still__W3J028UG.mp4,DeepFakeDetection,FAKE,FAKE,0.736,Top REAL Evidence,glcm_correlation_max,Texture (GLCM),0.966573,-0.32247,Pushes REAL
Dataset\Video\DeepFakeDetection\06_26__talking_against_wall__L5BVR5L9.mp4,DeepFakeDetection,FAKE,FAKE,0.8929,Top FAKE Evidence,lbp_hist_5_min,Texture (LBP & Gray),0.257492,0.999718,Pushes FAKE
Dataset\Video\DeepFakeDetection\06_26__talking_against_wall__L5BVR5L9.mp4,DeepFakeDetection,FAKE,FAKE,0.8929,Top FAKE Evidence,h_std_mean,Color (HSV),29.687261,0.787463,Pushes FAKE
Dataset\Video\DeepFakeDetection\06_26__talking_against_wall__L5BVR5L9.mp4,DeepFakeDetection,FAKE,FAKE,0.8929,Top FAKE Evidence,lbp_hist_6_min,Texture (LBP & Gray),0.038223,0.645166,Pushes FAKE
Dataset\Video\DeepFakeDetection\06_26__talking_against_wall__L5BVR5L9.mp4,DeepFakeDetection,FAKE,FAKE,0.8929,Top FAKE Evidence,lbp_hist_6_max,Texture (LBP & Gray),0.041306,0.625518,Pushes FAKE
Dataset\Video\DeepFakeDetection\06_26__talking_against_wall__L5BVR5L9.mp4,DeepFakeDetection,FAKE,FAKE,0.8929,Top FAKE Evidence,v_hist_5_mean,Color (HSV),0.364597,0.580046,Pushes FAKE
Dataset\Video\DeepFakeDetection\06_26__talking_against_wall__L5BVR5L9.mp4,DeepFakeDetection,FAKE,FAKE,0.8929,Top FAKE Evidence,lbp_hist_7_std,Texture (LBP & Gray),0.000905,0.517691,Pushes FAKE
Dataset\Video\DeepFakeDetection\06_26__talking_against_wall__L5BVR5L9.mp4,DeepFakeDetection,FAKE,FAKE,0.8929,Top FAKE Evidence,lbp_hist_1_max,Texture (LBP & Gray),0.035583,0.492192,Pushes FAKE
Dataset\Video\DeepFakeDetection\06_26__talking_against_wall__L5BVR5L9.mp4,DeepFakeDetection,FAKE,FAKE,0.8929,Top FAKE Evidence,v_hist_5_max,Color (HSV),0.371902,0.460035,Pushes FAKE
Dataset\Video\DeepFakeDetection\06_26__talking_against_wall__L5BVR5L9.mp4,DeepFakeDetection,FAKE,FAKE,0.8929,Top FAKE Evidence,lbp_hist_0_std,Texture (LBP & Gray),0.000529,0.449366,Pushes FAKE
Dataset\Video\DeepFakeDetection\06_26__talking_against_wall__L5BVR5L9.mp4,DeepFakeDetection,FAKE,FAKE,0.8929,Top FAKE Evidence,s_hist_2_mean,Color (HSV),0.056609,0.43398,Pushes FAKE
Dataset\Video\DeepFakeDetection\06_26__talking_against_wall__L5BVR5L9.mp4,DeepFakeDetection,FAKE,FAKE,0.8929,Top REAL Evidence,glcm_dissimilarity_std,Texture (GLCM),0.006125,-0.73004,Pushes REAL
Dataset\Video\DeepFakeDetection\06_26__talking_against_wall__L5BVR5L9.mp4,DeepFakeDetection,FAKE,FAKE,0.8929,Top REAL Evidence,lbp_hist_5_mean,Texture (LBP & Gray),0.261757,-0.71096,Pushes REAL
Dataset\Video\DeepFakeDetection\06_26__talking_against_wall__L5BVR5L9.mp4,DeepFakeDetection,FAKE,FAKE,0.8929,Top REAL Evidence,lbp_hist_2_max,Texture (LBP & Gray),0.013855,-0.634375,Pushes REAL
Dataset\Video\DeepFakeDetection\06_26__talking_against_wall__L5BVR5L9.mp4,DeepFakeDetection,FAKE,FAKE,0.8929,Top REAL Evidence,lbp_hist_1_std,Texture (LBP & Gray),0.000922,-0.542873,Pushes REAL
Dataset\Video\DeepFakeDetection\06_26__talking_against_wall__L5BVR5L9.mp4,DeepFakeDetection,FAKE,FAKE,0.8929,Top REAL Evidence,lbp_hist_3_std,Texture (LBP & Gray),0.001074,-0.415598,Pushes REAL
Dataset\Video\DeepFakeDetection\06_26__talking_against_wall__L5BVR5L9.mp4,DeepFakeDetection,FAKE,FAKE,0.8929,Top REAL Evidence,h_hist_2_min,Color (HSV),0.176361,-0.412282,Pushes REAL
Dataset\Video\DeepFakeDetection\06_26__talking_against_wall__L5BVR5L9.mp4,DeepFakeDetection,FAKE,FAKE,0.8929,Top REAL Evidence,h_std_max,Color (HSV),29.908321,-0.399139,Pushes REAL
Dataset\Video\DeepFakeDetection\06_26__talking_against_wall__L5BVR5L9.mp4,DeepFakeDetection,FAKE,FAKE,0.8929,Top REAL Evidence,lbp_hist_5_std,Texture (LBP & Gray),0.003725,-0.38526,Pushes REAL
Dataset\Video\DeepFakeDetection\06_26__talking_against_wall__L5BVR5L9.mp4,DeepFakeDetection,FAKE,FAKE,0.8929,Top REAL Evidence,h_hist_3_max,Color (HSV),0.197449,-0.380736,Pushes REAL
Dataset\Video\DeepFakeDetection\06_26__talking_against_wall__L5BVR5L9.mp4,DeepFakeDetection,FAKE,FAKE,0.8929,Top REAL Evidence,h_hist_7_std,Color (HSV),9.7e-05,-0.380363,Pushes REAL
Dataset\Video\DeepFakeDetection\07_06__kitchen_pan__NMGYPBXE.mp4,DeepFakeDetection,FAKE,FAKE,0.9907,Top FAKE Evidence,v_hist_6_std,Color (HSV),0.04543,1.925834,Pushes FAKE
Dataset\Video\DeepFakeDetection\07_06__kitchen_pan__NMGYPBXE.mp4,DeepFakeDetection,FAKE,FAKE,0.9907,Top FAKE Evidence,glcm_dissimilarity_std,Texture (GLCM),0.326608,1.728513,Pushes FAKE
Dataset\Video\DeepFakeDetection\07_06__kitchen_pan__NMGYPBXE.mp4,DeepFakeDetection,FAKE,FAKE,0.9907,Top FAKE Evidence,s_hist_5_std,Color (HSV),0.048492,1.341243,Pushes FAKE
Dataset\Video\DeepFakeDetection\07_06__kitchen_pan__NMGYPBXE.mp4,DeepFakeDetection,FAKE,FAKE,0.9907,Top FAKE Evidence,edge_density_std,Edge (Canny),0.024285,1.215118,Pushes FAKE
Dataset\Video\DeepFakeDetection\07_06__kitchen_pan__NMGYPBXE.mp4,DeepFakeDetection,FAKE,FAKE,0.9907,Top FAKE Evidence,edge_mean_std,Edge (Canny),6.192582,1.215118,Pushes FAKE
Dataset\Video\DeepFakeDetection\07_06__kitchen_pan__NMGYPBXE.mp4,DeepFakeDetection,FAKE,FAKE,0.9907,Top FAKE Evidence,lbp_hist_1_std,Texture (LBP & Gray),0.004946,1.018018,Pushes FAKE
Dataset\Video\DeepFakeDetection\07_06__kitchen_pan__NMGYPBXE.mp4,DeepFakeDetection,FAKE,FAKE,0.9907,Top FAKE Evidence,s_std_std,Color (HSV),6.539655,0.881023,Pushes FAKE
Dataset\Video\DeepFakeDetection\07_06__kitchen_pan__NMGYPBXE.mp4,DeepFakeDetection,FAKE,FAKE,0.9907,Top FAKE Evidence,v_hist_5_std,Color (HSV),0.034493,0.620535,Pushes FAKE
Dataset\Video\DeepFakeDetection\07_06__kitchen_pan__NMGYPBXE.mp4,DeepFakeDetection,FAKE,FAKE,0.9907,Top FAKE Evidence,lbp_hist_3_std,Texture (LBP & Gray),0.005081,0.609269,Pushes FAKE
Dataset\Video\DeepFakeDetection\07_06__kitchen_pan__NMGYPBXE.mp4,DeepFakeDetection,FAKE,FAKE,0.9907,Top FAKE Evidence,lbp_hist_6_min,Texture (LBP & Gray),0.040482,0.505405,Pushes FAKE
Dataset\Video\DeepFakeDetection\07_06__kitchen_pan__NMGYPBXE.mp4,DeepFakeDetection,FAKE,FAKE,0.9907,Top REAL Evidence,edge_std_std,Edge (Canny),8.440525,-0.836551,Pushes REAL
Dataset\Video\DeepFakeDetection\07_06__kitchen_pan__NMGYPBXE.mp4,DeepFakeDetection,FAKE,FAKE,0.9907,Top REAL Evidence,h_mean_std,Color (HSV),6.667512,-0.82773,Pushes REAL
Dataset\Video\DeepFakeDetection\07_06__kitchen_pan__NMGYPBXE.mp4,DeepFakeDetection,FAKE,FAKE,0.9907,Top REAL Evidence,s_hist_4_std,Color (HSV),0.020673,-0.811608,Pushes REAL
Dataset\Video\DeepFakeDetection\07_06__kitchen_pan__NMGYPBXE.mp4,DeepFakeDetection,FAKE,FAKE,0.9907,Top REAL Evidence,h_hist_6_std,Color (HSV),0.021845,-0.804025,Pushes REAL
Dataset\Video\DeepFakeDetection\07_06__kitchen_pan__NMGYPBXE.mp4,DeepFakeDetection,FAKE,FAKE,0.9907,Top REAL Evidence,lbp_hist_2_std,Texture (LBP & Gray),0.002971,-0.799828,Pushes REAL
Dataset\Video\DeepFakeDetection\07_06__kitchen_pan__NMGYPBXE.mp4,DeepFakeDetection,FAKE,FAKE,0.9907,Top REAL Evidence,lbp_hist_1_max,Texture (LBP & Gray),0.068405,-0.578667,Pushes REAL
Dataset\Video\DeepFakeDetection\07_06__kitchen_pan__NMGYPBXE.mp4,DeepFakeDetection,FAKE,FAKE,0.9907,Top REAL Evidence,glcm_correlation_std,Texture (GLCM),0.010529,-0.575157,Pushes REAL
Dataset\Video\DeepFakeDetection\07_06__kitchen_pan__NMGYPBXE.mp4,DeepFakeDetection,FAKE,FAKE,0.9907,Top REAL Evidence,v_hist_3_std,Color (HSV),0.045938,-0.564163,Pushes REAL
Dataset\Video\DeepFakeDetection\07_06__kitchen_pan__NMGYPBXE.mp4,DeepFakeDetection,FAKE,FAKE,0.9907,Top REAL Evidence,s_hist_1_std,Color (HSV),0.052173,-0.561104,Pushes REAL
Dataset\Video\DeepFakeDetection\07_06__kitchen_pan__NMGYPBXE.mp4,DeepFakeDetection,FAKE,FAKE,0.9907,Top REAL Evidence,h_hist_0_std,Color (HSV),0.056277,-0.54016,Pushes REAL
Dataset\Video\DeepFakeDetection\09_02__exit_phone_room__6KUOFMZW.mp4,DeepFakeDetection,FAKE,FAKE,0.8766,Top FAKE Evidence,lbp_hist_4_std,Texture (LBP & Gray),0.020981,0.927613,Pushes FAKE
Dataset\Video\DeepFakeDetection\09_02__exit_phone_room__6KUOFMZW.mp4,DeepFakeDetection,FAKE,FAKE,0.8766,Top FAKE Evidence,lbp_hist_6_min,Texture (LBP & Gray),0.035461,0.81609,Pushes FAKE
Dataset\Video\DeepFakeDetection\09_02__exit_phone_room__6KUOFMZW.mp4,DeepFakeDetection,FAKE,FAKE,0.8766,Top FAKE Evidence,v_hist_4_std,Color (HSV),0.045264,0.643569,Pushes FAKE
Dataset\Video\DeepFakeDetection\09_02__exit_phone_room__6KUOFMZW.mp4,DeepFakeDetection,FAKE,FAKE,0.8766,Top FAKE Evidence,lbp_hist_6_max,Texture (LBP & Gray),0.041962,0.594685,Pushes FAKE
Dataset\Video\DeepFakeDetection\09_02__exit_phone_room__6KUOFMZW.mp4,DeepFakeDetection,FAKE,FAKE,0.8766,Top FAKE Evidence,v_hist_6_mean,Color (HSV),0.316692,0.56533,Pushes FAKE
Dataset\Video\DeepFakeDetection\09_02__exit_phone_room__6KUOFMZW.mp4,DeepFakeDetection,FAKE,FAKE,0.8766,Top FAKE Evidence,s_hist_2_mean,Color (HSV),0.03595,0.550919,Pushes FAKE
Dataset\Video\DeepFakeDetection\09_02__exit_phone_room__6KUOFMZW.mp4,DeepFakeDetection,FAKE,FAKE,0.8766,Top FAKE Evidence,edge_std_mean,Edge (Canny),58.951231,0.525341,Pushes FAKE
Dataset\Video\DeepFakeDetection\09_02__exit_phone_room__6KUOFMZW.mp4,DeepFakeDetection,FAKE,FAKE,0.8766,Top FAKE Evidence,lbp_hist_5_std,Texture (LBP & Gray),0.012893,0.517515,Pushes FAKE
Dataset\Video\DeepFakeDetection\09_02__exit_phone_room__6KUOFMZW.mp4,DeepFakeDetection,FAKE,FAKE,0.8766,Top FAKE Evidence,s_std_std,Color (HSV),4.554377,0.501397,Pushes FAKE
Dataset\Video\DeepFakeDetection\09_02__exit_phone_room__6KUOFMZW.mp4,DeepFakeDetection,FAKE,FAKE,0.8766,Top FAKE Evidence,gray_mean_min,Texture (LBP & Gray),145.973831,0.499832,Pushes FAKE
Dataset\Video\DeepFakeDetection\09_02__exit_phone_room__6KUOFMZW.mp4,DeepFakeDetection,FAKE,FAKE,0.8766,Top REAL Evidence,lbp_hist_7_std,Texture (LBP & Gray),0.00506,-1.159827,Pushes REAL
Dataset\Video\DeepFakeDetection\09_02__exit_phone_room__6KUOFMZW.mp4,DeepFakeDetection,FAKE,FAKE,0.8766,Top REAL Evidence,v_hist_6_min,Color (HSV),0.300491,-0.901147,Pushes REAL
Dataset\Video\DeepFakeDetection\09_02__exit_phone_room__6KUOFMZW.mp4,DeepFakeDetection,FAKE,FAKE,0.8766,Top REAL Evidence,v_hist_4_mean,Color (HSV),0.329784,-0.758538,Pushes REAL
Dataset\Video\DeepFakeDetection\09_02__exit_phone_room__6KUOFMZW.mp4,DeepFakeDetection,FAKE,FAKE,0.8766,Top REAL Evidence,lbp_hist_0_std,Texture (LBP & Gray),0.002121,-0.694472,Pushes REAL
Dataset\Video\DeepFakeDetection\09_02__exit_phone_room__6KUOFMZW.mp4,DeepFakeDetection,FAKE,FAKE,0.8766,Top REAL Evidence,lbp_hist_2_max,Texture (LBP & Gray),0.013855,-0.634375,Pushes REAL
Dataset\Video\DeepFakeDetection\09_02__exit_phone_room__6KUOFMZW.mp4,DeepFakeDetection,FAKE,FAKE,0.8766,Top REAL Evidence,v_hist_6_max,Color (HSV),0.335587,-0.534401,Pushes REAL
Dataset\Video\DeepFakeDetection\09_02__exit_phone_room__6KUOFMZW.mp4,DeepFakeDetection,FAKE,FAKE,0.8766,Top REAL Evidence,glcm_correlation_max,Texture (GLCM),0.984489,-0.533624,Pushes REAL
Dataset\Video\DeepFakeDetection\09_02__exit_phone_room__6KUOFMZW.mp4,DeepFakeDetection,FAKE,FAKE,0.8766,Top REAL Evidence,v_hist_0_min,Color (HSV),0.027145,-0.455536,Pushes REAL
Dataset\Video\DeepFakeDetection\09_02__exit_phone_room__6KUOFMZW.mp4,DeepFakeDetection,FAKE,FAKE,0.8766,Top REAL Evidence,v_hist_1_min,Color (HSV),0.006393,-0.418116,Pushes REAL
Dataset\Video\DeepFakeDetection\09_02__exit_phone_room__6KUOFMZW.mp4,DeepFakeDetection,FAKE,FAKE,0.8766,Top REAL Evidence,lbp_hist_3_mean,Texture (LBP & Gray),0.077524,-0.41215,Pushes REAL
Dataset\Video\DeepFakeDetection\09_18__walking_down_street_outside_angry__3VP8836C.mp4,DeepFakeDetection,FAKE,FAKE,0.6509,Top FAKE Evidence,lbp_hist_2_max,Texture (LBP & Gray),0.04306,1.306442,Pushes FAKE
Dataset\Video\DeepFakeDetection\09_18__walking_down_street_outside_angry__3VP8836C.mp4,DeepFakeDetection,FAKE,FAKE,0.6509,Top FAKE Evidence,lbp_hist_9_min,Texture (LBP & Gray),0.096771,1.076551,Pushes FAKE
Dataset\Video\DeepFakeDetection\09_18__walking_down_street_outside_angry__3VP8836C.mp4,DeepFakeDetection,FAKE,FAKE,0.6509,Top FAKE Evidence,lbp_hist_9_mean,Texture (LBP & Gray),0.103336,0.858549,Pushes FAKE
Dataset\Video\DeepFakeDetection\09_18__walking_down_street_outside_angry__3VP8836C.mp4,DeepFakeDetection,FAKE,FAKE,0.6509,Top FAKE Evidence,lbp_hist_5_mean,Texture (LBP & Gray),0.177106,0.652102,Pushes FAKE
Dataset\Video\DeepFakeDetection\09_18__walking_down_street_outside_angry__3VP8836C.mp4,DeepFakeDetection,FAKE,FAKE,0.6509,Top FAKE Evidence,lbp_hist_7_mean,Texture (LBP & Gray),0.08562,0.610084,Pushes FAKE
Dataset\Video\DeepFakeDetection\09_18__walking_down_street_outside_angry__3VP8836C.mp4,DeepFakeDetection,FAKE,FAKE,0.6509,Top FAKE Evidence,glcm_energy_max,Texture (GLCM),0.086413,0.551268,Pushes FAKE
Dataset\Video\DeepFakeDetection\09_18__walking_down_street_outside_angry__3VP8836C.mp4,DeepFakeDetection,FAKE,FAKE,0.6509,Top FAKE Evidence,v_hist_2_min,Color (HSV),0.191467,0.522466,Pushes FAKE
Dataset\Video\DeepFakeDetection\09_18__walking_down_street_outside_angry__3VP8836C.mp4,DeepFakeDetection,FAKE,FAKE,0.6509,Top FAKE Evidence,lbp_hist_9_max,Texture (LBP & Gray),0.107208,0.520638,Pushes FAKE
Dataset\Video\DeepFakeDetection\09_18__walking_down_street_outside_angry__3VP8836C.mp4,DeepFakeDetection,FAKE,FAKE,0.6509,Top FAKE Evidence,lbp_hist_1_std,Texture (LBP & Gray),0.003364,0.404544,Pushes FAKE
Dataset\Video\DeepFakeDetection\09_18__walking_down_street_outside_angry__3VP8836C.mp4,DeepFakeDetection,FAKE,FAKE,0.6509,Top FAKE Evidence,lbp_hist_3_max,Texture (LBP & Gray),0.111069,0.374537,Pushes FAKE
Dataset\Video\DeepFakeDetection\09_18__walking_down_street_outside_angry__3VP8836C.mp4,DeepFakeDetection,FAKE,FAKE,0.6509,Top REAL Evidence,lbp_hist_0_std,Texture (LBP & Gray),0.003186,-1.460242,Pushes REAL
Dataset\Video\DeepFakeDetection\09_18__walking_down_street_outside_angry__3VP8836C.mp4,DeepFakeDetection,FAKE,FAKE,0.6509,Top REAL Evidence,lbp_hist_2_std,Texture (LBP & Gray),0.003338,-0.959621,Pushes REAL
Dataset\Video\DeepFakeDetection\09_18__walking_down_street_outside_angry__3VP8836C.mp4,DeepFakeDetection,FAKE,FAKE,0.6509,Top REAL Evidence,lbp_hist_6_min,Texture (LBP & Gray),0.064041,-0.95264,Pushes REAL
Dataset\Video\DeepFakeDetection\09_18__walking_down_street_outside_angry__3VP8836C.mp4,DeepFakeDetection,FAKE,FAKE,0.6509,Top REAL Evidence,lbp_hist_1_max,Texture (LBP & Gray),0.073746,-0.752912,Pushes REAL
Dataset\Video\DeepFakeDetection\09_18__walking_down_street_outside_angry__3VP8836C.mp4,DeepFakeDetection,FAKE,FAKE,0.6509,Top REAL Evidence,lbp_hist_5_min,Texture (LBP & Gray),0.167953,-0.750041,Pushes REAL
Dataset\Video\DeepFakeDetection\09_18__walking_down_street_outside_angry__3VP8836C.mp4,DeepFakeDetection,FAKE,FAKE,0.6509,Top REAL Evidence,lbp_hist_0_mean,Texture (LBP & Gray),0.034221,-0.592376,Pushes REAL
Dataset\Video\DeepFakeDetection\09_18__walking_down_street_outside_angry__3VP8836C.mp4,DeepFakeDetection,FAKE,FAKE,0.6509,Top REAL Evidence,lbp_hist_6_max,Texture (LBP & Gray),0.067184,-0.590612,Pushes REAL
Dataset\Video\DeepFakeDetection\09_18__walking_down_street_outside_angry__3VP8836C.mp4,DeepFakeDetection,FAKE,FAKE,0.6509,Top REAL Evidence,h_hist_2_std,Color (HSV),0.016362,-0.411133,Pushes REAL
Dataset\Video\DeepFakeDetection\09_18__walking_down_street_outside_angry__3VP8836C.mp4,DeepFakeDetection,FAKE,FAKE,0.6509,Top REAL Evidence,v_hist_2_mean,Color (HSV),0.200165,-0.38027,Pushes REAL
Dataset\Video\DeepFakeDetection\09_18__walking_down_street_outside_angry__3VP8836C.mp4,DeepFakeDetection,FAKE,FAKE,0.6509,Top REAL Evidence,glcm_energy_mean,Texture (GLCM),0.083623,-0.367954,Pushes REAL
Dataset\Video\DeepFakeDetection\10_23__kitchen_pan__GYY4VANY.mp4,DeepFakeDetection,FAKE,FAKE,1.0,Top FAKE Evidence,h_hist_7_std,Color (HSV),0.091817,3.480022,Pushes FAKE
Dataset\Video\DeepFakeDetection\10_23__kitchen_pan__GYY4VANY.mp4,DeepFakeDetection,FAKE,FAKE,1.0,Top FAKE Evidence,glcm_dissimilarity_std,Texture (GLCM),0.432539,2.541153,Pushes FAKE
Dataset\Video\DeepFakeDetection\10_23__kitchen_pan__GYY4VANY.mp4,DeepFakeDetection,FAKE,FAKE,1.0,Top FAKE Evidence,lbp_hist_1_std,Texture (LBP & Gray),0.008709,2.477921,Pushes FAKE
Dataset\Video\DeepFakeDetection\10_23__kitchen_pan__GYY4VANY.mp4,DeepFakeDetection,FAKE,FAKE,1.0,Top FAKE Evidence,v_hist_6_std,Color (HSV),0.056287,2.465716,Pushes FAKE
Dataset\Video\DeepFakeDetection\10_23__kitchen_pan__GYY4VANY.mp4,DeepFakeDetection,FAKE,FAKE,1.0,Top FAKE Evidence,s_std_std,Color (HSV),14.816024,2.463634,Pushes FAKE
Dataset\Video\DeepFakeDetection\10_23__kitchen_pan__GYY4VANY.mp4,DeepFakeDetection,FAKE,FAKE,1.0,Top FAKE Evidence,edge_density_std,Edge (Canny),0.026806,1.371946,Pushes FAKE
Dataset\Video\DeepFakeDetection\10_23__kitchen_pan__GYY4VANY.mp4,DeepFakeDetection,FAKE,FAKE,1.0,Top FAKE Evidence,edge_mean_std,Edge (Canny),6.835586,1.371946,Pushes FAKE
Dataset\Video\DeepFakeDetection\10_23__kitchen_pan__GYY4VANY.mp4,DeepFakeDetection,FAKE,FAKE,1.0,Top FAKE Evidence,lbp_hist_3_std,Texture (LBP & Gray),0.00685,1.061561,Pushes FAKE
Dataset\Video\DeepFakeDetection\10_23__kitchen_pan__GYY4VANY.mp4,DeepFakeDetection,FAKE,FAKE,1.0,Top FAKE Evidence,s_mean_std,Color (HSV),17.468405,0.973161,Pushes FAKE
Dataset\Video\DeepFakeDetection\10_23__kitchen_pan__GYY4VANY.mp4,DeepFakeDetection,FAKE,FAKE,1.0,Top FAKE Evidence,lbp_hist_6_std,Texture (LBP & Gray),0.003995,0.970635,Pushes FAKE
Dataset\Video\DeepFakeDetection\10_23__kitchen_pan__GYY4VANY.mp4,DeepFakeDetection,FAKE,FAKE,1.0,Top REAL Evidence,s_hist_7_std,Color (HSV),0.066752,-1.9222,Pushes REAL
Dataset\Video\DeepFakeDetection\10_23__kitchen_pan__GYY4VANY.mp4,DeepFakeDetection,FAKE,FAKE,1.0,Top REAL Evidence,edge_std_std,Edge (Canny),9.149584,-0.926847,Pushes REAL
Dataset\Video\DeepFakeDetection\10_23__kitchen_pan__GYY4VANY.mp4,DeepFakeDetection,FAKE,FAKE,1.0,Top REAL Evidence,v_hist_3_std,Color (HSV),0.066111,-0.906998,Pushes REAL
Dataset\Video\DeepFakeDetection\10_23__kitchen_pan__GYY4VANY.mp4,DeepFakeDetection,FAKE,FAKE,1.0,Top REAL Evidence,h_mean_std,Color (HSV),6.716607,-0.836521,Pushes REAL
Dataset\Video\DeepFakeDetection\10_23__kitchen_pan__GYY4VANY.mp4,DeepFakeDetection,FAKE,FAKE,1.0,Top REAL Evidence,glcm_correlation_std,Texture (GLCM),0.011644,-0.672771,Pushes REAL
Dataset\Video\DeepFakeDetection\10_23__kitchen_pan__GYY4VANY.mp4,DeepFakeDetection,FAKE,FAKE,1.0,Top REAL Evidence,h_hist_4_std,Color (HSV),0.087174,-0.591755,Pushes REAL
Dataset\Video\DeepFakeDetection\10_23__kitchen_pan__GYY4VANY.mp4,DeepFakeDetection,FAKE,FAKE,1.0,Top REAL Evidence,lbp_hist_1_max,Texture (LBP & Gray),0.06868,-0.587628,Pushes REAL
Dataset\Video\DeepFakeDetection\10_23__kitchen_pan__GYY4VANY.mp4,DeepFakeDetection,FAKE,FAKE,1.0,Top REAL Evidence,lbp_hist_5_min,Texture (LBP & Gray),0.176926,-0.574707,Pushes REAL
Dataset\Video\DeepFakeDetection\10_23__kitchen_pan__GYY4VANY.mp4,DeepFakeDetection,FAKE,FAKE,1.0,Top REAL Evidence,s_hist_1_std,Color (HSV),0.049473,-0.522973,Pushes REAL
Dataset\Video\DeepFakeDetection\10_23__kitchen_pan__GYY4VANY.mp4,DeepFakeDetection,FAKE,FAKE,1.0,Top REAL Evidence,v_hist_6_max,Color (HSV),0.312531,-0.479816,Pushes REAL
Dataset\Video\DeepFakeDetection\10_23__outside_talking_pan_laughing__ZHJO34DY.mp4,DeepFakeDetection,FAKE,FAKE,1.0,Top FAKE Evidence,glcm_dissimilarity_std,Texture (GLCM),0.864922,5.858135,Pushes FAKE
Dataset\Video\DeepFakeDetection\10_23__outside_talking_pan_laughing__ZHJO34DY.mp4,DeepFakeDetection,FAKE,FAKE,1.0,Top FAKE Evidence,lbp_hist_3_std,Texture (LBP & Gray),0.021173,4.724256,Pushes FAKE
Dataset\Video\DeepFakeDetection\10_23__outside_talking_pan_laughing__ZHJO34DY.mp4,DeepFakeDetection,FAKE,FAKE,1.0,Top FAKE Evidence,lbp_hist_1_std,Texture (LBP & Gray),0.010425,3.143354,Pushes FAKE
Dataset\Video\DeepFakeDetection\10_23__outside_talking_pan_laughing__ZHJO34DY.mp4,DeepFakeDetection,FAKE,FAKE,1.0,Top FAKE Evidence,lbp_hist_4_std,Texture (LBP & Gray),0.051494,2.973035,Pushes FAKE
Dataset\Video\DeepFakeDetection\10_23__outside_talking_pan_laughing__ZHJO34DY.mp4,DeepFakeDetection,FAKE,FAKE,1.0,Top FAKE Evidence,lbp_hist_5_std,Texture (LBP & Gray),0.033712,2.567364,Pushes FAKE
Dataset\Video\DeepFakeDetection\10_23__outside_talking_pan_laughing__ZHJO34DY.mp4,DeepFakeDetection,FAKE,FAKE,1.0,Top FAKE Evidence,lbp_hist_6_min,Texture (LBP & Gray),0.009872,2.399731,Pushes FAKE
Dataset\Video\DeepFakeDetection\10_23__outside_talking_pan_laughing__ZHJO34DY.mp4,DeepFakeDetection,FAKE,FAKE,1.0,Top FAKE Evidence,lbp_hist_6_std,Texture (LBP & Gray),0.007041,2.28893,Pushes FAKE
Dataset\Video\DeepFakeDetection\10_23__outside_talking_pan_laughing__ZHJO34DY.mp4,DeepFakeDetection,FAKE,FAKE,1.0,Top FAKE Evidence,edge_density_std,Edge (Canny),0.031505,1.664214,Pushes FAKE
Dataset\Video\DeepFakeDetection\10_23__outside_talking_pan_laughing__ZHJO34DY.mp4,DeepFakeDetection,FAKE,FAKE,1.0,Top FAKE Evidence,edge_mean_std,Edge (Canny),8.033899,1.664214,Pushes FAKE
Dataset\Video\DeepFakeDetection\10_23__outside_talking_pan_laughing__ZHJO34DY.mp4,DeepFakeDetection,FAKE,FAKE,1.0,Top FAKE Evidence,glcm_dissimilarity_max,Texture (GLCM),6.56365,1.286722,Pushes FAKE
Dataset\Video\DeepFakeDetection\10_23__outside_talking_pan_laughing__ZHJO34DY.mp4,DeepFakeDetection,FAKE,FAKE,1.0,Top REAL Evidence,lbp_hist_7_std,Texture (LBP & Gray),0.012341,-4.099547,Pushes REAL
Dataset\Video\DeepFakeDetection\10_23__outside_talking_pan_laughing__ZHJO34DY.mp4,DeepFakeDetection,FAKE,FAKE,1.0,Top REAL Evidence,dct_high_energy_std,Frequency (DCT),126.767366,-2.730955,Pushes REAL
Dataset\Video\DeepFakeDetection\10_23__outside_talking_pan_laughing__ZHJO34DY.mp4,DeepFakeDetection,FAKE,FAKE,1.0,Top REAL Evidence,dct_mid_energy_std,Frequency (DCT),1973.221268,-2.322138,Pushes REAL
Dataset\Video\DeepFakeDetection\10_23__outside_talking_pan_laughing__ZHJO34DY.mp4,DeepFakeDetection,FAKE,FAKE,1.0,Top REAL Evidence,lbp_hist_1_max,Texture (LBP & Gray),0.100266,-1.618161,Pushes REAL
Dataset\Video\DeepFakeDetection\10_23__outside_talking_pan_laughing__ZHJO34DY.mp4,DeepFakeDetection,FAKE,FAKE,1.0,Top REAL Evidence,glcm_correlation_std,Texture (GLCM),0.022068,-1.58544,Pushes REAL
Dataset\Video\DeepFakeDetection\10_23__outside_talking_pan_laughing__ZHJO34DY.mp4,DeepFakeDetection,FAKE,FAKE,1.0,Top REAL Evidence,lbp_hist_5_min,Texture (LBP & Gray),0.125336,-1.582875,Pushes REAL
Dataset\Video\DeepFakeDetection\10_23__outside_talking_pan_laughing__ZHJO34DY.mp4,DeepFakeDetection,FAKE,FAKE,1.0,Top REAL Evidence,edge_std_mean,Edge (Canny),108.401055,-1.355961,Pushes REAL
Dataset\Video\DeepFakeDetection\10_23__outside_talking_pan_laughing__ZHJO34DY.mp4,DeepFakeDetection,FAKE,FAKE,1.0,Top REAL Evidence,h_hist_2_std,Color (HSV),0.037605,-1.174942,Pushes REAL
Dataset\Video\DeepFakeDetection\10_23__outside_talking_pan_laughing__ZHJO34DY.mp4,DeepFakeDetection,FAKE,FAKE,1.0,Top REAL Evidence,lbp_hist_0_std,Texture (LBP & Gray),0.002657,-1.07991,Pushes REAL
Dataset\Video\DeepFakeDetection\10_23__outside_talking_pan_laughing__ZHJO34DY.mp4,DeepFakeDetection,FAKE,FAKE,1.0,Top REAL Evidence,h_mean_std,Color (HSV),7.112864,-0.907471,Pushes REAL
Dataset\Video\DeepFakeDetection\13_02__exit_phone_room__CP5HFV3K.mp4,DeepFakeDetection,FAKE,FAKE,0.9059,Top FAKE Evidence,lbp_hist_4_std,Texture (LBP & Gray),0.019729,0.843664,Pushes FAKE
Dataset\Video\DeepFakeDetection\13_02__exit_phone_room__CP5HFV3K.mp4,DeepFakeDetection,FAKE,FAKE,0.9059,Top FAKE Evidence,lbp_hist_6_min,Texture (LBP & Gray),0.037094,0.715047,Pushes FAKE
Dataset\Video\DeepFakeDetection\13_02__exit_phone_room__CP5HFV3K.mp4,DeepFakeDetection,FAKE,FAKE,0.9059,Top FAKE Evidence,v_hist_4_std,Color (HSV),0.045215,0.642631,Pushes FAKE
Dataset\Video\DeepFakeDetection\13_02__exit_phone_room__CP5HFV3K.mp4,DeepFakeDetection,FAKE,FAKE,0.9059,Top FAKE Evidence,v_hist_6_mean,Color (HSV),0.31658,0.565042,Pushes FAKE
Dataset\Video\DeepFakeDetection\13_02__exit_phone_room__CP5HFV3K.mp4,DeepFakeDetection,FAKE,FAKE,0.9059,Top FAKE Evidence,gray_mean_min,Texture (LBP & Gray),151.63623,0.553301,Pushes FAKE
Dataset\Video\DeepFakeDetection\13_02__exit_phone_room__CP5HFV3K.mp4,DeepFakeDetection,FAKE,FAKE,0.9059,Top FAKE Evidence,edge_std_mean,Edge (Canny),59.7448,0.49515,Pushes FAKE
Dataset\Video\DeepFakeDetection\13_02__exit_phone_room__CP5HFV3K.mp4,DeepFakeDetection,FAKE,FAKE,0.9059,Top FAKE Evidence,v_mean_min,Color (HSV),161.017273,0.457686,Pushes FAKE
Dataset\Video\DeepFakeDetection\13_02__exit_phone_room__CP5HFV3K.mp4,DeepFakeDetection,FAKE,FAKE,0.9059,Top FAKE Evidence,s_hist_3_mean,Color (HSV),0.033983,0.425355,Pushes FAKE
Dataset\Video\DeepFakeDetection\13_02__exit_phone_room__CP5HFV3K.mp4,DeepFakeDetection,FAKE,FAKE,0.9059,Top FAKE Evidence,s_hist_2_mean,Color (HSV),0.061157,0.408233,Pushes FAKE
Dataset\Video\DeepFakeDetection\13_02__exit_phone_room__CP5HFV3K.mp4,DeepFakeDetection,FAKE,FAKE,0.9059,Top FAKE Evidence,lbp_hist_5_min,Texture (LBP & Gray),0.226578,0.395592,Pushes FAKE
Dataset\Video\DeepFakeDetection\13_02__exit_phone_room__CP5HFV3K.mp4,DeepFakeDetection,FAKE,FAKE,0.9059,Top REAL Evidence,lbp_hist_0_std,Texture (LBP & Gray),0.002716,-1.122627,Pushes REAL
Dataset\Video\DeepFakeDetection\13_02__exit_phone_room__CP5HFV3K.mp4,DeepFakeDetection,FAKE,FAKE,0.9059,Top REAL Evidence,v_hist_6_min,Color (HSV),0.303192,-0.912586,Pushes REAL
Dataset\Video\DeepFakeDetection\13_02__exit_phone_room__CP5HFV3K.mp4,DeepFakeDetection,FAKE,FAKE,0.9059,Top REAL Evidence,v_hist_4_mean,Color (HSV),0.339572,-0.796943,Pushes REAL
Dataset\Video\DeepFakeDetection\13_02__exit_phone_room__CP5HFV3K.mp4,DeepFakeDetection,FAKE,FAKE,0.9059,Top REAL Evidence,s_std_mean,Color (HSV),35.797773,-0.567413,Pushes REAL
Dataset\Video\DeepFakeDetection\13_02__exit_phone_room__CP5HFV3K.mp4,DeepFakeDetection,FAKE,FAKE,0.9059,Top REAL Evidence,v_hist_0_min,Color (HSV),0.001877,-0.562547,Pushes REAL
Dataset\Video\DeepFakeDetection\13_02__exit_phone_room__CP5HFV3K.mp4,DeepFakeDetection,FAKE,FAKE,0.9059,Top REAL Evidence,v_hist_6_max,Color (HSV),0.340012,-0.544878,Pushes REAL
Dataset\Video\DeepFakeDetection\13_02__exit_phone_room__CP5HFV3K.mp4,DeepFakeDetection,FAKE,FAKE,0.9059,Top REAL Evidence,glcm_correlation_max,Texture (GLCM),0.979878,-0.479288,Pushes REAL
Dataset\Video\DeepFakeDetection\13_02__exit_phone_room__CP5HFV3K.mp4,DeepFakeDetection,FAKE,FAKE,0.9059,Top REAL Evidence,glcm_dissimilarity_std,Texture (GLCM),0.042819,-0.448543,Pushes REAL
Dataset\Video\DeepFakeDetection\13_02__exit_phone_room__CP5HFV3K.mp4,DeepFakeDetection,FAKE,FAKE,0.9059,Top REAL Evidence,lbp_hist_2_max,Texture (LBP & Gray),0.016983,-0.426503,Pushes REAL
Dataset\Video\DeepFakeDetection\13_02__exit_phone_room__CP5HFV3K.mp4,DeepFakeDetection,FAKE,FAKE,0.9059,Top REAL Evidence,v_hist_1_min,Color (HSV),0.010864,-0.401031,Pushes REAL
Dataset\Video\DeepFakeDetection\13_02__walking_down_indoor_hall_disgust__AROBAY8R.mp4,DeepFakeDetection,FAKE,FAKE,0.5457,Top FAKE Evidence,v_hist_6_std,Color (HSV),0.067406,3.018665,Pushes FAKE
Dataset\Video\DeepFakeDetection\13_02__walking_down_indoor_hall_disgust__AROBAY8R.mp4,DeepFakeDetection,FAKE,FAKE,0.5457,Top FAKE Evidence,h_hist_7_std,Color (HSV),0.039807,1.291012,Pushes FAKE
Dataset\Video\DeepFakeDetection\13_02__walking_down_indoor_hall_disgust__AROBAY8R.mp4,DeepFakeDetection,FAKE,FAKE,0.5457,Top FAKE Evidence,lbp_hist_1_std,Texture (LBP & Gray),0.005238,1.131371,Pushes FAKE
Dataset\Video\DeepFakeDetection\13_02__walking_down_indoor_hall_disgust__AROBAY8R.mp4,DeepFakeDetection,FAKE,FAKE,0.5457,Top FAKE Evidence,glcm_dissimilarity_std,Texture (GLCM),0.23893,1.055905,Pushes FAKE
Dataset\Video\DeepFakeDetection\13_02__walking_down_indoor_hall_disgust__AROBAY8R.mp4,DeepFakeDetection,FAKE,FAKE,0.5457,Top FAKE Evidence,s_hist_0_std,Color (HSV),0.071871,1.052521,Pushes FAKE
Dataset\Video\DeepFakeDetection\13_02__walking_down_indoor_hall_disgust__AROBAY8R.mp4,DeepFakeDetection,FAKE,FAKE,0.5457,Top FAKE Evidence,v_hist_5_std,Color (HSV),0.047675,0.938393,Pushes FAKE
Dataset\Video\DeepFakeDetection\13_02__walking_down_indoor_hall_disgust__AROBAY8R.mp4,DeepFakeDetection,FAKE,FAKE,0.5457,Top FAKE Evidence,lbp_hist_5_std,Texture (LBP & Gray),0.017059,0.927665,Pushes FAKE
Dataset\Video\DeepFakeDetection\13_02__walking_down_indoor_hall_disgust__AROBAY8R.mp4,DeepFakeDetection,FAKE,FAKE,0.5457,Top FAKE Evidence,edge_density_std,Edge (Canny),0.016384,0.723719,Pushes FAKE
Dataset\Video\DeepFakeDetection\13_02__walking_down_indoor_hall_disgust__AROBAY8R.mp4,DeepFakeDetection,FAKE,FAKE,0.5457,Top FAKE Evidence,edge_mean_std,Edge (Canny),4.177821,0.723719,Pushes FAKE
Dataset\Video\DeepFakeDetection\13_02__walking_down_indoor_hall_disgust__AROBAY8R.mp4,DeepFakeDetection,FAKE,FAKE,0.5457,Top FAKE Evidence,lbp_hist_2_max,Texture (LBP & Gray),0.032928,0.633138,Pushes FAKE
Dataset\Video\DeepFakeDetection\13_02__walking_down_indoor_hall_disgust__AROBAY8R.mp4,DeepFakeDetection,FAKE,FAKE,0.5457,Top REAL Evidence,h_hist_6_std,Color (HSV),0.106563,-4.540741,Pushes REAL
Dataset\Video\DeepFakeDetection\13_02__walking_down_indoor_hall_disgust__AROBAY8R.mp4,DeepFakeDetection,FAKE,FAKE,0.5457,Top REAL Evidence,lbp_hist_0_std,Texture (LBP & Gray),0.005923,-3.426966,Pushes REAL
Dataset\Video\DeepFakeDetection\13_02__walking_down_indoor_hall_disgust__AROBAY8R.mp4,DeepFakeDetection,FAKE,FAKE,0.5457,Top REAL Evidence,h_mean_std,Color (HSV),8.70498,-1.19254,Pushes REAL
Dataset\Video\DeepFakeDetection\13_02__walking_down_indoor_hall_disgust__AROBAY8R.mp4,DeepFakeDetection,FAKE,FAKE,0.5457,Top REAL Evidence,lbp_hist_2_std,Texture (LBP & Gray),0.003817,-1.168545,Pushes REAL
Dataset\Video\DeepFakeDetection\13_02__walking_down_indoor_hall_disgust__AROBAY8R.mp4,DeepFakeDetection,FAKE,FAKE,0.5457,Top REAL Evidence,s_hist_4_std,Color (HSV),0.02093,-0.825873,Pushes REAL
Dataset\Video\DeepFakeDetection\13_02__walking_down_indoor_hall_disgust__AROBAY8R.mp4,DeepFakeDetection,FAKE,FAKE,0.5457,Top REAL Evidence,edge_std_std,Edge (Canny),7.811796,-0.756485,Pushes REAL
Dataset\Video\DeepFakeDetection\13_02__walking_down_indoor_hall_disgust__AROBAY8R.mp4,DeepFakeDetection,FAKE,FAKE,0.5457,Top REAL Evidence,lbp_hist_9_std,Texture (LBP & Gray),0.010534,-0.682907,Pushes REAL
Dataset\Video\DeepFakeDetection\13_02__walking_down_indoor_hall_disgust__AROBAY8R.mp4,DeepFakeDetection,FAKE,FAKE,0.5457,Top REAL Evidence,lbp_hist_7_std,Texture (LBP & Gray),0.003744,-0.628647,Pushes REAL
Dataset\Video\DeepFakeDetection\13_02__walking_down_indoor_hall_disgust__AROBAY8R.mp4,DeepFakeDetection,FAKE,FAKE,0.5457,Top REAL Evidence,lbp_hist_1_max,Texture (LBP & Gray),0.068695,-0.588126,Pushes REAL
Dataset\Video\DeepFakeDetection\13_02__walking_down_indoor_hall_disgust__AROBAY8R.mp4,DeepFakeDetection,FAKE,FAKE,0.5457,Top REAL Evidence,glcm_correlation_max,Texture (GLCM),0.98717,-0.565225,Pushes REAL
Dataset\Video\DeepFakeDetection\14_18__talking_angry_couch__A5A1Q467.mp4,DeepFakeDetection,FAKE,FAKE,0.8922,Top FAKE Evidence,glcm_energy_max,Texture (GLCM),0.068777,0.678612,Pushes FAKE
Dataset\Video\DeepFakeDetection\14_18__talking_angry_couch__A5A1Q467.mp4,DeepFakeDetection,FAKE,FAKE,0.8922,Top FAKE Evidence,lbp_hist_8_min,Texture (LBP & Gray),0.093475,0.465593,Pushes FAKE
Dataset\Video\DeepFakeDetection\14_18__talking_angry_couch__A5A1Q467.mp4,DeepFakeDetection,FAKE,FAKE,0.8922,Top FAKE Evidence,lbp_hist_2_max,Texture (LBP & Gray),0.03009,0.444532,Pushes FAKE
Dataset\Video\DeepFakeDetection\14_18__talking_angry_couch__A5A1Q467.mp4,DeepFakeDetection,FAKE,FAKE,0.8922,Top FAKE Evidence,lbp_hist_3_max,Texture (LBP & Gray),0.111862,0.396804,Pushes FAKE
Dataset\Video\DeepFakeDetection\14_18__talking_angry_couch__A5A1Q467.mp4,DeepFakeDetection,FAKE,FAKE,0.8922,Top FAKE Evidence,lbp_hist_3_mean,Texture (LBP & Gray),0.109502,0.38787,Pushes FAKE
Dataset\Video\DeepFakeDetection\14_18__talking_angry_couch__A5A1Q467.mp4,DeepFakeDetection,FAKE,FAKE,0.8922,Top FAKE Evidence,lbp_hist_0_std,Texture (LBP & Gray),0.000709,0.320045,Pushes FAKE
Dataset\Video\DeepFakeDetection\14_18__talking_angry_couch__A5A1Q467.mp4,DeepFakeDetection,FAKE,FAKE,0.8922,Top FAKE Evidence,lbp_hist_4_max,Texture (LBP & Gray),0.279388,0.297661,Pushes FAKE
Dataset\Video\DeepFakeDetection\14_18__talking_angry_couch__A5A1Q467.mp4,DeepFakeDetection,FAKE,FAKE,0.8922,Top FAKE Evidence,h_mean_min,Color (HSV),88.52504,0.296262,Pushes FAKE
Dataset\Video\DeepFakeDetection\14_18__talking_angry_couch__A5A1Q467.mp4,DeepFakeDetection,FAKE,FAKE,0.8922,Top FAKE Evidence,lbp_hist_4_min,Texture (LBP & Gray),0.27243,0.294159,Pushes FAKE
Dataset\Video\DeepFakeDetection\14_18__talking_angry_couch__A5A1Q467.mp4,DeepFakeDetection,FAKE,FAKE,0.8922,Top FAKE Evidence,lbp_hist_8_max,Texture (LBP & Gray),0.107315,0.254661,Pushes FAKE
Dataset\Video\DeepFakeDetection\14_18__talking_angry_couch__A5A1Q467.mp4,DeepFakeDetection,FAKE,FAKE,0.8922,Top REAL Evidence,lbp_hist_6_min,Texture (LBP & Gray),0.059982,-0.701448,Pushes REAL
Dataset\Video\DeepFakeDetection\14_18__talking_angry_couch__A5A1Q467.mp4,DeepFakeDetection,FAKE,FAKE,0.8922,Top REAL Evidence,glcm_dissimilarity_std,Texture (GLCM),0.035952,-0.501225,Pushes REAL
Dataset\Video\DeepFakeDetection\14_18__talking_angry_couch__A5A1Q467.mp4,DeepFakeDetection,FAKE,FAKE,0.8922,Top REAL Evidence,lbp_hist_6_max,Texture (LBP & Gray),0.064682,-0.473014,Pushes REAL
Dataset\Video\DeepFakeDetection\14_18__talking_angry_couch__A5A1Q467.mp4,DeepFakeDetection,FAKE,FAKE,0.8922,Top REAL Evidence,glcm_energy_mean,Texture (GLCM),0.067774,-0.463496,Pushes REAL
Dataset\Video\DeepFakeDetection\14_18__talking_angry_couch__A5A1Q467.mp4,DeepFakeDetection,FAKE,FAKE,0.8922,Top REAL Evidence,h_hist_6_std,Color (HSV),0.013475,-0.434843,Pushes REAL
Dataset\Video\DeepFakeDetection\14_18__talking_angry_couch__A5A1Q467.mp4,DeepFakeDetection,FAKE,FAKE,0.8922,Top REAL Evidence,glcm_correlation_max,Texture (GLCM),0.97308,-0.399162,Pushes REAL
Dataset\Video\DeepFakeDetection\14_18__talking_angry_couch__A5A1Q467.mp4,DeepFakeDetection,FAKE,FAKE,0.8922,Top REAL Evidence,lbp_hist_4_std,Texture (LBP & Gray),0.00248,-0.312586,Pushes REAL
Dataset\Video\DeepFakeDetection\14_18__talking_angry_couch__A5A1Q467.mp4,DeepFakeDetection,FAKE,FAKE,0.8922,Top REAL Evidence,lbp_hist_3_std,Texture (LBP & Gray),0.001557,-0.292086,Pushes REAL
Dataset\Video\DeepFakeDetection\14_18__talking_angry_couch__A5A1Q467.mp4,DeepFakeDetection,FAKE,FAKE,0.8922,Top REAL Evidence,s_hist_0_std,Color (HSV),0.005339,-0.285085,Pushes REAL
Dataset\Video\DeepFakeDetection\14_18__talking_angry_couch__A5A1Q467.mp4,DeepFakeDetection,FAKE,FAKE,0.8922,Top REAL Evidence,dct_high_low_ratio_min,Frequency (DCT),2.8e-05,-0.278083,Pushes REAL
Dataset\Video\DeepFakeDetection\15_21__kitchen_pan__87WSBJP3.mp4,DeepFakeDetection,FAKE,FAKE,0.999,Top FAKE Evidence,glcm_dissimilarity_std,Texture (GLCM),0.476237,2.876374,Pushes FAKE
Dataset\Video\DeepFakeDetection\15_21__kitchen_pan__87WSBJP3.mp4,DeepFakeDetection,FAKE,FAKE,0.999,Top FAKE Evidence,lbp_hist_1_std,Texture (LBP & Gray),0.009224,2.677482,Pushes FAKE
Dataset\Video\DeepFakeDetection\15_21__kitchen_pan__87WSBJP3.mp4,DeepFakeDetection,FAKE,FAKE,0.999,Top FAKE Evidence,h_hist_7_std,Color (HSV),0.069808,2.553685,Pushes FAKE
Dataset\Video\DeepFakeDetection\15_21__kitchen_pan__87WSBJP3.mp4,DeepFakeDetection,FAKE,FAKE,0.999,Top FAKE Evidence,v_hist_6_std,Color (HSV),0.057689,2.535436,Pushes FAKE
Dataset\Video\DeepFakeDetection\15_21__kitchen_pan__87WSBJP3.mp4,DeepFakeDetection,FAKE,FAKE,0.999,Top FAKE Evidence,edge_density_std,Edge (Canny),0.028632,1.485494,Pushes FAKE
Dataset\Video\DeepFakeDetection\15_21__kitchen_pan__87WSBJP3.mp4,DeepFakeDetection,FAKE,FAKE,0.999,Top FAKE Evidence,edge_mean_std,Edge (Canny),7.301137,1.485494,Pushes FAKE
Dataset\Video\DeepFakeDetection\15_21__kitchen_pan__87WSBJP3.mp4,DeepFakeDetection,FAKE,FAKE,0.999,Top FAKE Evidence,s_std_std,Color (HSV),7.666416,1.096483,Pushes FAKE
Dataset\Video\DeepFakeDetection\15_21__kitchen_pan__87WSBJP3.mp4,DeepFakeDetection,FAKE,FAKE,0.999,Top FAKE Evidence,s_mean_std,Color (HSV),17.749211,0.992237,Pushes FAKE
Dataset\Video\DeepFakeDetection\15_21__kitchen_pan__87WSBJP3.mp4,DeepFakeDetection,FAKE,FAKE,0.999,Top FAKE Evidence,s_hist_0_std,Color (HSV),0.064645,0.907253,Pushes FAKE
Dataset\Video\DeepFakeDetection\15_21__kitchen_pan__87WSBJP3.mp4,DeepFakeDetection,FAKE,FAKE,0.999,Top FAKE Evidence,s_hist_5_std,Color (HSV),0.02866,0.733867,Pushes FAKE
Dataset\Video\DeepFakeDetection\15_21__kitchen_pan__87WSBJP3.mp4,DeepFakeDetection,FAKE,FAKE,0.999,Top REAL Evidence,h_hist_6_std,Color (HSV),0.064817,-2.69943,Pushes REAL
Dataset\Video\DeepFakeDetection\15_21__kitchen_pan__87WSBJP3.mp4,DeepFakeDetection,FAKE,FAKE,0.999,Top REAL Evidence,h_mean_std,Color (HSV),12.358981,-1.846792,Pushes REAL
Dataset\Video\DeepFakeDetection\15_21__kitchen_pan__87WSBJP3.mp4,DeepFakeDetection,FAKE,FAKE,0.999,Top REAL Evidence,lbp_hist_2_std,Texture (LBP & Gray),0.003905,-1.207026,Pushes REAL
Dataset\Video\DeepFakeDetection\15_21__kitchen_pan__87WSBJP3.mp4,DeepFakeDetection,FAKE,FAKE,0.999,Top REAL Evidence,edge_std_std,Edge (Canny),10.56735,-1.107394,Pushes REAL
Dataset\Video\DeepFakeDetection\15_21__kitchen_pan__87WSBJP3.mp4,DeepFakeDetection,FAKE,FAKE,0.999,Top REAL Evidence,s_hist_7_std,Color (HSV),0.035697,-0.861206,Pushes REAL
Dataset\Video\DeepFakeDetection\15_21__kitchen_pan__87WSBJP3.mp4,DeepFakeDetection,FAKE,FAKE,0.999,Top REAL Evidence,lbp_hist_0_std,Texture (LBP & Gray),0.002307,-0.828083,Pushes REAL
Dataset\Video\DeepFakeDetection\15_21__kitchen_pan__87WSBJP3.mp4,DeepFakeDetection,FAKE,FAKE,0.999,Top REAL Evidence,s_hist_4_std,Color (HSV),0.018525,-0.6923,Pushes REAL
Dataset\Video\DeepFakeDetection\15_21__kitchen_pan__87WSBJP3.mp4,DeepFakeDetection,FAKE,FAKE,0.999,Top REAL Evidence,s_hist_1_std,Color (HSV),0.057037,-0.629809,Pushes REAL
Dataset\Video\DeepFakeDetection\15_21__kitchen_pan__87WSBJP3.mp4,DeepFakeDetection,FAKE,FAKE,0.999,Top REAL Evidence,v_hist_6_max,Color (HSV),0.355637,-0.58187,Pushes REAL
Dataset\Video\DeepFakeDetection\15_21__kitchen_pan__87WSBJP3.mp4,DeepFakeDetection,FAKE,FAKE,0.999,Top REAL Evidence,lbp_hist_5_min,Texture (LBP & Gray),0.178055,-0.552641,Pushes REAL
Dataset\Video\DeepFakeDetection\20_01__kitchen_still__FW94AIMJ.mp4,DeepFakeDetection,FAKE,FAKE,0.8359,Top FAKE Evidence,gray_mean_min,Texture (LBP & Gray),155.93187,0.593864,Pushes FAKE
Dataset\Video\DeepFakeDetection\20_01__kitchen_still__FW94AIMJ.mp4,DeepFakeDetection,FAKE,FAKE,0.8359,Top FAKE Evidence,v_mean_min,Color (HSV),167.44368,0.522134,Pushes FAKE
Dataset\Video\DeepFakeDetection\20_01__kitchen_still__FW94AIMJ.mp4,DeepFakeDetection,FAKE,FAKE,0.8359,Top FAKE Evidence,dct_low_energy_min,Frequency (DCT),3330641.25,0.450748,Pushes FAKE
Dataset\Video\DeepFakeDetection\20_01__kitchen_still__FW94AIMJ.mp4,DeepFakeDetection,FAKE,FAKE,0.8359,Top FAKE Evidence,h_std_mean,Color (HSV),37.647234,0.445122,Pushes FAKE
Dataset\Video\DeepFakeDetection\20_01__kitchen_still__FW94AIMJ.mp4,DeepFakeDetection,FAKE,FAKE,0.8359,Top FAKE Evidence,lbp_hist_0_std,Texture (LBP & Gray),0.000535,0.445018,Pushes FAKE
Dataset\Video\DeepFakeDetection\20_01__kitchen_still__FW94AIMJ.mp4,DeepFakeDetection,FAKE,FAKE,0.8359,Top FAKE Evidence,lbp_hist_6_min,Texture (LBP & Gray),0.041794,0.424193,Pushes FAKE
Dataset\Video\DeepFakeDetection\20_01__kitchen_still__FW94AIMJ.mp4,DeepFakeDetection,FAKE,FAKE,0.8359,Top FAKE Evidence,s_hist_6_min,Color (HSV),0.001846,0.40045,Pushes FAKE
Dataset\Video\DeepFakeDetection\20_01__kitchen_still__FW94AIMJ.mp4,DeepFakeDetection,FAKE,FAKE,0.8359,Top FAKE Evidence,s_hist_3_mean,Color (HSV),0.047093,0.361075,Pushes FAKE
Dataset\Video\DeepFakeDetection\20_01__kitchen_still__FW94AIMJ.mp4,DeepFakeDetection,FAKE,FAKE,0.8359,Top FAKE Evidence,s_hist_7_std,Color (HSV),0.00041,0.34438,Pushes FAKE
Dataset\Video\DeepFakeDetection\20_01__kitchen_still__FW94AIMJ.mp4,DeepFakeDetection,FAKE,FAKE,0.8359,Top FAKE Evidence,v_hist_6_mean,Color (HSV),0.229611,0.339957,Pushes FAKE
Dataset\Video\DeepFakeDetection\20_01__kitchen_still__FW94AIMJ.mp4,DeepFakeDetection,FAKE,FAKE,0.8359,Top REAL Evidence,h_hist_4_max,Color (HSV),0.619781,-0.607096,Pushes REAL
Dataset\Video\DeepFakeDetection\20_01__kitchen_still__FW94AIMJ.mp4,DeepFakeDetection,FAKE,FAKE,0.8359,Top REAL Evidence,s_std_mean,Color (HSV),36.760648,-0.547608,Pushes REAL
Dataset\Video\DeepFakeDetection\20_01__kitchen_still__FW94AIMJ.mp4,DeepFakeDetection,FAKE,FAKE,0.8359,Top REAL Evidence,v_hist_6_min,Color (HSV),0.215652,-0.541807,Pushes REAL
Dataset\Video\DeepFakeDetection\20_01__kitchen_still__FW94AIMJ.mp4,DeepFakeDetection,FAKE,FAKE,0.8359,Top REAL Evidence,v_hist_0_min,Color (HSV),0.01358,-0.512983,Pushes REAL
Dataset\Video\DeepFakeDetection\20_01__kitchen_still__FW94AIMJ.mp4,DeepFakeDetection,FAKE,FAKE,0.8359,Top REAL Evidence,glcm_dissimilarity_std,Texture (GLCM),0.034956,-0.508863,Pushes REAL
Dataset\Video\DeepFakeDetection\20_01__kitchen_still__FW94AIMJ.mp4,DeepFakeDetection,FAKE,FAKE,0.8359,Top REAL Evidence,s_std_max,Color (HSV),39.388931,-0.461515,Pushes REAL
Dataset\Video\DeepFakeDetection\20_01__kitchen_still__FW94AIMJ.mp4,DeepFakeDetection,FAKE,FAKE,0.8359,Top REAL Evidence,v_hist_2_min,Color (HSV),0.039383,-0.382627,Pushes REAL
Dataset\Video\DeepFakeDetection\20_01__kitchen_still__FW94AIMJ.mp4,DeepFakeDetection,FAKE,FAKE,0.8359,Top REAL Evidence,v_hist_1_min,Color (HSV),0.020615,-0.363773,Pushes REAL
Dataset\Video\DeepFakeDetection\20_01__kitchen_still__FW94AIMJ.mp4,DeepFakeDetection,FAKE,FAKE,0.8359,Top REAL Evidence,h_hist_7_std,Color (HSV),0.000813,-0.350202,Pushes REAL
Dataset\Video\DeepFakeDetection\20_01__kitchen_still__FW94AIMJ.mp4,DeepFakeDetection,FAKE,FAKE,0.8359,Top REAL Evidence,v_hist_0_mean,Color (HSV),0.014995,-0.346914,Pushes REAL
Dataset\Video\DeepFakeDetection\20_01__walking_and_outside_surprised__6UBMLXK3.mp4,DeepFakeDetection,FAKE,FAKE,0.973,Top FAKE Evidence,s_hist_5_std,Color (HSV),0.041161,1.116726,Pushes FAKE
Dataset\Video\DeepFakeDetection\20_01__walking_and_outside_surprised__6UBMLXK3.mp4,DeepFakeDetection,FAKE,FAKE,0.973,Top FAKE Evidence,lbp_hist_2_max,Texture (LBP & Gray),0.039673,1.081331,Pushes FAKE
Dataset\Video\DeepFakeDetection\20_01__walking_and_outside_surprised__6UBMLXK3.mp4,DeepFakeDetection,FAKE,FAKE,0.973,Top FAKE Evidence,lbp_hist_9_min,Texture (LBP & Gray),0.088318,0.828242,Pushes FAKE
Dataset\Video\DeepFakeDetection\20_01__walking_and_outside_surprised__6UBMLXK3.mp4,DeepFakeDetection,FAKE,FAKE,0.973,Top FAKE Evidence,s_hist_0_std,Color (HSV),0.060425,0.82241,Pushes FAKE
Dataset\Video\DeepFakeDetection\20_01__walking_and_outside_surprised__6UBMLXK3.mp4,DeepFakeDetection,FAKE,FAKE,0.973,Top FAKE Evidence,lbp_hist_3_std,Texture (LBP & Gray),0.005678,0.761877,Pushes FAKE
Dataset\Video\DeepFakeDetection\20_01__walking_and_outside_surprised__6UBMLXK3.mp4,DeepFakeDetection,FAKE,FAKE,0.973,Top FAKE Evidence,lbp_hist_4_std,Texture (LBP & Gray),0.018091,0.733897,Pushes FAKE
Dataset\Video\DeepFakeDetection\20_01__walking_and_outside_surprised__6UBMLXK3.mp4,DeepFakeDetection,FAKE,FAKE,0.973,Top FAKE Evidence,lbp_hist_9_mean,Texture (LBP & Gray),0.097238,0.716339,Pushes FAKE
Dataset\Video\DeepFakeDetection\20_01__walking_and_outside_surprised__6UBMLXK3.mp4,DeepFakeDetection,FAKE,FAKE,0.973,Top FAKE Evidence,glcm_dissimilarity_std,Texture (GLCM),0.191262,0.690222,Pushes FAKE
Dataset\Video\DeepFakeDetection\20_01__walking_and_outside_surprised__6UBMLXK3.mp4,DeepFakeDetection,FAKE,FAKE,0.973,Top FAKE Evidence,lbp_hist_1_std,Texture (LBP & Gray),0.003907,0.614936,Pushes FAKE
Dataset\Video\DeepFakeDetection\20_01__walking_and_outside_surprised__6UBMLXK3.mp4,DeepFakeDetection,FAKE,FAKE,0.973,Top FAKE Evidence,v_hist_5_std,Color (HSV),0.033174,0.588723,Pushes FAKE
Dataset\Video\DeepFakeDetection\20_01__walking_and_outside_surprised__6UBMLXK3.mp4,DeepFakeDetection,FAKE,FAKE,0.973,Top REAL Evidence,lbp_hist_0_std,Texture (LBP & Gray),0.002603,-1.041103,Pushes REAL
Dataset\Video\DeepFakeDetection\20_01__walking_and_outside_surprised__6UBMLXK3.mp4,DeepFakeDetection,FAKE,FAKE,0.973,Top REAL Evidence,lbp_hist_1_max,Texture (LBP & Gray),0.075439,-0.808172,Pushes REAL
Dataset\Video\DeepFakeDetection\20_01__walking_and_outside_surprised__6UBMLXK3.mp4,DeepFakeDetection,FAKE,FAKE,0.973,Top REAL Evidence,lbp_hist_5_min,Texture (LBP & Gray),0.169388,-0.722011,Pushes REAL
Dataset\Video\DeepFakeDetection\20_01__walking_and_outside_surprised__6UBMLXK3.mp4,DeepFakeDetection,FAKE,FAKE,0.973,Top REAL Evidence,s_hist_4_std,Color (HSV),0.01786,-0.655385,Pushes REAL
Dataset\Video\DeepFakeDetection\20_01__walking_and_outside_surprised__6UBMLXK3.mp4,DeepFakeDetection,FAKE,FAKE,0.973,Top REAL Evidence,lbp_hist_6_min,Texture (LBP & Gray),0.059128,-0.648566,Pushes REAL
Dataset\Video\DeepFakeDetection\20_01__walking_and_outside_surprised__6UBMLXK3.mp4,DeepFakeDetection,FAKE,FAKE,0.973,Top REAL Evidence,h_hist_2_std,Color (HSV),0.02238,-0.627508,Pushes REAL
Dataset\Video\DeepFakeDetection\20_01__walking_and_outside_surprised__6UBMLXK3.mp4,DeepFakeDetection,FAKE,FAKE,0.973,Top REAL Evidence,lbp_hist_6_max,Texture (LBP & Gray),0.067307,-0.596348,Pushes REAL
Dataset\Video\DeepFakeDetection\20_01__walking_and_outside_surprised__6UBMLXK3.mp4,DeepFakeDetection,FAKE,FAKE,0.973,Top REAL Evidence,lbp_hist_2_std,Texture (LBP & Gray),0.002392,-0.547455,Pushes REAL
Dataset\Video\DeepFakeDetection\20_01__walking_and_outside_surprised__6UBMLXK3.mp4,DeepFakeDetection,FAKE,FAKE,0.973,Top REAL Evidence,h_mean_std,Color (HSV),4.857436,-0.503634,Pushes REAL
Dataset\Video\DeepFakeDetection\20_01__walking_and_outside_surprised__6UBMLXK3.mp4,DeepFakeDetection,FAKE,FAKE,0.973,Top REAL Evidence,v_mean_min,Color (HSV),74.361343,-0.411355,Pushes REAL
Dataset\Video\DeepFakeDetection\22_19__walk_down_hall_angry__VK6BF5NV.mp4,DeepFakeDetection,FAKE,FAKE,0.9956,Top FAKE Evidence,lbp_hist_4_std,Texture (LBP & Gray),0.025011,1.197724,Pushes FAKE
Dataset\Video\DeepFakeDetection\22_19__walk_down_hall_angry__VK6BF5NV.mp4,DeepFakeDetection,FAKE,FAKE,0.9956,Top FAKE Evidence,v_hist_5_std,Color (HSV),0.051074,1.020347,Pushes FAKE
Dataset\Video\DeepFakeDetection\22_19__walk_down_hall_angry__VK6BF5NV.mp4,DeepFakeDetection,FAKE,FAKE,0.9956,Top FAKE Evidence,s_hist_0_std,Color (HSV),0.058843,0.790595,Pushes FAKE
Dataset\Video\DeepFakeDetection\22_19__walk_down_hall_angry__VK6BF5NV.mp4,DeepFakeDetection,FAKE,FAKE,0.9956,Top FAKE Evidence,lbp_hist_6_std,Texture (LBP & Gray),0.00324,0.64376,Pushes FAKE
Dataset\Video\DeepFakeDetection\22_19__walk_down_hall_angry__VK6BF5NV.mp4,DeepFakeDetection,FAKE,FAKE,0.9956,Top FAKE Evidence,v_hist_5_mean,Color (HSV),0.369884,0.593254,Pushes FAKE
Dataset\Video\DeepFakeDetection\22_19__walk_down_hall_angry__VK6BF5NV.mp4,DeepFakeDetection,FAKE,FAKE,0.9956,Top FAKE Evidence,lbp_hist_1_std,Texture (LBP & Gray),0.003819,0.581024,Pushes FAKE
Dataset\Video\DeepFakeDetection\22_19__walk_down_hall_angry__VK6BF5NV.mp4,DeepFakeDetection,FAKE,FAKE,0.9956,Top FAKE Evidence,lbp_hist_9_mean,Texture (LBP & Gray),0.090541,0.560143,Pushes FAKE
Dataset\Video\DeepFakeDetection\22_19__walk_down_hall_angry__VK6BF5NV.mp4,DeepFakeDetection,FAKE,FAKE,0.9956,Top FAKE Evidence,v_hist_5_max,Color (HSV),0.419357,0.556784,Pushes FAKE
Dataset\Video\DeepFakeDetection\22_19__walk_down_hall_angry__VK6BF5NV.mp4,DeepFakeDetection,FAKE,FAKE,0.9956,Top FAKE Evidence,lbp_hist_5_std,Texture (LBP & Gray),0.013281,0.555633,Pushes FAKE
Dataset\Video\DeepFakeDetection\22_19__walk_down_hall_angry__VK6BF5NV.mp4,DeepFakeDetection,FAKE,FAKE,0.9956,Top FAKE Evidence,s_std_mean,Color (HSV),89.526927,0.537716,Pushes FAKE
Dataset\Video\DeepFakeDetection\22_19__walk_down_hall_angry__VK6BF5NV.mp4,DeepFakeDetection,FAKE,FAKE,0.9956,Top REAL Evidence,lbp_hist_7_std,Texture (LBP & Gray),0.006269,-1.647949,Pushes REAL
Dataset\Video\DeepFakeDetection\22_19__walk_down_hall_angry__VK6BF5NV.mp4,DeepFakeDetection,FAKE,FAKE,0.9956,Top REAL Evidence,lbp_hist_0_std,Texture (LBP & Gray),0.002516,-0.978242,Pushes REAL
Dataset\Video\DeepFakeDetection\22_19__walk_down_hall_angry__VK6BF5NV.mp4,DeepFakeDetection,FAKE,FAKE,0.9956,Top REAL Evidence,v_hist_0_min,Color (HSV),0.002106,-0.561577,Pushes REAL
Dataset\Video\DeepFakeDetection\22_19__walk_down_hall_angry__VK6BF5NV.mp4,DeepFakeDetection,FAKE,FAKE,0.9956,Top REAL Evidence,lbp_hist_2_std,Texture (LBP & Gray),0.002291,-0.503217,Pushes REAL
Dataset\Video\DeepFakeDetection\22_19__walk_down_hall_angry__VK6BF5NV.mp4,DeepFakeDetection,FAKE,FAKE,0.9956,Top REAL Evidence,v_hist_3_std,Color (HSV),0.042085,-0.498696,Pushes REAL
Dataset\Video\DeepFakeDetection\22_19__walk_down_hall_angry__VK6BF5NV.mp4,DeepFakeDetection,FAKE,FAKE,0.9956,Top REAL Evidence,v_hist_2_min,Color (HSV),0.025192,-0.46708,Pushes REAL
Dataset\Video\DeepFakeDetection\22_19__walk_down_hall_angry__VK6BF5NV.mp4,DeepFakeDetection,FAKE,FAKE,0.9956,Top REAL Evidence,v_hist_4_mean,Color (HSV),0.25002,-0.445587,Pushes REAL
Dataset\Video\DeepFakeDetection\22_19__walk_down_hall_angry__VK6BF5NV.mp4,DeepFakeDetection,FAKE,FAKE,0.9956,Top REAL Evidence,v_hist_1_min,Color (HSV),0.003677,-0.428494,Pushes REAL
Dataset\Video\DeepFakeDetection\22_19__walk_down_hall_angry__VK6BF5NV.mp4,DeepFakeDetection,FAKE,FAKE,0.9956,Top REAL Evidence,v_std_min,Color (HSV),35.139416,-0.403225,Pushes REAL
Dataset\Video\DeepFakeDetection\22_19__walk_down_hall_angry__VK6BF5NV.mp4,DeepFakeDetection,FAKE,FAKE,0.9956,Top REAL Evidence,lbp_hist_5_mean,Texture (LBP & Gray),0.242528,-0.401331,Pushes REAL
Dataset\Video\DeepFakeDetection\22_23__kitchen_pan__TU7RHG0S.mp4,DeepFakeDetection,FAKE,FAKE,0.9984,Top FAKE Evidence,lbp_hist_1_std,Texture (LBP & Gray),0.010213,3.061139,Pushes FAKE
Dataset\Video\DeepFakeDetection\22_23__kitchen_pan__TU7RHG0S.mp4,DeepFakeDetection,FAKE,FAKE,0.9984,Top FAKE Evidence,glcm_dissimilarity_std,Texture (GLCM),0.418291,2.431849,Pushes FAKE
Dataset\Video\DeepFakeDetection\22_23__kitchen_pan__TU7RHG0S.mp4,DeepFakeDetection,FAKE,FAKE,0.9984,Top FAKE Evidence,s_std_std,Color (HSV),13.643513,2.239426,Pushes FAKE
Dataset\Video\DeepFakeDetection\22_23__kitchen_pan__TU7RHG0S.mp4,DeepFakeDetection,FAKE,FAKE,0.9984,Top FAKE Evidence,edge_density_std,Edge (Canny),0.026605,1.359435,Pushes FAKE
Dataset\Video\DeepFakeDetection\22_23__kitchen_pan__TU7RHG0S.mp4,DeepFakeDetection,FAKE,FAKE,0.9984,Top FAKE Evidence,edge_mean_std,Edge (Canny),6.784288,1.359435,Pushes FAKE
Dataset\Video\DeepFakeDetection\22_23__kitchen_pan__TU7RHG0S.mp4,DeepFakeDetection,FAKE,FAKE,0.9984,Top FAKE Evidence,v_hist_6_std,Color (HSV),0.032164,1.266148,Pushes FAKE
Dataset\Video\DeepFakeDetection\22_23__kitchen_pan__TU7RHG0S.mp4,DeepFakeDetection,FAKE,FAKE,0.9984,Top FAKE Evidence,v_hist_4_std,Color (HSV),0.068188,1.079417,Pushes FAKE
Dataset\Video\DeepFakeDetection\22_23__kitchen_pan__TU7RHG0S.mp4,DeepFakeDetection,FAKE,FAKE,0.9984,Top FAKE Evidence,s_hist_0_std,Color (HSV),0.058027,0.774201,Pushes FAKE
Dataset\Video\DeepFakeDetection\22_23__kitchen_pan__TU7RHG0S.mp4,DeepFakeDetection,FAKE,FAKE,0.9984,Top FAKE Evidence,lbp_hist_4_std,Texture (LBP & Gray),0.0157,0.573568,Pushes FAKE
Dataset\Video\DeepFakeDetection\22_23__kitchen_pan__TU7RHG0S.mp4,DeepFakeDetection,FAKE,FAKE,0.9984,Top FAKE Evidence,lbp_hist_6_std,Texture (LBP & Gray),0.002991,0.536323,Pushes FAKE
Dataset\Video\DeepFakeDetection\22_23__kitchen_pan__TU7RHG0S.mp4,DeepFakeDetection,FAKE,FAKE,0.9984,Top REAL Evidence,lbp_hist_7_std,Texture (LBP & Gray),0.006285,-1.654397,Pushes REAL
Dataset\Video\DeepFakeDetection\22_23__kitchen_pan__TU7RHG0S.mp4,DeepFakeDetection,FAKE,FAKE,0.9984,Top REAL Evidence,lbp_hist_2_std,Texture (LBP & Gray),0.003565,-1.058443,Pushes REAL
Dataset\Video\DeepFakeDetection\22_23__kitchen_pan__TU7RHG0S.mp4,DeepFakeDetection,FAKE,FAKE,0.9984,Top REAL Evidence,edge_std_std,Edge (Canny),8.945663,-0.900879,Pushes REAL
Dataset\Video\DeepFakeDetection\22_23__kitchen_pan__TU7RHG0S.mp4,DeepFakeDetection,FAKE,FAKE,0.9984,Top REAL Evidence,s_hist_7_std,Color (HSV),0.03556,-0.856516,Pushes REAL
Dataset\Video\DeepFakeDetection\22_23__kitchen_pan__TU7RHG0S.mp4,DeepFakeDetection,FAKE,FAKE,0.9984,Top REAL Evidence,glcm_correlation_std,Texture (GLCM),0.013037,-0.794775,Pushes REAL
Dataset\Video\DeepFakeDetection\22_23__kitchen_pan__TU7RHG0S.mp4,DeepFakeDetection,FAKE,FAKE,0.9984,Top REAL Evidence,s_hist_1_std,Color (HSV),0.065843,-0.75418,Pushes REAL
Dataset\Video\DeepFakeDetection\22_23__kitchen_pan__TU7RHG0S.mp4,DeepFakeDetection,FAKE,FAKE,0.9984,Top REAL Evidence,h_mean_std,Color (HSV),6.113202,-0.72848,Pushes REAL
Dataset\Video\DeepFakeDetection\22_23__kitchen_pan__TU7RHG0S.mp4,DeepFakeDetection,FAKE,FAKE,0.9984,Top REAL Evidence,lbp_hist_1_max,Texture (LBP & Gray),0.069244,-0.606048,Pushes REAL
Dataset\Video\DeepFakeDetection\22_23__kitchen_pan__TU7RHG0S.mp4,DeepFakeDetection,FAKE,FAKE,0.9984,Top REAL Evidence,s_hist_4_std,Color (HSV),0.016874,-0.600586,Pushes REAL
Dataset\Video\DeepFakeDetection\22_23__kitchen_pan__TU7RHG0S.mp4,DeepFakeDetection,FAKE,FAKE,0.9984,Top REAL Evidence,lbp_hist_5_min,Texture (LBP & Gray),0.178558,-0.542801,Pushes REAL
Dataset\Video\DeepFakeDetection\26_25__outside_talking_pan_laughing__157Z8P8P.mp4,DeepFakeDetection,FAKE,FAKE,1.0,Top FAKE Evidence,lbp_hist_3_std,Texture (LBP & Gray),0.01744,3.769757,Pushes FAKE
Dataset\Video\DeepFakeDetection\26_25__outside_talking_pan_laughing__157Z8P8P.mp4,DeepFakeDetection,FAKE,FAKE,1.0,Top FAKE Evidence,glcm_dissimilarity_std,Texture (GLCM),0.545822,3.410189,Pushes FAKE
Dataset\Video\DeepFakeDetection\26_25__outside_talking_pan_laughing__157Z8P8P.mp4,DeepFakeDetection,FAKE,FAKE,1.0,Top FAKE Evidence,lbp_hist_6_min,Texture (LBP & Gray),0.012344,2.24675,Pushes FAKE
Dataset\Video\DeepFakeDetection\26_25__outside_talking_pan_laughing__157Z8P8P.mp4,DeepFakeDetection,FAKE,FAKE,1.0,Top FAKE Evidence,lbp_hist_4_std,Texture (LBP & Gray),0.036236,1.950192,Pushes FAKE
Dataset\Video\DeepFakeDetection\26_25__outside_talking_pan_laughing__157Z8P8P.mp4,DeepFakeDetection,FAKE,FAKE,1.0,Top FAKE Evidence,lbp_hist_6_std,Texture (LBP & Gray),0.005093,1.44595,Pushes FAKE
Dataset\Video\DeepFakeDetection\26_25__outside_talking_pan_laughing__157Z8P8P.mp4,DeepFakeDetection,FAKE,FAKE,1.0,Top FAKE Evidence,lbp_hist_5_std,Texture (LBP & Gray),0.019084,1.127081,Pushes FAKE
Dataset\Video\DeepFakeDetection\26_25__outside_talking_pan_laughing__157Z8P8P.mp4,DeepFakeDetection,FAKE,FAKE,1.0,Top FAKE Evidence,glcm_dissimilarity_max,Texture (GLCM),6.004132,1.119088,Pushes FAKE
Dataset\Video\DeepFakeDetection\26_25__outside_talking_pan_laughing__157Z8P8P.mp4,DeepFakeDetection,FAKE,FAKE,1.0,Top FAKE Evidence,lbp_hist_3_max,Texture (LBP & Gray),0.137543,1.117495,Pushes FAKE
Dataset\Video\DeepFakeDetection\26_25__outside_talking_pan_laughing__157Z8P8P.mp4,DeepFakeDetection,FAKE,FAKE,1.0,Top FAKE Evidence,lbp_hist_6_max,Texture (LBP & Gray),0.031876,1.06866,Pushes FAKE
Dataset\Video\DeepFakeDetection\26_25__outside_talking_pan_laughing__157Z8P8P.mp4,DeepFakeDetection,FAKE,FAKE,1.0,Top FAKE Evidence,v_hist_6_std,Color (HSV),0.026012,0.960231,Pushes FAKE
Dataset\Video\DeepFakeDetection\26_25__outside_talking_pan_laughing__157Z8P8P.mp4,DeepFakeDetection,FAKE,FAKE,1.0,Top REAL Evidence,dct_mid_energy_std,Frequency (DCT),1966.326631,-2.312746,Pushes REAL
Dataset\Video\DeepFakeDetection\26_25__outside_talking_pan_laughing__157Z8P8P.mp4,DeepFakeDetection,FAKE,FAKE,1.0,Top REAL Evidence,lbp_hist_7_std,Texture (LBP & Gray),0.006936,-1.917366,Pushes REAL
Dataset\Video\DeepFakeDetection\26_25__outside_talking_pan_laughing__157Z8P8P.mp4,DeepFakeDetection,FAKE,FAKE,1.0,Top REAL Evidence,edge_std_mean,Edge (Canny),107.910574,-1.337301,Pushes REAL
Dataset\Video\DeepFakeDetection\26_25__outside_talking_pan_laughing__157Z8P8P.mp4,DeepFakeDetection,FAKE,FAKE,1.0,Top REAL Evidence,dct_mid_energy_max,Frequency (DCT),13941.546875,-1.130222,Pushes REAL
Dataset\Video\DeepFakeDetection\26_25__outside_talking_pan_laughing__157Z8P8P.mp4,DeepFakeDetection,FAKE,FAKE,1.0,Top REAL Evidence,glcm_homogeneity_mean,Texture (GLCM),0.32655,-0.887052,Pushes REAL
Dataset\Video\DeepFakeDetection\26_25__outside_talking_pan_laughing__157Z8P8P.mp4,DeepFakeDetection,FAKE,FAKE,1.0,Top REAL Evidence,s_std_mean,Color (HSV),20.379264,-0.884549,Pushes REAL
Dataset\Video\DeepFakeDetection\26_25__outside_talking_pan_laughing__157Z8P8P.mp4,DeepFakeDetection,FAKE,FAKE,1.0,Top REAL Evidence,glcm_correlation_std,Texture (GLCM),0.013019,-0.793162,Pushes REAL
Dataset\Video\DeepFakeDetection\26_25__outside_talking_pan_laughing__157Z8P8P.mp4,DeepFakeDetection,FAKE,FAKE,1.0,Top REAL Evidence,lbp_hist_0_std,Texture (LBP & Gray),0.002246,-0.784585,Pushes REAL
Dataset\Video\DeepFakeDetection\26_25__outside_talking_pan_laughing__157Z8P8P.mp4,DeepFakeDetection,FAKE,FAKE,1.0,Top REAL Evidence,lbp_hist_1_max,Texture (LBP & Gray),0.07402,-0.761873,Pushes REAL
Dataset\Video\DeepFakeDetection\26_25__outside_talking_pan_laughing__157Z8P8P.mp4,DeepFakeDetection,FAKE,FAKE,1.0,Top REAL Evidence,s_std_max,Color (HSV),22.56294,-0.755633,Pushes REAL
Dataset\Video\DeepFakeDetection\26_25__walking_outside_cafe_disgusted__0UFFR3U1.mp4,DeepFakeDetection,FAKE,FAKE,0.9999,Top FAKE Evidence,s_std_std,Color (HSV),12.073616,1.93923,Pushes FAKE
Dataset\Video\DeepFakeDetection\26_25__walking_outside_cafe_disgusted__0UFFR3U1.mp4,DeepFakeDetection,FAKE,FAKE,0.9999,Top FAKE Evidence,lbp_hist_4_std,Texture (LBP & Gray),0.02768,1.376639,Pushes FAKE
Dataset\Video\DeepFakeDetection\26_25__walking_outside_cafe_disgusted__0UFFR3U1.mp4,DeepFakeDetection,FAKE,FAKE,0.9999,Top FAKE Evidence,s_mean_std,Color (HSV),17.713712,0.989825,Pushes FAKE
Dataset\Video\DeepFakeDetection\26_25__walking_outside_cafe_disgusted__0UFFR3U1.mp4,DeepFakeDetection,FAKE,FAKE,0.9999,Top FAKE Evidence,lbp_hist_9_min,Texture (LBP & Gray),0.093292,0.974359,Pushes FAKE
Dataset\Video\DeepFakeDetection\26_25__walking_outside_cafe_disgusted__0UFFR3U1.mp4,DeepFakeDetection,FAKE,FAKE,0.9999,Top FAKE Evidence,h_std_mean,Color (HSV),26.364951,0.930349,Pushes FAKE
Dataset\Video\DeepFakeDetection\26_25__walking_outside_cafe_disgusted__0UFFR3U1.mp4,DeepFakeDetection,FAKE,FAKE,0.9999,Top FAKE Evidence,s_hist_0_std,Color (HSV),0.059581,0.805444,Pushes FAKE
Dataset\Video\DeepFakeDetection\26_25__walking_outside_cafe_disgusted__0UFFR3U1.mp4,DeepFakeDetection,FAKE,FAKE,0.9999,Top FAKE Evidence,lbp_hist_9_mean,Texture (LBP & Gray),0.100072,0.782426,Pushes FAKE
Dataset\Video\DeepFakeDetection\26_25__walking_outside_cafe_disgusted__0UFFR3U1.mp4,DeepFakeDetection,FAKE,FAKE,0.9999,Top FAKE Evidence,lbp_hist_3_std,Texture (LBP & Gray),0.005574,0.735389,Pushes FAKE
Dataset\Video\DeepFakeDetection\26_25__walking_outside_cafe_disgusted__0UFFR3U1.mp4,DeepFakeDetection,FAKE,FAKE,0.9999,Top FAKE Evidence,v_hist_6_std,Color (HSV),0.021345,0.728138,Pushes FAKE
Dataset\Video\DeepFakeDetection\26_25__walking_outside_cafe_disgusted__0UFFR3U1.mp4,DeepFakeDetection,FAKE,FAKE,0.9999,Top FAKE Evidence,s_std_mean,Color (HSV),95.284163,0.656134,Pushes FAKE
Dataset\Video\DeepFakeDetection\26_25__walking_outside_cafe_disgusted__0UFFR3U1.mp4,DeepFakeDetection,FAKE,FAKE,0.9999,Top REAL Evidence,s_hist_7_std,Color (HSV),0.071188,-2.073735,Pushes REAL
Dataset\Video\DeepFakeDetection\26_25__walking_outside_cafe_disgusted__0UFFR3U1.mp4,DeepFakeDetection,FAKE,FAKE,0.9999,Top REAL Evidence,h_hist_6_std,Color (HSV),0.020484,-0.74397,Pushes REAL
Dataset\Video\DeepFakeDetection\26_25__walking_outside_cafe_disgusted__0UFFR3U1.mp4,DeepFakeDetection,FAKE,FAKE,0.9999,Top REAL Evidence,lbp_hist_0_std,Texture (LBP & Gray),0.002084,-0.668418,Pushes REAL
Dataset\Video\DeepFakeDetection\26_25__walking_outside_cafe_disgusted__0UFFR3U1.mp4,DeepFakeDetection,FAKE,FAKE,0.9999,Top REAL Evidence,lbp_hist_0_mean,Texture (LBP & Gray),0.034723,-0.610669,Pushes REAL
Dataset\Video\DeepFakeDetection\26_25__walking_outside_cafe_disgusted__0UFFR3U1.mp4,DeepFakeDetection,FAKE,FAKE,0.9999,Top REAL Evidence,h_hist_4_max,Color (HSV),0.608795,-0.587357,Pushes REAL
Dataset\Video\DeepFakeDetection\26_25__walking_outside_cafe_disgusted__0UFFR3U1.mp4,DeepFakeDetection,FAKE,FAKE,0.9999,Top REAL Evidence,lbp_hist_1_max,Texture (LBP & Gray),0.067841,-0.560247,Pushes REAL
Dataset\Video\DeepFakeDetection\26_25__walking_outside_cafe_disgusted__0UFFR3U1.mp4,DeepFakeDetection,FAKE,FAKE,0.9999,Top REAL Evidence,lbp_hist_5_min,Texture (LBP & Gray),0.182495,-0.465869,Pushes REAL
Dataset\Video\DeepFakeDetection\26_25__walking_outside_cafe_disgusted__0UFFR3U1.mp4,DeepFakeDetection,FAKE,FAKE,0.9999,Top REAL Evidence,s_hist_7_max,Color (HSV),0.288315,-0.414419,Pushes REAL
Dataset\Video\DeepFakeDetection\26_25__walking_outside_cafe_disgusted__0UFFR3U1.mp4,DeepFakeDetection,FAKE,FAKE,0.9999,Top REAL Evidence,glcm_energy_std,Texture (GLCM),0.024042,-0.369873,Pushes REAL
Dataset\Video\DeepFakeDetection\26_25__walking_outside_cafe_disgusted__0UFFR3U1.mp4,DeepFakeDetection,FAKE,FAKE,0.9999,Top REAL Evidence,glcm_correlation_max,Texture (GLCM),0.970327,-0.366716,Pushes REAL
